	group	names	scores	logfoldchanges	pvals	pvals_adj
0	CD14+ Mono	LYZ	25.04608	4.9168153	1.9262668526736953e-138	2.2652898187442657e-135
1	CD14+ Mono	S100A8	25.015516	5.6274104	4.144756812269206e-138	2.4371170056142934e-135
2	CD14+ Mono	S100A9	24.857407	5.3550215	2.1505104039738027e-136	8.430000783577308e-134
3	CD14+ Mono	VCAN	24.819672	4.8718424	5.498627840984805e-136	1.6165965852495327e-133
4	CD14+ Mono	FOS	24.534014	3.503523	6.406942388189874e-133	1.5069128497022581e-130
5	CD14+ Mono	CD14	24.508387	5.2382107	1.2023025911836291e-132	2.3565130787199133e-130
6	CD14+ Mono	MNDA	24.451727	3.7230823	4.8240413520773114e-132	8.104389471489884e-130
7	CD14+ Mono	FCN1	23.61768	3.4989114	2.5370227682381596e-123	3.7294234693100946e-121
8	CD14+ Mono	CSF3R	23.40855	3.5376866	3.4971640970089675e-121	4.569627753425051e-119
9	CD14+ Mono	MS4A6A	23.036375	4.146469	2.0146210966189666e-117	2.3691944096239046e-115
10	CD14+ Mono	CD36	22.100996	3.4471886	3.091666622963094e-108	3.3052726805496347e-106
11	CD14+ Mono	PLBD1	21.364285	3.536989	2.872159902209284e-101	2.814716704165099e-99
12	CD14+ Mono	S100A12	21.168322	5.8873816	1.870996465797047e-99	1.6925321875210212e-97
13	CD14+ Mono	CEBPD	21.038895	2.6663156	2.8903288916137844e-98	2.427876268955579e-96
14	CD14+ Mono	MEGF9	19.55783	2.4755843	3.538106144645939e-85	2.773875217402416e-83
15	CD14+ Mono	RGS2	18.584013	2.5677588	4.328929445632294e-77	3.181763142539736e-75
16	CD14+ Mono	CPVL	18.50631	2.529535	1.8366087260615516e-76	1.2705010952049321e-74
17	CD14+ Mono	IER2	17.543894	1.8397522	6.622976279874355e-69	3.894310052566121e-67
18	CD14+ Mono	MCL1	16.780968	1.3777337	3.363109931455107e-63	1.7977351269960028e-61
19	CD14+ Mono	NRGN	16.120079	2.4850147	1.843751461421979e-58	9.427181385357596e-57
20	CD14+ Mono	CYP1B1	15.892376	4.7015166	7.156274456735002e-57	3.3663115044481455e-55
21	CD14+ Mono	RHOB	14.7442255	2.2887902	3.3514476729460717e-49	1.4597416531054e-47
22	CD14+ Mono	JUN	14.634194	1.5191671	1.699770721903353e-48	6.892863341235666e-47
23	CD14+ Mono	FOSB	14.584939	1.947858	3.5023378355147964e-48	1.3729164315218001e-46
24	CD14+ Mono	EGR1	14.387448	3.367399	6.204306058231514e-47	2.3536335240258904e-45
25	CD14+ Mono	PLXDC2	14.351477	1.8475759	1.0429258865492634e-46	3.832752633068543e-45
26	CD14+ Mono	PLAUR	14.323264	1.9277012	1.5659290148907632e-46	5.5804015803379923e-45
27	CD14+ Mono	F13A1	14.231571	3.252293	5.835546629487595e-46	2.0184125989051212e-44
28	CD14+ Mono	IRS2	13.655557	2.1769533	1.8705518952373423e-42	5.945321699457066e-41
29	CD14+ Mono	DPYD	13.482164	1.5785199	1.9917791215337625e-41	6.164032228746591e-40
30	CD14+ Mono	RBM47	13.413278	1.9270872	5.055440324975428e-41	1.5244096979925907e-39
31	CD14+ Mono	IL1RN	13.074134	3.1123235	4.6280623856637595e-39	1.3274637476928248e-37
32	CD14+ Mono	DUSP6	13.031932	2.0554814	8.054231991708673e-39	2.2551849576784284e-37
33	CD14+ Mono	C5AR1	12.7076	1.9899393	5.3656026958210995e-37	1.4674299465780495e-35
34	CD14+ Mono	HLA-DRB1	12.665163	1.6505014	9.222866513522076e-37	2.4650206863413547e-35
35	CD14+ Mono	ZFP36L1	12.215283	1.2486728	2.5760244466790848e-34	6.58566249846653e-33
36	CD14+ Mono	HMGB2	12.085856	1.4318943	1.2545631017008458e-33	3.0736795991670723e-32
37	CD14+ Mono	AOAH	11.976531	1.3442184	4.716500152888021e-33	1.1093208359592625e-31
38	CD14+ Mono	PADI4	11.767402	3.440212	5.746701088830706e-32	1.2996385539355597e-30
39	CD14+ Mono	ACTN1	11.694048	1.8078161	1.3671102218621317e-31	2.9772622609441976e-30
40	CD14+ Mono	SELL	11.466581	1.4853905	1.9418024014968846e-30	4.006244954667257e-29
41	CD14+ Mono	HLA-DRA	11.412389	1.9527993	3.6263181358090645e-30	7.228051063917729e-29
42	CD14+ Mono	APOBEC3A	11.2130165	1.5650811	3.5198745727800207e-29	6.785856553425089e-28
43	CD14+ Mono	ACSL1	11.1115675	2.0777783	1.1020743564197851e-28	2.0572054653169324e-27
44	CD14+ Mono	CMIP	11.107218	1.1663891	1.1570803896190943e-28	2.126135215925086e-27
45	CD14+ Mono	CST3	10.9966	1.6868962	3.9681349084924263e-28	7.070494927859233e-27
46	CD14+ Mono	NFKBIA	10.777832	1.2667081	4.380911809206739e-27	7.359931839467322e-26
47	CD14+ Mono	MIR23AHG	10.33818	1.7041578	4.73447309837083e-25	7.523973464437969e-24
48	CD14+ Mono	CD74	10.262004	1.4687881	1.0451473292598541e-24	1.6172279726441953e-23
49	CD14+ Mono	APP	10.188416	1.0408967	2.2337569181724523e-24	3.367818122783082e-23
50	CD14+ Mono	PID1	9.946254	2.0716858	2.6185554661898197e-23	3.755391741755156e-22
51	CD14+ Mono	ARHGAP26	9.880188	1.2384604	5.0737442544329563e-23	7.188823184594165e-22
52	CD14+ Mono	TEX14	9.609696	1.3173118	7.276324732131682e-22	9.949951029054486e-21
53	CD14+ Mono	KIF13A	8.9036665	1.6012856	5.403171079442773e-19	6.759711903643299e-18
54	CD14+ Mono	SLC2A3	8.894614	1.3453994	5.862235484293463e-19	7.256830452135907e-18
55	CD14+ Mono	CATIP	8.487407	2.5849822	2.1129834911783894e-17	2.4602659263621646e-16
56	CD14+ Mono	SLC22A15	8.430982	2.0393426	3.427787501148257e-17	3.8760366359137985e-16
57	CD14+ Mono	SOCS3	8.378317	2.1592789	5.3689888037361866e-17	5.956538521880901e-16
58	CD14+ Mono	PLCB1	8.091955	1.4282335	5.871452923540874e-16	5.952438481106955e-15
59	CD14+ Mono	ENSG00000302489	8.061156	1.0914291	7.55763232881166e-16	7.596389417677362e-15
60	CD14+ Mono	MARCKS	7.943014	1.0273513	1.973265225014419e-15	1.9178181029892205e-14
61	CD14+ Mono	RGS18	7.895405	0.99586284	2.8937478143202028e-15	2.744393088419805e-14
62	CD14+ Mono	ENSG00000290039	7.734003	1.0387243	1.0421668300597579e-14	9.42760147807904e-14
63	CD14+ Mono	HBEGF	7.5688396	3.1405694	3.765735352632702e-14	3.30485430947467e-13
64	CD14+ Mono	GAB2	7.4611597	0.9770747	8.576417959528287e-14	7.361947095186326e-13
65	CD14+ Mono	SPIDR	7.4414105	0.99269146	9.961573329368004e-14	8.488141041153383e-13
66	CD14+ Mono	TRPS1	7.360886	1.3473413	1.8269339800671426e-13	1.5237406812474893e-12
67	CD14+ Mono	CCDC88A	7.347132	0.9675993	2.0250445050585988e-13	1.6653512852789596e-12
68	CD14+ Mono	MAFB	7.3433704	0.96418965	2.082808541777573e-13	1.7009603091183514e-12
69	CD14+ Mono	AIF1	7.2930574	1.7077706	3.029989676421991e-13	2.407613418562339e-12
70	CD14+ Mono	STEAP4	7.230636	7.7456913	4.80736780801818e-13	3.768976361486253e-12
71	CD14+ Mono	BTG2	7.224641	0.8660472	5.024277586250327e-13	3.912947312205553e-12
72	CD14+ Mono	SLC49A4	7.0930977	1.6462033	1.3114268230514133e-12	9.949922218764271e-12
73	CD14+ Mono	CCL3	6.904306	2.1500704	5.044947831583194e-12	3.7080366562136474e-11
74	CD14+ Mono	ZSWIM6	6.8479977	0.88332784	7.489087684752297e-12	5.470290134949503e-11
75	CD14+ Mono	SLC40A1	6.778288	1.7676927	1.2160833425318412e-11	8.720207383033204e-11
76	CD14+ Mono	HLA-DQB1	6.6816583	0.68622875	2.362531934079089e-11	1.6636751823215622e-10
77	CD14+ Mono	DIAPH2	6.409168	0.91388506	1.4631591649999362e-10	9.776563511590484e-10
78	CD14+ Mono	FRMD4B	6.373314	1.5351728	1.849866276296913e-10	1.2221588432163874e-09
79	CD14+ Mono	ADM	6.3505087	3.2456465	2.1460438813871748e-10	1.4099148628554846e-09
80	CD14+ Mono	ARHGAP24	6.3345213	1.3923372	2.3807956718014224e-10	1.555453172243596e-09
81	CD14+ Mono	MAML3	6.237539	1.1823862	4.445084000142277e-10	2.840988469656151e-09
82	CD14+ Mono	ZEB2	6.1998043	0.73148423	5.653348501812273e-10	3.5552608760060066e-09
83	CD14+ Mono	RPH3A	6.09953	1.7527969	1.0638050398616825e-09	6.4155627019350705e-09
84	CD14+ Mono	GPR141	6.0734334	0.9099938	1.2520392274961975e-09	7.512235364977186e-09
85	CD14+ Mono	DENND1A	6.047924	0.9868465	1.4672397343304638e-09	8.758750901383886e-09
86	CD14+ Mono	TPM4	5.970221	0.5475051	2.369325604431971e-09	1.3395802455826912e-08
87	CD14+ Mono	LUCAT1	5.890637	2.3072138	3.847103152663738e-09	2.1340534469493186e-08
88	CD14+ Mono	ATG7	5.834093	0.7174472	5.408387272697569e-09	2.958262061717368e-08
89	CD14+ Mono	NAMPT	5.8284507	0.7168791	5.594433757418717e-09	3.045858379039079e-08
90	CD14+ Mono	CXCL8	5.8076434	3.706404	6.335821804220781e-09	3.417856165946623e-08
91	CD14+ Mono	FAM13A	5.6175585	1.4899337	1.9367454562018857e-08	9.902663723884424e-08
92	CD14+ Mono	CDKN1A	5.56607	1.1037991	2.6054882844299515e-08	1.3150447306822417e-07
93	CD14+ Mono	HSPA5	5.27865	0.5706331	1.3013908042714566e-07	5.978264007122004e-07
94	CD14+ Mono	PELI1	5.1988306	0.8102532	2.0054597346793055e-07	9.141165302259161e-07
95	CD14+ Mono	IRF8	5.088565	0.15023753	3.6078305680033173e-07	1.601059904895057e-06
96	CD14+ Mono	SIRPD	4.9302197	1.276427	8.2137216180055e-07	3.512486044645261e-06
97	CD14+ Mono	PECAM1	4.8345304	0.6851502	1.3346018246973147e-06	5.605327663728722e-06
98	CD14+ Mono	TMTC2	4.796443	1.1760597	1.6150784240612988e-06	6.687789530620026e-06
99	CD14+ Mono	CHN2	4.634101	0.6627821	3.584922580023103e-06	1.4638433868427672e-05
100	CD14+ Mono	ENSG00000306779	4.544407	1.6123649	5.5090115058636905e-06	2.2036046023454762e-05
101	CD14+ Mono	SERINC5	4.4080443	0.65214807	1.0430823489792153e-05	4.088882807998524e-05
102	CD14+ Mono	HLA-DPB1	4.298719	0.44085684	1.717881614941454e-05	6.537957214146117e-05
103	CD14+ Mono	RELL1	4.2967205	1.1022481	1.7334352829177428e-05	6.575870621649243e-05
104	CD14+ Mono	ENSG00000259135	4.248641	1.7624196	2.1507138183140016e-05	7.970291702964978e-05
105	CD14+ Mono	PARP8	4.247465	0.42273748	2.162026067275268e-05	7.970353150832964e-05
106	CD14+ Mono	SOX4	4.2174892	0.6615864	2.4703783113915607e-05	9.050357925845718e-05
107	CD14+ Mono	TMEM176B	4.1617684	2.3131719	3.1579256862567685e-05	0.00011426832637039876
108	CD14+ Mono	LRMDA	4.121447	0.7986351	3.764995722451777e-05	0.00013498887102449055
109	CD14+ Mono	RABGEF1	4.119684	0.6027483	3.793923410555334e-05	0.00013561258148368002
110	CD14+ Mono	SNCA	4.0085955	2.2036452	6.108097152646482e-05	0.00021378340034262688
111	CD14+ Mono	MAP3K7CL	4.0045986	1.5185	6.21228949305613e-05	0.00021678493898617235
112	CD14+ Mono	EXT1	3.9997787	0.7171933	6.34017139007564e-05	0.00022059294540618203
113	CD14+ Mono	FRY	3.9528747	0.6396653	7.72178716432618e-05	0.00026397737515254616
114	CD14+ Mono	SLC8A1	3.8777575	0.55026805	0.00010542366180309094	0.0003482534446079633
115	CD14+ Mono	IL1B	3.796763	1.3933898	0.00014659790972754657	0.00046343855333224395
116	CD14+ Mono	SIPA1L1	3.727406	0.4557095	0.00019346073926573528	0.0005976957601363736
117	CD14+ Mono	H1-0	3.5696483	0.961462	0.00035746081593595865	0.0010431114628801175
118	CD14+ Mono	H1-10	3.561537	0.49564862	0.00036869004900370986	0.0010703234964353286
119	CD14+ Mono	ENSG00000226824	3.5506046	1.0091182	0.0003843474728344193	0.0011105469976738995
120	CD14+ Mono	SBF2	3.5400248	0.47040638	0.0004000896456411505	0.001153199566848022
121	CD14+ Mono	NIBAN1	3.45903	0.3143723	0.0005421247717342338	0.0015288698598548175
122	CD14+ Mono	ATXN1	3.4423373	0.372951	0.0005767109008753404	0.0016186444377789984
123	CD14+ Mono	CCL3L3	3.4306993	2.292394	0.0006020274782457851	0.0016816729558599604
124	CD14+ Mono	LST1	3.4085991	0.46241507	0.0006529734930633146	0.0018196607294844976
125	CD14+ Mono	DNAAF9	3.4043672	0.69195855	0.0006631753570774633	0.001843721560101884
126	CD14+ Mono	PTGS2	3.3552296	1.8304281	0.0007929914154245117	0.0021788736087365087
127	CD14+ Mono	PLEKHG2	3.2943366	0.95764536	0.0009865429898210322	0.0026609508165814995
128	CD14+ Mono	ENSG00000287124	3.2882237	0.80633116	0.0010082167854114064	0.0027069930128854197
129	CD14+ Mono	XRCC4	3.2276833	0.9979053	0.0012479702504768527	0.0033054347174792317
130	CD14+ Mono	WDFY2	3.1029584	0.44477051	0.001915965344124662	0.004962941067600446
131	CD14+ Mono	CD83	3.0991967	0.3933514	0.0019404612822892348	0.005015346083455253
132	CD14+ Mono	HDAC9	3.0343068	0.42908084	0.002410890766700011	0.006110361081118993
133	CD14+ Mono	MS4A7	3.0123243	-0.099466525	0.0025925552561141554	0.006524725339790567
134	CD14+ Mono	DLEU1	3.011854	0.9185904	0.002596574369916654	0.006524725339790567
135	CD14+ Mono	LONRF3	2.9758825	2.0712385	0.002921468152387562	0.007263523355618971
136	CD14+ Mono	FAR2	2.9352088	1.110913	0.0033332338260217156	0.008183471773280873
137	CD14+ Mono	HSPA1B	2.9339156	0.6715519	0.003347151724019284	0.008200521723847245
138	CD14+ Mono	ELL2	2.9096994	0.6151054	0.003617764259851036	0.0087902701850926
139	CD14+ Mono	EREG	2.8970037	3.6216242	0.0037674537981699607	0.009116307956065583
140	CD14+ Mono	ANO10	2.84528	0.8147132	0.004437242257946072	0.010627692251210958
141	CD14+ Mono	DISC1	2.828352	0.5355044	0.004678832373719637	0.011105588635879586
142	CD14+ Mono	TUBA4A	2.810131	0.4852135	0.00495213155075883	0.011717719725739205
143	CD14+ Mono	CERS6	2.7749825	0.278099	0.0055204683208895464	0.013036286637281338
144	CD14+ Mono	PARVB	2.70445	0.4246872	0.006841756517827535	0.016027700527819086
145	CD14+ Mono	PLEK	2.7024515	0.40313566	0.006883020860100907	0.016092311195782638
146	CD14+ Mono	IFI6	2.67753	0.9131041	0.007416718632818431	0.017271408142959358
147	CD14+ Mono	ST6GALNAC3	2.6550772	1.245626	0.007929024325244944	0.01835537914663003
148	CD14+ Mono	SUMF1	2.5646782	0.2354152	0.010327154719845091	0.023490781335663107
149	CD14+ Mono	SIK3	2.5401094	0.25224492	0.011081781618443483	0.025061875352479876
150	CD14+ Mono	PLA2G4A	2.5342317	1.067374	0.011269420864520532	0.025340036207793775
151	CD14+ Mono	DOCK4	2.522006	1.6649086	0.011668771379211367	0.026038852261769576
152	CD14+ Mono	CXCR2	2.5104856	0.44964722	0.012056520209270621	0.02670144588719821
153	CD14+ Mono	MAML2	2.4530017	0.15837668	0.014166965097507183	0.031082744318411282
154	CD14+ Mono	UBE2E2	2.450063	0.3308018	0.014283126393777644	0.03123130364308311
155	CD14+ Mono	PTK2	2.4499454	1.402042	0.014287790272090742	0.03123130364308311
156	CD14+ Mono	ZFAND3	2.435016	0.1977304	0.014891132617105295	0.032309911361099314
157	CD14+ Mono	ENSG00000269514	2.3969285	1.6603538	0.01653315257487527	0.035350886232824216
158	CD14+ Mono	LINC00278	2.3697734	0.3267919	0.01779898864804959	0.037646781744795535
159	CD14+ Mono	SIGLEC1	2.348261	2.1458251	0.018861298017151872	0.03967958223286333
160	CD14+ Mono	TAGLN2	2.340385	0.21984614	0.019263875103015724	0.04031017281342792
161	CD14+ Mono	TBC1D12	2.3288646	0.728793	0.01986623985664901	0.04149679941637519
162	CD14+ Mono	ENSG00000285534	2.3259258	1.8737514	0.02002251226767504	0.04167517597661212
163	CD14+ Mono	DGKG	2.276553	0.7037458	0.022812931202164047	0.04690211030374986
164	CD14+ Mono	AHCYL2	2.2691472	0.6065535	0.023259381456817337	0.04773653157629527
165	CD14+ Mono	SPARC	2.266561	1.4673148	0.02341706184677108	0.04797641939338465
166	CD14+ Mono	GCNT2	2.2459888	1.025009	0.02470471587721476	0.05026426621384872
167	CD14+ Mono	PRICKLE1	2.2415218	2.4981873	0.02499228917130394	0.050761540700265
168	CD14+ Mono	G0S2	2.2379954	2.343937	0.025221363757995666	0.051138489274832596
169	CD14+ Mono	PHACTR2	2.2308245	0.1508973	0.025692758639202683	0.05200461989621748
170	CD14+ Mono	NEXN	2.2142494	1.47294	0.026811631730646435	0.054083154228542374
171	CD14+ Mono	POU2F2	2.1758091	0.43227312	0.029569534989914	0.05903866408852099
172	CD14+ Mono	THBS1	2.1622903	2.064135	0.030595797970297673	0.060711571751247
173	CD14+ Mono	ATP8B4	2.124438	0.546215	0.0336335360574738	0.06627234330031617
174	CD14+ Mono	DHRS7B	2.1219695	0.77059186	0.033840311596085366	0.06654884019564615
175	CD14+ Mono	ENSG00000297373	2.107275	0.6065138	0.03509374130286441	0.06889856389343664
176	CD14+ Mono	MAP3K5	2.088584	0.18685092	0.03674518801724974	0.07178129752206927
177	CD14+ Mono	ZNF804A	2.0747125	0.99083656	0.0380131789455151	0.07401241463563867
178	CD14+ Mono	ENSG00000301476	2.0621343	1.1910517	0.039194950716579115	0.07581128625443592
179	CD14+ Mono	HLA-DPA1	2.027691	0.3705236	0.04259179956497086	0.08197701520197338
180	CD14+ Mono	VAV3	2.0114684	-0.09855813	0.04427599587607818	0.08494057283893627
181	CD14+ Mono	CD9	1.9713825	1.6918694	0.048680137617758856	0.09218654080271244
182	CD14+ Mono	FBXL20	1.9531616	0.3956446	0.05080044450493915	0.0960471426652869
183	CD14+ Mono	ENSG00000306766	1.950693	1.1329254	0.051093575751639725	0.09637486765595374
184	CD14+ Mono	PTGS1	1.9499876	0.68336153	0.051177587213248554	0.09637486765595374
185	CD14+ Mono	TOM1L2	1.9369391	0.40340677	0.052752778967489714	0.09894301126916731
186	CD14+ Mono	STAT1	1.9359988	0.16005957	0.05286785500072735	0.09900095140263591
187	CD14+ Mono	NSMCE2	1.8593534	0.16398877	0.06297705418189382	0.11644813792123762
188	CD14+ Mono	CD1C	1.8460698	-0.34808663	0.06488206489673888	0.11940736826066498
189	CD14+ Mono	IFI44L	1.79223	0.7951121	0.07309612166642826	0.13286095684655275
190	CD14+ Mono	CPED1	1.7571989	0.38663378	0.07888390736310905	0.14268097167364296
191	CD14+ Mono	TAFA2	1.7501457	0.5345782	0.08009317841682681	0.1440207611898904
192	CD14+ Mono	ENSG00000298678	1.7251067	2.333816	0.08450825296959989	0.1511496280737185
193	CD14+ Mono	TLN1	1.7024187	0.11660238	0.08867690454666366	0.1575287609469433
194	CD14+ Mono	ERC1	1.6697387	0.18106656	0.09497107951589055	0.1674452616352133
195	CD14+ Mono	FRMD3	1.6211888	1.0686684	0.10497715001241659	0.18154871825676752
196	CD14+ Mono	KIAA1958	1.603203	0.7074715	0.10888983478062379	0.1877563936780754
197	CD14+ Mono	PRLR	1.5974429	2.9869006	0.1101670189970323	0.18913345159198536
198	CD14+ Mono	NME8	1.5912125	0.4889983	0.1115617563994706	0.1906927696595602
199	CD14+ Mono	IGFBP7	1.5340812	-0.23700564	0.12500967318699183	0.20971665573167245
200	CD14+ Mono	MAP2K5	1.5282035	0.3786703	0.12646201693507356	0.2118195748589299
201	CD14+ Mono	WDR49	1.5271455	1.2618737	0.1267248285180712	0.2118195748589299
202	CD14+ Mono	COMMD1	1.5224434	0.0016822957	0.12789802702832484	0.21268536171526628
203	CD14+ Mono	FCHSD2	1.5010486	0.08875599	0.13334301460117023	0.22024070950979802
204	CD14+ Mono	CHST11	1.4797713	0.10876549	0.13893431252931399	0.2285129392090535
205	CD14+ Mono	RUFY1	1.4762446	0.14842428	0.13987824228454449	0.22942372793113572
206	CD14+ Mono	OAS3	1.4734232	0.45313606	0.14063693290437293	0.2300264716210606
207	CD14+ Mono	IPCEF1	1.4562604	0.072155036	0.14532064992894375	0.23637217747778402
208	CD14+ Mono	RAD51B	1.4398028	0.23650123	0.14992319393720022	0.2431857600967551
209	CD14+ Mono	BABAM2	1.429223	0.102697	0.15294016437126612	0.24773778691543935
210	CD14+ Mono	FER	1.4181728	0.4044116	0.15614030356752465	0.25257358596342366
211	CD14+ Mono	MIR646HG	1.4165272	0.28426373	0.15662123485137933	0.2530035332214589
212	CD14+ Mono	BBS9	1.409709	0.3929439	0.15862563695765197	0.25588991640905173
213	CD14+ Mono	DLEU2	1.3846699	0.13110824	0.16615341575782616	0.26620765249482775
214	CD14+ Mono	BTBD9	1.3807906	0.17429063	0.16734333895094233	0.2677493423215077
215	CD14+ Mono	LINC02631	1.3780869	1.0660235	0.16817645775914514	0.26871673141950364
216	CD14+ Mono	ENSG00000290008	1.3716214	0.8033881	0.17018131910664214	0.2708162804728162
217	CD14+ Mono	HDAC8	1.3657438	0.21396427	0.17201941542270827	0.27300247305952086
218	CD14+ Mono	SCAPER	1.3117864	0.14897402	0.1895922201731982	0.29570351581390064
219	CD14+ Mono	NFIA	1.3094352	0.40474626	0.19038693988382638	0.2965497235806355
220	CD14+ Mono	ARL15	1.2561833	0.18675473	0.20904952464792592	0.32136240651759596
221	CD14+ Mono	RUNX1	1.244663	-0.049838908	0.21325565785103762	0.32654772608440136
222	CD14+ Mono	IGF2BP2	1.2366693	0.48377421	0.21620987904589728	0.3297831618131974
223	CD14+ Mono	ENSG00000293909	1.2199767	1.4065795	0.22247373821498562	0.3380221138770324
224	CD14+ Mono	ITFG1	1.2089266	0.00755951	0.22669107166174718	0.34354213952862717
225	CD14+ Mono	SLC2A13	1.1870614	0.5192775	0.23520337604384722	0.35461432080456967
226	CD14+ Mono	SPOPL-DT	1.1720146	0.9421678	0.24119121855290193	0.36317653395417754
227	CD14+ Mono	MCU	1.1706039	0.17582266	0.24175803270802143	0.36356450954556674
228	CD14+ Mono	PTX3	1.164256	1.2562605	0.24432029479570705	0.36694848873531477
229	CD14+ Mono	SEMA3C	1.1626102	0.29241705	0.24498768609678623	0.36748152914517934
230	CD14+ Mono	MTURN	1.1602591	0.2694634	0.2459433196697306	0.36844502411669194
231	CD14+ Mono	ADGRE2	1.1537937	-0.054378532	0.2485847773119273	0.37192836910792176
232	CD14+ Mono	LIMS1	1.1336919	0.119343586	0.2569238092684589	0.3834294412432839
233	CD14+ Mono	LMO4	1.127344	0.06434087	0.2595970761380709	0.3859496353203178
234	CD14+ Mono	ENOX2	1.1032454	0.023590382	0.26992061826173974	0.3982768470210865
235	CD14+ Mono	SASH1	1.095722	0.39549482	0.27320048760748317	0.4006032087610975
236	CD14+ Mono	C3orf20	1.0735042	0.88455236	0.2830449594578862	0.411956525151577
237	CD14+ Mono	CRADD	1.0563413	0.30640876	0.29081231843402067	0.4206584089525317
238	CD14+ Mono	MAPK8	1.0508163	0.09887737	0.2933429927424308	0.42379773890061256
239	CD14+ Mono	ANGPT1	1.0464667	1.4479078	0.2953455913868508	0.425592813594283
240	CD14+ Mono	USP32	1.0436455	0.042410783	0.2966494589565123	0.4264789287687756
241	CD14+ Mono	LCORL	1.0273054	0.062348995	0.3042766696683622	0.4363772725975536
242	CD14+ Mono	ELMO1	1.0041473	0.0076489383	0.3153076377354276	0.44674913491188295
243	CD14+ Mono	CSGALNACT1	0.99709404	0.024176419	0.3187188778475806	0.4504968754191764
244	CD14+ Mono	TESK2	0.96982145	0.34923258	0.3321354940553519	0.4674618863595554
245	CD14+ Mono	ARHGAP22	0.96112245	0.42206448	0.3364906002276076	0.4710868403186506
246	CD14+ Mono	GTDC1	0.9496021	0.07923302	0.34231444461338245	0.47665400485651543
247	CD14+ Mono	HIP1	0.9484266	-0.1447529	0.3429123176266011	0.4766724415235023
248	CD14+ Mono	ZNF767P--chr7:149547154(-)	0.94395953	0.23777819	0.34519031692854796	0.4788739652159127
249	CD14+ Mono	SOX2-OT	0.9346728	0.5831742	0.34995695933806914	0.4841757460959639
250	CD14+ Mono	MINDY2	0.9284424	0.16394225	0.3531781275224294	0.48805814097106576
251	CD14+ Mono	ARHGAP18	0.92021364	-0.035395224	0.35746113673867885	0.49224156534506597
252	CD14+ Mono	CXXC5	0.9182152	-0.35065782	0.35850621096256075	0.4927808669064044
253	CD14+ Mono	CNNM2	0.88917935	0.29208973	0.3739067063858892	0.5112956822207042
254	CD14+ Mono	KIF9-AS1	0.86566854	0.35636252	0.3866719719583427	0.5236331842541847
255	CD14+ Mono	HLA-DQA1	0.86484563	-0.06542313	0.3871235204101403	0.5236331842541847
256	CD14+ Mono	RSAD2	0.84521407	0.38585612	0.3979913131345787	0.5355123389545361
257	CD14+ Mono	CDK14	0.8316954	0.25110677	0.4055809128850617	0.5432382158916088
258	CD14+ Mono	FOXN3	0.82852143	0.06881038	0.4073752738037667	0.545020844133367
259	CD14+ Mono	NR6A1	0.82099795	0.8440284	0.41164743666852166	0.5476214768350469
260	CD14+ Mono	ADAM19	0.8137096	-0.006110417	0.4158113370118023	0.5506690679345491
261	CD14+ Mono	METTL25	0.7913743	-0.038905792	0.42872559590906756	0.5645927220482233
262	CD14+ Mono	ENSG00000287190	0.77056724	0.072000585	0.44096348966015997	0.576833218954781
263	CD14+ Mono	ATP8B1-AS1	0.7598698	0.17524472	0.4473324102246009	0.5832183086742025
264	CD14+ Mono	FMN1	0.75516766	0.050848156	0.4501484002951731	0.5857747881126233
265	CD14+ Mono	DST	0.74282444	0.20340538	0.4575879638174464	0.5913444455486999
266	CD14+ Mono	MIR4435-2HG	0.7281302	0.1919374	0.46653389056867833	0.5998803395197793
267	CD14+ Mono	ERCC8	0.72695464	0.056834992	0.46725373384363755	0.5998803395197793
268	CD14+ Mono	CCDC50	0.6874565	-0.54624754	0.4917951212060987	0.6255100455244189
269	CD14+ Mono	FTX	0.6862809	-0.025573408	0.49253597122075843	0.6255100455244189
270	CD14+ Mono	DACH1	0.66723716	0.029813008	0.504620655651498	0.639476175696295
271	CD14+ Mono	HMOX1	0.6410226	-0.2747644	0.5215080019252822	0.6594552798539053
272	CD14+ Mono	SLX4IP	0.61492556	0.17205375	0.5386038670273174	0.6767074226753476
273	CD14+ Mono	ENSG00000298831	0.6094005	0.61905456	0.5422589805802047	0.679708562302161
274	CD14+ Mono	NUSAP1	0.6021122	0.23886877	0.547099464793335	0.6817510747540336
275	CD14+ Mono	SYCP2	0.59788024	0.4358488	0.5499198483695116	0.6836212914191815
276	CD14+ Mono	XAF1	0.5962345	0.08723493	0.5510185956269293	0.6842638526475913
277	CD14+ Mono	MX1	0.58659506	0.23670493	0.5574757142306097	0.6893294884130459
278	CD14+ Mono	NRP1	0.58353865	-0.12528948	0.5595307573713162	0.6902807903423781
279	CD14+ Mono	NAALADL2	0.5654353	0.3846038	0.5717777202385013	0.6996988543189151
280	CD14+ Mono	WDFY4	0.5640246	-0.3022851	0.5727373562526825	0.7001446267704311
281	CD14+ Mono	ENSG00000291015	0.55885226	-0.05443945	0.576262546688784	0.7037224869221287
282	CD14+ Mono	ENTPD1-AS1	0.5482724	0.19668134	0.5835048766141172	0.7096191674231663
283	CD14+ Mono	HS2ST1	0.54074895	-0.037287805	0.588680644188234	0.7144359520798381
284	CD14+ Mono	PHLPP1	0.538633	0.092928976	0.590140139394188	0.7147320328811174
285	CD14+ Mono	IRF7	0.517003	-0.31341702	0.6051540619944409	0.7276699150362602
286	CD14+ Mono	ARHGAP6	0.50324917	0.019013181	0.6147890971619457	0.7352418347674319
287	CD14+ Mono	TRAPPC9	0.5026614	-0.20347108	0.6152023515400961	0.7352418347674319
288	CD14+ Mono	SMURF1	0.4918464	-0.04887186	0.622827915964981	0.7405921427450128
289	CD14+ Mono	RUBCNL	0.48820224	-0.12878975	0.6254065943678522	0.742907227249085
290	CD14+ Mono	CLEC10A	0.45481688	-0.647249	0.6492409880512132	0.7681160985394635
291	CD14+ Mono	MGMT	0.44764608	-0.061724998	0.6544086450614452	0.7726752676629112
292	CD14+ Mono	GABPB1-AS1	0.44670564	-0.18707013	0.6550876075138174	0.7727011298257265
293	CD14+ Mono	ENSG00000291203	0.42789698	-0.34423104	0.6687261233311462	0.7856362847526753
294	CD14+ Mono	MTAP	0.42542836	-0.15624124	0.6705244450934839	0.7869628217863642
295	CD14+ Mono	PF4	0.41919798	-0.1326357	0.675071449034116	0.7912243113997549
296	CD14+ Mono	TBC1D5	0.41861022	0.016431114	0.6755010277596547	0.7912243113997549
297	CD14+ Mono	SLC9A9	0.41590646	-0.123124495	0.6774784495410298	0.7919628793839473
298	CD14+ Mono	ARHGAP21	0.41414315	-0.12415096	0.6787692718434339	0.7926838765520142
299	CD14+ Mono	C2orf88	0.39357117	0.026062759	0.6938976612469032	0.8055514803814
300	CD14+ Mono	MSR1	0.38922167	0.027104339	0.6971121676706694	0.8084851175352142
301	CD14+ Mono	PPP1R12B	0.38111046	0.04522931	0.7031212970911407	0.8117550480532025
302	CD14+ Mono	PIGL	0.38075778	-0.04737351	0.703382988066508	0.8117550480532025
303	CD14+ Mono	PRKN	0.37899446	-0.056452088	0.7046919695155951	0.8124683883826861
304	CD14+ Mono	BCL2L1	0.37111834	-0.19472879	0.7105493875865754	0.8184192750262612
305	CD14+ Mono	FAM241A	0.3653582	0.046999957	0.7148440439865955	0.8217562030579044
306	CD14+ Mono	KIAA0825	0.3630071	0.08141346	0.7165995721023372	0.8229698210862778
307	CD14+ Mono	PRIM2	0.3536028	-0.26116067	0.7236365891532226	0.8280204292287505
308	CD14+ Mono	PELATON	0.34831285	-0.7676585	0.7276052468836782	0.830741524597287
309	CD14+ Mono	RUFY2	0.34701976	-0.2659142	0.728576480199469	0.8310435894418774
310	CD14+ Mono	VTI1A	0.34572667	-0.12171784	0.7295481494341366	0.8313455656342487
311	CD14+ Mono	TXNDC5	0.34349313	-0.5358699	0.7312275097689487	0.832452615187109
312	CD14+ Mono	EHBP1	0.34184736	-0.13417251	0.7324657583429652	0.833055833473237
313	CD14+ Mono	RAB33B-AS1	0.3343239	-0.039468516	0.7381351521839217	0.8373769324045932
314	CD14+ Mono	MSC-AS1	0.32891643	-0.22678246	0.7422188647069732	0.8400821818375631
315	CD14+ Mono	GAS2L3	0.327976	0.5510462	0.7429298206726749	0.8400821818375631
316	CD14+ Mono	ARL17B	0.32421425	-0.06953052	0.7457758321240773	0.842490277212214
317	CD14+ Mono	NEGR1	0.31163597	0.12116677	0.7553172002272448	0.8500028970978372
318	CD14+ Mono	THADA	0.30987266	-0.0664837	0.7566578013671379	0.8506974898735699
319	CD14+ Mono	ENSG00000287100	0.30611092	0.14921561	0.7595201945726031	0.8516652149775266
320	CD14+ Mono	GMDS	0.3056407	0.0035632767	0.7598782263645025	0.8516652149775266
321	CD14+ Mono	ARHGAP10	0.30493537	-0.26121393	0.7604153705156488	0.8516652149775266
322	CD14+ Mono	NME7	0.2971768	0.008437019	0.7663315284264375	0.8538649025222199
323	CD14+ Mono	RAP2C-AS1	0.29118153	0.3154604	0.7709124753633998	0.8538649025222199
324	CD14+ Mono	ENSG00000226571	0.2884778	0.123047054	0.7729810203967322	0.8540420279350438
325	CD14+ Mono	MICU2	0.28789002	-0.079426005	0.7734309181554606	0.8540420279350438
326	CD14+ Mono	AIM2	0.24051572	-0.33765906	0.8099304764743291	0.8852028255890437
327	CD14+ Mono	HMGA1P4	0.22711456	0.30586064	0.8203346682051668	0.890778919491483
328	CD14+ Mono	ENSG00000272368	0.19537494	-0.31583998	0.8450994324608913	0.913453063027581
329	CD14+ Mono	ZNF708	0.1885568	-0.19807397	0.8504401918879197	0.9166981353438989
330	CD14+ Mono	PVT1	0.18514773	-0.32094005	0.8531131630228261	0.9187372524861204
331	CD14+ Mono	DGKH	0.18385464	-0.15343413	0.8541274917310187	0.9189880423382232
332	CD14+ Mono	ZGRF1	0.18244399	-0.1054159	0.8552343071443647	0.9193377926890063
333	CD14+ Mono	TYW1B	0.18056312	0.1273152	0.8567105038254026	0.9200836095878296
334	CD14+ Mono	ZNF133	0.16434066	-0.39370748	0.8694629789438213	0.9268571335132006
335	CD14+ Mono	CAMK2D	0.16375288	-0.300633	0.8699256839275554	0.9268571335132006
336	CD14+ Mono	RGCC	0.16351777	-0.14391118	0.8701107784001476	0.9268571335132006
337	CD14+ Mono	FCER1A	0.1585805	-1.3442954	0.8739993907709811	0.9284763175670043
338	CD14+ Mono	TMEM135	0.15317301	-0.12579128	0.8782618385297809	0.9293930053322877
339	CD14+ Mono	PAM	0.15046927	-0.36772734	0.880394394506946	0.9293930053322877
340	CD14+ Mono	FBXO33	0.14435646	-0.17151803	0.8852190005398756	0.9328114199237398
341	CD14+ Mono	METTL15	0.13753831	-0.3511583	0.8906053086043996	0.9359712626619963
342	CD14+ Mono	IFITM3	0.13506968	-0.2823243	0.892556782555281	0.9365857313303423
343	CD14+ Mono	RFC3	0.12883931	-0.21708657	0.8974847986419463	0.9398416057016286
344	CD14+ Mono	EIF2AK3	0.12613557	-0.22038104	0.8996246140200813	0.9411858006531933
345	CD14+ Mono	TRAF3IP2-AS1	0.1229616	-0.25822935	0.902137501389273	0.9413608710148935
346	CD14+ Mono	STAM	0.11943498	-0.2779077	0.904930747830924	0.9434384392279846
347	CD14+ Mono	C1QTNF7-AS1	0.11379238	-0.16892454	0.9094023755595548	0.9455854939505185
348	CD14+ Mono	MAP4K3	0.10979555	-0.0054104514	0.912571524512544	0.947205748302517
349	CD14+ Mono	RPS6KA5	0.10979555	-0.05639169	0.912571524512544	0.947205748302517
350	CD14+ Mono	CEP162	0.09310286	-0.20137542	0.9258218452305794	0.9592656299481598
351	CD14+ Mono	PDSS2	0.08240543	-0.11843909	0.9343243137942829	0.9638292921246288
352	CD14+ Mono	TTLL5	0.07899637	-0.14809862	0.9370355133892032	0.9657456592577496
353	CD14+ Mono	PTMS	0.07770327	-0.61119264	0.9380640921620652	0.9657456592577496
354	CD14+ Mono	STON2	0.0742942	0.14910954	0.9407762907832372	0.9662470899223466
355	CD14+ Mono	SLC25A43	0.066653185	-0.13780314	0.9468578051550902	0.969951897963751
356	CD14+ Mono	SSH2	0.06406699	-0.06165736	0.9489168832707605	0.9712151912327366
357	CD14+ Mono	SEC22A	0.05971749	-0.6942235	0.9523806407042796	0.9728909670642252
358	CD14+ Mono	PKD2	0.059482384	-0.18854709	0.9525678970557776	0.9728909670642252
359	CD14+ Mono	SAV1	0.051253594	-0.10662402	0.9591234455075337	0.9774082945553376
360	CD14+ Mono	DLGAP1	0.045610998	-0.18578161	0.96362030383928	0.9785988577849682
361	CD14+ Mono	DDX10	0.04302481	-0.31281555	0.9656817593619641	0.9790015077669567
362	CD14+ Mono	LINC03009	0.035031125	-0.37166744	0.9720549206012835	0.9829205388023298
363	CD14+ Mono	CDK8	0.029976299	-0.25035506	0.9760859547966605	0.9855861316245054
364	CD14+ Mono	GDAP1	0.029623637	-0.15917185	0.9763672137266571	0.9855861316245054
365	CD14+ Mono	ENSG00000259363	0.015752252	-0.51260275	0.9874320414138542	0.9933448081289072
366	CD14+ Mono	PPBP	0.009874546	-0.53745794	0.9921213804182585	0.995601570413659
367	CD14+ Mono	MAN1A1	0.009756992	-0.33650059	0.9922151705142929	0.995601570413659
368	CD14+ Mono	CCNH	0.006112814	-0.17534246	0.9951227104203973	0.9976677812910377
369	CD14+ Mono	MBTD1	0.0034090693	-0.25019795	0.997279961448016	0.998124109438131
370	CD14+ Mono	EFCAB13-DT	-0.0023510824	-0.19753294	0.998124109438131	0.998124109438131
371	CD14+ Mono	ZHX3	-0.0042319484	-0.45026135	0.9966234039566868	0.998124109438131
372	CD14+ Mono	ATP9B	-0.0099921	-0.20910321	0.9920275904310949	0.995601570413659
373	CD14+ Mono	CAMKMT	-0.01798578	-0.4307036	0.9856501976506737	0.9924012264017058
374	CD14+ Mono	IRF1	-0.02339327	-0.021595024	0.9813365739739774	0.9889047223593809
375	CD14+ Mono	ACRBP	-0.026214568	-0.03462389	0.9790861963333513	0.9874831619965875
376	CD14+ Mono	SLCO4C1	-0.037029546	-0.68286663	0.9704614470673211	0.9821537536584936
377	CD14+ Mono	POC1B-AS1	-0.040908832	-0.29171094	0.9673685760318631	0.9798668780477786
378	CD14+ Mono	LINC01619	-0.04396524	-0.280293	0.9649321119069264	0.9790015077669567
379	CD14+ Mono	IFIT1	-0.04772697	0.036896	0.961933838648473	0.9777305049702716
380	CD14+ Mono	GPR155	-0.048432294	-0.15348853	0.9613717210586046	0.9777305049702716
381	CD14+ Mono	ABCC4	-0.04890251	-0.2685894	0.9609969866491859	0.9777305049702716
382	CD14+ Mono	CCDC30	-0.05219403	-0.18163341	0.9583740916826928	0.9774082945553376
383	CD14+ Mono	IMMP2L	-0.058894612	-0.43095413	0.9530360493690369	0.9728909670642252
384	CD14+ Mono	APOLD1	-0.0684165	-0.3617302	0.945454090910288	0.9693583355802081
385	CD14+ Mono	HERC5	-0.07088513	-0.07299627	0.9434891764203719	0.9681878459601722
386	CD14+ Mono	RAB28	-0.07593996	-0.3989629	0.9394668658085591	0.9657456592577496
387	CD14+ Mono	MYO1D	-0.076880395	-0.3694384	0.9387186962107907	0.9657456592577496
388	CD14+ Mono	WDPCP	-0.08346342	-0.22321224	0.9334830604040564	0.9638069175023444
389	CD14+ Mono	CCDC138	-0.08405119	-0.58211654	0.933015729446834	0.9638069175023444
390	CD14+ Mono	LINC00662	-0.08440386	-0.30104637	0.9327353419439511	0.9638069175023444
391	CD14+ Mono	LYN	-0.08981135	0.21836875	0.9284371327000321	0.9611285810345404
392	CD14+ Mono	AP4E1	-0.09310286	-0.41185203	0.9258218452305794	0.9592656299481598
393	CD14+ Mono	GPHN	-0.11461526	-0.17485034	0.9087500809570681	0.9455854939505185
394	CD14+ Mono	SLC25A33	-0.11567325	-0.24594124	0.9079115069228201	0.9455854939505185
395	CD14+ Mono	BRAF	-0.12366693	-0.08757129	0.9015789963260924	0.9413608710148935
396	CD14+ Mono	BCAS3	-0.12519513	-0.2842191	0.9003690695024171	0.9411858006531933
397	CD14+ Mono	TSGA10	-0.13377659	-0.76361734	0.8935792436672143	0.9365857313303423
398	CD14+ Mono	ACYP2	-0.13436435	-0.25340137	0.8931144665873221	0.9365857313303423
399	CD14+ Mono	ULK4	-0.1385963	-0.40114167	0.8897691647438551	0.9359289246321768
400	CD14+ Mono	CSTPP1	-0.14094739	-0.5915605	0.8879115075433077	0.9348110410661862
401	CD14+ Mono	CDKL1	-0.14764798	-0.4071695	0.8826205952519578	0.930907461898029
402	CD14+ Mono	ISG15	-0.15082192	-0.15884998	0.880116185494405	0.9293930053322877
403	CD14+ Mono	NLK	-0.15093948	-0.37640208	0.8800234524435161	0.9293930053322877
404	CD14+ Mono	CARMIL1	-0.15152726	-0.23199753	0.8795598118951105	0.9293930053322877
405	CD14+ Mono	TPT1-AS1	-0.15587676	-0.5088446	0.8761301655474911	0.9290613838447697
406	CD14+ Mono	SCFD2	-0.1570523	-0.48945177	0.8752036304728864	0.928916488660753
407	CD14+ Mono	SLC38A9	-0.1601087	-0.43128762	0.8727954428730605	0.9280356607764189
408	CD14+ Mono	EXOC6B	-0.16198957	-0.31429788	0.8713140654788853	0.9272989511340898
409	CD14+ Mono	BRCA2	-0.16974814	-0.31444305	0.8652082100048364	0.9241460989697435
410	CD14+ Mono	ZDHHC14	-0.16998325	-0.4064987	0.865023307730199	0.9241460989697435
411	CD14+ Mono	WWOX	-0.17068857	-0.52853143	0.8644686452822168	0.9241460989697435
412	CD14+ Mono	SEMA6A-AS1	-0.1713939	-0.5619826	0.8639140496065064	0.9241460989697435
413	CD14+ Mono	PEAK1	-0.17256944	-0.14761367	0.8629898725905445	0.9241460989697435
414	CD14+ Mono	TMEM140	-0.17891736	-0.38531962	0.8580025874180603	0.9206305135069698
415	CD14+ Mono	PGM2L1	-0.18949723	-0.4774591	0.849703121540371	0.9166981353438989
416	CD14+ Mono	ENSG00000290853	-0.18996745	-0.36404088	0.8493346355802665	0.9166981353438989
417	CD14+ Mono	RBMS3	-0.1972558	-0.761649	0.8436273605404292	0.9127008058836658
418	CD14+ Mono	POLG2	-0.20184042	-0.41900524	0.8400414829423652	0.9096581804237768
419	CD14+ Mono	ZNF56P--chr19:19776000(+)	-0.20407395	-0.9549048	0.8382957139677325	0.908604386752123
420	CD14+ Mono	CENPP	-0.22241239	-0.67002696	0.8239928689664435	0.8939258430853667
421	CD14+ Mono	ENSG00000293612	-0.22758476	-0.12802297	0.819969061617617	0.890778919491483
422	CD14+ Mono	PRKAR2B	-0.22911297	-0.3221071	0.8187811107979718	0.8907368975933532
423	CD14+ Mono	ZSCAN5A	-0.23228693	-0.25454834	0.8163151601413648	0.8888765077094861
424	CD14+ Mono	HDX	-0.23557845	-0.18837437	0.8137597978973854	0.8869152199511818
425	CD14+ Mono	MAILR	-0.23616622	-0.16603705	0.8133036908844653	0.8869152199511818
426	CD14+ Mono	DTNB	-0.23910508	-0.79204714	0.8110241084216646	0.8855750710342409
427	CD14+ Mono	FAM168A	-0.2515658	-0.36528307	0.8013766892581976	0.8766688247140841
428	CD14+ Mono	SGO1-AS1	-0.25626796	-0.6954196	0.7977439250109721	0.8735073145371539
429	CD14+ Mono	PLPP5	-0.25756106	-0.39072946	0.7967456786387677	0.8732273234661609
430	CD14+ Mono	TTTY14	-0.26355633	-0.4816901	0.7921218134342091	0.8689694520509607
431	CD14+ Mono	ENSG00000272908	-0.26379144	-0.89449394	0.7919406331357017	0.8689694520509607
432	CD14+ Mono	CROCCP3--chr1:16458753(-)	-0.26684785	-0.7338181	0.7895863151542678	0.8678070155340364
433	CD14+ Mono	CCDC191	-0.26802337	-0.71824473	0.7886813182027489	0.8676232275083561
434	CD14+ Mono	SIGLEC10	-0.2702569	-0.5123319	0.7869626103896024	0.8665430990806857
435	CD14+ Mono	PATL2	-0.27049202	-0.41207808	0.7867817539723269	0.8665430990806857
436	CD14+ Mono	PDE4D	-0.27096224	-0.36823004	0.7864200756505807	0.8665430990806857
437	CD14+ Mono	BMERB1	-0.28988844	-1.0502126	0.7719015772597493	0.8539569659994969
438	CD14+ Mono	FEZ1	-0.29094642	-0.9887427	0.7710922844205761	0.8538649025222199
439	CD14+ Mono	LINC01473	-0.29212198	-0.58278465	0.7701933623172261	0.8538649025222199
440	CD14+ Mono	SLC16A1-AS1	-0.29223955	-0.544106	0.7701034870632422	0.8538649025222199
441	CD14+ Mono	TBC1D32	-0.29270974	-0.93876535	0.7697440169338423	0.8538649025222199
442	CD14+ Mono	FKTN	-0.29294485	-0.5164023	0.7695643004169628	0.8538649025222199
443	CD14+ Mono	IGF1R	-0.29306242	-0.641857	0.7694744467994519	0.8538649025222199
444	CD14+ Mono	VCL	-0.29600126	-0.07935192	0.767229115337176	0.8538649025222199
445	CD14+ Mono	DENND4A	-0.30140877	-0.32094163	0.7631028195275379	0.8522401859110964
446	CD14+ Mono	ENSG00000269825	-0.3025843	-0.96188015	0.7622066841166176	0.8520485366170555
447	CD14+ Mono	ARMH4	-0.3028194	-0.3216549	0.7620274952423116	0.8520485366170555
448	CD14+ Mono	ENSG00000227598	-0.30705136	-0.376361	0.7588042856529618	0.8516652149775266
449	CD14+ Mono	EXOC4	-0.31292906	-0.23383884	0.7543345605816689	0.8497101946782017
450	CD14+ Mono	CRTAM	-0.31575036	-0.60635805	0.7521920014587147	0.8481091023158662
451	CD14+ Mono	PDE4B	-0.317161	-0.30175665	0.7511214363620536	0.8477147880631238
452	CD14+ Mono	PPP1R14B	-0.3282111	-0.67227906	0.742752061098017	0.8400821818375631
453	CD14+ Mono	ZNF33B	-0.33397123	-0.4328918	0.7384012575710571	0.8373769324045932
454	CD14+ Mono	SMYD3	-0.3397314	-0.58027405	0.7340588157252689	0.8340610312008853
455	CD14+ Mono	H2BC4	-0.35242724	-0.4043211	0.7245178755751567	0.8280204292287505
456	CD14+ Mono	KIAA1328	-0.35289747	-0.6162048	0.7241653171243113	0.8280204292287505
457	CD14+ Mono	CASK	-0.35783473	-0.48424172	0.7204669982383212	0.8257984307293038
458	CD14+ Mono	ALOX5AP	-0.35936293	-0.49991357	0.7193235998477933	0.8252922472400047
459	CD14+ Mono	ZNF331	-0.36653373	-0.62928057	0.7139668446516025	0.8215508897360906
460	CD14+ Mono	ENSG00000307645	-0.38346153	-0.35599712	0.7013775907134474	0.8110324942763167
461	CD14+ Mono	PIK3IP1-DT	-0.38545996	-0.6950403	0.6998966754267371	0.8101166243128374
462	CD14+ Mono	CFAP44	-0.38757592	-0.7850596	0.6983298904989328	0.8090994593366945
463	CD14+ Mono	ENSG00000268081	-0.40344572	-0.7137773	0.68662035299776	0.7978908449855394
464	CD14+ Mono	SLC35D1	-0.4050915	-0.78589976	0.6854102652897487	0.797272474758402
465	CD14+ Mono	SLC35F3	-0.4081479	-0.85524213	0.6831651012480797	0.7954476822452888
466	CD14+ Mono	ABTB3	-0.40873566	-0.728476	0.6827336592865867	0.7954476822452888
467	CD14+ Mono	ATAD5	-0.41308516	-0.4259751	0.6795442180703639	0.792801587748758
468	CD14+ Mono	MAX	-0.41625914	-0.104500934	0.6772203985311791	0.7919628793839473
469	CD14+ Mono	PCNX1	-0.43083584	-0.15668665	0.6665877403331097	0.7839071826317371
470	CD14+ Mono	LRRCC1	-0.43365714	-0.6710928	0.664537438108154	0.7822783055207098
471	CD14+ Mono	ABCC3	-0.43788907	-0.5120882	0.6614666894537945	0.7794437142261146
472	CD14+ Mono	NEK7	-0.4537589	-0.26626423	0.6500023761703329	0.7682440144485542
473	CD14+ Mono	MAP4K5	-0.46081212	-0.36788628	0.6449333938914982	0.7637881885361549
474	CD14+ Mono	ENSG00000227240	-0.47773993	-1.3227059	0.6328353212666844	0.7502160663403435
475	CD14+ Mono	TOGARAM1	-0.48385274	-0.3634376	0.628490380509382	0.7458170408466531
476	CD14+ Mono	COG5	-0.49537304	-0.29060397	0.6203368172469618	0.7383766164801893
477	CD14+ Mono	KCNQ1OT1	-0.49596083	-1.0619838	0.6199220562316232	0.7383766164801893
478	CD14+ Mono	SHLD1	-0.49748904	-0.5413182	0.618844243625679	0.7380941485839742
479	CD14+ Mono	COMMD10	-0.49995765	-0.26354134	0.6171048928548322	0.7367668568500332
480	CD14+ Mono	PAN3	-0.5050125	-0.16855305	0.6135500677766637	0.7347605699647215
481	CD14+ Mono	ZNF782	-0.5071285	-0.7896226	0.6120646885382629	0.7337289232629941
482	CD14+ Mono	AOPEP	-0.50971466	-0.781824	0.6102513889375014	0.7323016667250016
483	CD14+ Mono	SLC4A7	-0.5124184	-0.5061202	0.6083582208600617	0.7307755543732714
484	CD14+ Mono	TBCK	-0.5197067	-0.38447323	0.6032679826282237	0.7261444703897555
485	CD14+ Mono	ENSG00000305271	-0.52099985	-1.1014472	0.6023668802438473	0.7258027163593898
486	CD14+ Mono	AFG2A	-0.5249967	-0.74498713	0.5995854963431145	0.7231923525123104
487	CD14+ Mono	LINC02580	-0.5308744	-1.1802586	0.59550582609965	0.7190090877753474
488	CD14+ Mono	GEN1	-0.53204995	-0.9197787	0.594691414020563	0.7187637234205366
489	CD14+ Mono	ENSG00000273784	-0.533343	-0.6899469	0.5937961489043961	0.7184200320077879
490	CD14+ Mono	FOCAD	-0.5398085	-0.83546466	0.5893291029478784	0.7144855928522733
491	CD14+ Mono	ENTPD3-AS1	-0.5423947	-0.7367811	0.5875466349003304	0.7137963250442031
492	CD14+ Mono	WRN	-0.5508586	-0.5107123	0.5817306168467855	0.7081937944221737
493	CD14+ Mono	ENSG00000290548	-0.55250436	-0.8281933	0.5806028570427704	0.7075533263028994
494	CD14+ Mono	LINC-PINT	-0.55661875	-0.34430072	0.5777879465043773	0.7048533455281615
495	CD14+ Mono	PLEKHA5	-0.56907946	-0.82347006	0.5693022050842295	0.6973952012281811
496	CD14+ Mono	TPTEP1--chr22:16601307(+)	-0.57425183	-0.28777334	0.5657973813609917	0.6938245260485153
497	CD14+ Mono	TNFAIP3	-0.57472205	-0.34825107	0.5654792755211155	0.6938245260485153
498	CD14+ Mono	SIMC1	-0.57930666	-0.41393185	0.562382255315615	0.6910778811401915
499	CD14+ Mono	SLC38A4-AS1	-0.57965934	-1.132531	0.562144362684611	0.6910778811401915
500	CD14+ Mono	ZNF75D	-0.58201045	-0.5595295	0.5605596554225944	0.6902807903423781
501	CD14+ Mono	AK9	-0.58248067	-0.6752715	0.5602429738198866	0.6902807903423781
502	CD14+ Mono	TGFBR1	-0.58577216	-0.5239151	0.5580286334772276	0.6893294884130459
503	CD14+ Mono	MPZL3	-0.5884759	-0.8428252	0.5562129011701991	0.6885330229222675
504	CD14+ Mono	RRAGC-DT	-0.5934132	-1.152273	0.5529046708777234	0.6851590020571157
505	CD14+ Mono	ZNF407	-0.5936483	-0.5227507	0.5527473770999353	0.6851590020571157
506	CD14+ Mono	ZNF155	-0.5999962	-1.037947	0.5485087614087447	0.6825886808642156
507	CD14+ Mono	DUSP2	-0.6018771	-0.55539125	0.547255964768544	0.6817510747540336
508	CD14+ Mono	CEP97	-0.6023473	-1.019661	0.546942986970934	0.6817510747540336
509	CD14+ Mono	APLF	-0.6032877	-1.2464218	0.5463172973196111	0.6817510747540336
510	CD14+ Mono	HIBCH	-0.607167	-0.5728491	0.5437400826218097	0.6802535501736683
511	CD14+ Mono	TSC22D1	-0.6086952	-0.7663742	0.5427264795933071	0.679708562302161
512	CD14+ Mono	MYO1E	-0.61292714	-0.56985605	0.5399245019269451	0.677642704659645
513	CD14+ Mono	ZNF37A	-0.6230368	-0.5128529	0.5332603283268817	0.6707103166977679
514	CD14+ Mono	RGS7	-0.6282092	-1.3634106	0.5298669056793915	0.6671557613265143
515	CD14+ Mono	MT2A	-0.63009006	-0.13570909	0.528635660294801	0.6663189030082379
516	CD14+ Mono	DTNBP1	-0.63079536	-0.39168385	0.5281743191032781	0.6663189030082379
517	CD14+ Mono	BCKDHB	-0.6345571	-0.7732878	0.5257173019164693	0.6640639603155402
518	CD14+ Mono	SLF1	-0.6510147	-0.65391153	0.5150370000395335	0.651973640523672
519	CD14+ Mono	TANC2	-0.6842825	-0.59594756	0.4937967881881986	0.6264347604199801
520	CD14+ Mono	SNTB2	-0.6868687	-0.7192951	0.4921654714392144	0.6255100455244189
521	CD14+ Mono	LINC01588	-0.6900427	-0.6770975	0.4901673585244114	0.6245252585316444
522	CD14+ Mono	PCNX4	-0.69862413	-0.29853436	0.4847869700124505	0.6183399964583968
523	CD14+ Mono	TMTC3	-0.7017981	-1.0388653	0.48280509965341256	0.6164807787105463
524	CD14+ Mono	ENSG00000293268	-0.7059125	-0.6821839	0.4802425730031138	0.6138752889691976
525	CD14+ Mono	MMS22L	-0.7159046	-0.57848555	0.4740502772518046	0.6066192884092734
526	CD14+ Mono	RPAP2	-0.71954876	-0.5650627	0.4718028787643026	0.6044010734496948
527	CD14+ Mono	FAM66A	-0.72260517	-0.98612165	0.46992250131398183	0.6026487039751828
528	CD14+ Mono	LCLAT1	-0.72695464	-0.9017487	0.46725373384363755	0.5998803395197793
529	CD14+ Mono	DIS3L2	-0.7305988	-0.37299326	0.4650242249499694	0.5989797245795883
530	CD14+ Mono	SERPINF1	-0.73412544	-1.7802567	0.46287227981636736	0.5968616239737369
531	CD14+ Mono	IFT88	-0.7365941	-0.8982554	0.46136922815470194	0.5955765228429521
532	CD14+ Mono	ATAD2	-0.7452931	-0.5529011	0.4560945528382562	0.5900629198435525
533	CD14+ Mono	L3MBTL4	-0.7454107	-0.8979807	0.4560235064705048	0.5900629198435525
534	CD14+ Mono	SUPT3H	-0.7455282	-0.72112274	0.45595246632799624	0.5900629198435525
535	CD14+ Mono	BTG3	-0.74588084	-0.70415795	0.45573938325628693	0.5900629198435525
536	CD14+ Mono	PRKCA	-0.7462335	-0.6303089	0.45552635622745075	0.5900629198435525
537	CD14+ Mono	LINC02328	-0.7549325	-0.7016704	0.4502894629709281	0.5857747881126233
538	CD14+ Mono	WDR7	-0.76151556	-0.46724704	0.4463491851708793	0.5825822883029457
539	CD14+ Mono	LMNA	-0.7678635	-1.1316807	0.44256829123077124	0.5782892338748744
540	CD14+ Mono	ENSG00000274422	-0.77562207	-1.4058734	0.4379721713936775	0.5735582110901611
541	CD14+ Mono	ANKMY1	-0.7767976	-0.6960687	0.43727819242229893	0.5732877974232147
542	CD14+ Mono	SYTL3	-0.78302795	-0.514536	0.43361068789833523	0.5691140278665651
543	CD14+ Mono	CCM2	-0.7833806	-0.43787295	0.43340362652509967	0.5691140278665651
544	CD14+ Mono	ZNF10	-0.78690726	-1.1437098	0.4313361602458775	0.5673952175046443
545	CD14+ Mono	TCF4	-0.7960765	-0.97844046	0.42598758619789745	0.561615920816959
546	CD14+ Mono	TMEM241	-0.79783976	-1.4148514	0.42496346878348024	0.560894544656984
547	CD14+ Mono	ANKRD17-DT	-0.8074792	-1.1004429	0.41939043879842897	0.5541608494684859
548	CD14+ Mono	DZIP3	-0.8121814	-1.0678542	0.4166875564658794	0.5512087361123444
549	CD14+ Mono	MED13L	-0.81641334	-0.110562034	0.41426377054168306	0.5492380993878458
550	CD14+ Mono	SCMH1	-0.8180591	-0.6947121	0.413323443985924	0.5486098985637096
551	CD14+ Mono	SMG6	-0.8180591	-0.3952647	0.413323443985924	0.5486098985637096
552	CD14+ Mono	PCCA	-0.8237017	-0.5225058	0.410109077053024	0.5461928364828497
553	CD14+ Mono	DYNC2H1	-0.82405436	-1.4528614	0.40990867367468464	0.5461928364828497
554	CD14+ Mono	CRY1	-0.8252299	-0.7526912	0.4092410830181771	0.5461928364828497
555	CD14+ Mono	BTRC	-0.827581	-0.68079764	0.4079078439284588	0.5451132096134859
556	CD14+ Mono	ENSG00000290924	-0.8369853	-1.0034809	0.4026008261853471	0.5398615411561781
557	CD14+ Mono	DOP1A	-0.83722043	-0.6873996	0.4024686832714083	0.5398615411561781
558	CD14+ Mono	PNISR-AS1	-0.84098214	-0.9909997	0.4003579352275506	0.538081064945828
559	CD14+ Mono	ABCA5	-0.84638965	-1.7082183	0.397335417215118	0.5352422115062758
560	CD14+ Mono	ANKRD26	-0.85426575	-0.6643647	0.3929577522686514	0.5299521980136858
561	CD14+ Mono	AMMECR1	-0.8562642	-0.9796149	0.3918516676901985	0.5290672344473862
562	CD14+ Mono	PLA2G12A	-0.8643754	-0.5903887	0.38738169243294274	0.5236331842541847
563	CD14+ Mono	PLCL1	-0.8682547	-0.4582012	0.38525491333708517	0.5225602976752158
564	CD14+ Mono	MRTFB	-0.86872494	-1.2347108	0.3849976077271733	0.5225602976752158
565	CD14+ Mono	PTPRM	-0.86896	-1.1551411	0.3848689943282143	0.5225602976752158
566	CD14+ Mono	FRS2	-0.8741324	-0.6841135	0.3820461496688434	0.5200072592714813
567	CD14+ Mono	GMDS-DT	-0.8744851	-0.38849953	0.38185414650690286	0.5200072592714813
568	CD14+ Mono	ENOSF1	-0.87589574	-1.4263933	0.38108672595768067	0.5199048604712674
569	CD14+ Mono	ACBD6	-0.8858878	-0.28514853	0.37567797965410643	0.5131211429421941
570	CD14+ Mono	MMP25-AS1	-0.90093476	-1.7122262	0.3676230147530365	0.5032883182183596
571	CD14+ Mono	RNGTT	-0.909046	-0.46861193	0.36332585454006205	0.49798508734162356
572	CD14+ Mono	ST3GAL3	-0.91339546	-1.2797254	0.3610345797776381	0.49542201379055123
573	CD14+ Mono	IFIT3	-0.91786253	-0.31017086	0.3586908350951379	0.4927808669064044
574	CD14+ Mono	DPH6	-0.9211541	-0.85790974	0.35697000145840985	0.4921415260434818
575	CD14+ Mono	UVRAG	-0.9238578	-0.27810442	0.3555603566869354	0.4907734500749249
576	CD14+ Mono	CLOCK	-0.9423138	-0.5944361	0.34603200658093447	0.4793093518718244
577	CD14+ Mono	NT5C3A	-0.94372445	-0.29812253	0.34531047831895745	0.4788739652159127
578	CD14+ Mono	ENSG00000291236	-0.9492495	-0.50855327	0.34249373648278536	0.47665400485651543
579	CD14+ Mono	NARS2	-0.95500964	-0.82505745	0.33957282133222155	0.4737101279794692
580	CD14+ Mono	IRF4	-0.9559501	-0.8853044	0.3390974586287797	0.47360880207535033
581	CD14+ Mono	ZFAT	-0.9590065	-1.3106375	0.3375554801164077	0.47201574865266993
582	CD14+ Mono	ENSG00000293497	-0.9632384	-1.0163893	0.33542788379444355	0.47015875010997094
583	CD14+ Mono	CISH	-0.96488416	-1.256065	0.3346028225178149	0.46956195618251834
584	CD14+ Mono	DAAM1	-0.96570706	-0.8455737	0.33419078279324976	0.4695440389066448
585	CD14+ Mono	FLT3	-0.9694688	-1.0598487	0.33231134098349346	0.4674618863595554
586	CD14+ Mono	DISP1	-0.98275244	-0.85495204	0.3257293079089646	0.45930175791479905
587	CD14+ Mono	ANKAR	-0.9848684	-1.0221559	0.3246887235268666	0.4583840802732234
588	CD14+ Mono	LMF1	-0.99921	-1.1217066	0.31769297791710516	0.4495871745252896
589	CD14+ Mono	SHPRH	-1.0061457	-0.666996	0.31434549667687517	0.44592316537033194
590	CD14+ Mono	CXCR4	-1.0066159	-0.5314032	0.31411939141450984	0.44592316537033194
591	CD14+ Mono	AP3M2	-1.0074388	-1.58312	0.31372396466524644	0.44592316537033194
592	CD14+ Mono	ZNF544	-1.0076739	-1.298764	0.3136110457790281	0.44592316537033194
593	CD14+ Mono	AHI1	-1.0097898	-1.0649049	0.31259597948306506	0.4455913598449509
594	CD14+ Mono	MIR181A1HG	-1.0128462	-0.38007087	0.31113359750917013	0.4440450372218253
595	CD14+ Mono	INVS	-1.014492	-0.5517325	0.3103480332946196	0.44346207430677115
596	CD14+ Mono	GAN	-1.0248368	-1.1742914	0.3054402056817743	0.4369801482746552
597	CD14+ Mono	SPEF2	-1.0255421	-1.4706565	0.3051074660801335	0.4369801482746552
598	CD14+ Mono	FCGR2B	-1.0314199	-1.0008981	0.30234399175208837	0.43413496251581923
599	CD14+ Mono	ALCAM	-1.0457615	-0.7207336	0.29567119787970175	0.425592813594283
600	CD14+ Mono	TPM1	-1.0474072	-0.7153474	0.2949118231020753	0.4255414772613995
601	CD14+ Mono	COLQ	-1.0624541	-2.201897	0.2880295832312144	0.4171462929555519
602	CD14+ Mono	MIPEP	-1.0678616	-1.433842	0.28558294948121077	0.41411288358804427
603	CD14+ Mono	TCF12	-1.0705653	-0.27534857	0.2843649159446854	0.4128557298159876
604	CD14+ Mono	ZRANB3	-1.070918	-1.3609312	0.28420630158134896	0.4128557298159876
605	CD14+ Mono	ENSG00000293488	-1.0755026	-0.9613581	0.28214976404710257	0.41116248143666995
606	CD14+ Mono	RAD51-AS1	-1.0778537	-0.8582665	0.28109905360205	0.4101395620794179
607	CD14+ Mono	ANKRD28	-1.088316	-1.0918189	0.27645562543546354	0.4038656093318076
608	CD14+ Mono	RALGPS2	-1.0885512	-1.0617125	0.27635188304518377	0.4038656093318076
609	CD14+ Mono	CD38	-1.0945463	-1.5271438	0.2737154187269336	0.4008584463547621
610	CD14+ Mono	SLC7A5	-1.09678	-1.8673587	0.2727376163308195	0.4004237662984316
611	CD14+ Mono	FHIT	-1.0998363	-0.8358569	0.2714034475955619	0.398963067965476
612	CD14+ Mono	KANTR	-1.1010119	-0.8951427	0.2708914981078693	0.3987088883289791
613	CD14+ Mono	ZNF568	-1.101247	-1.2915431	0.2707891876767018	0.3987088883289791
614	CD14+ Mono	COX10-DT	-1.1073598	-1.0846281	0.2681384094813489	0.39614418285184216
615	CD14+ Mono	CPLANE1	-1.1075948	-1.1521673	0.26803681374163923	0.39614418285184216
616	CD14+ Mono	CDC42EP3-AS1	-1.1091231	-1.0064658	0.26737708615761635	0.3960144248379809
617	CD14+ Mono	HIVEP1	-1.1155885	-0.6644167	0.2645982893877207	0.39239292348040294
618	CD14+ Mono	PDE8A	-1.1238173	-0.64854443	0.2610905184994302	0.38767986080218425
619	CD14+ Mono	MBD5	-1.129695	-0.48887148	0.25860474027061386	0.38496098045347077
620	CD14+ Mono	TANGO6	-1.131576	-0.6077033	0.25781276679883947	0.38426845849865043
621	CD14+ Mono	GALM	-1.1348674	-1.1914394	0.25643086438689366	0.3831800464027788
622	CD14+ Mono	LINC01182	-1.193527	-1.1472225	0.23266306654278057	0.3512346165010397
623	CD14+ Mono	CENPK	-1.19482	-1.7383559	0.23215734936349763	0.3509216489093486
624	CD14+ Mono	MMD	-1.1964658	-1.2218816	0.2315148384358171	0.350400836551507
625	CD14+ Mono	ERCC6L2-AS1	-1.2191538	-1.1306084	0.22278584581123428	0.33805955441807933
626	CD14+ Mono	RFX3	-1.2203293	-0.79532	0.22234007368955966	0.3380221138770324
627	CD14+ Mono	RIC8B	-1.2211522	-0.8208807	0.2220284134408005	0.3380221138770324
628	CD14+ Mono	NUBPL	-1.2366693	-1.0489185	0.21620987904589728	0.3297831618131974
629	CD14+ Mono	ENSG00000290879	-1.2411363	-2.0995197	0.21455537937216906	0.3281106971933301
630	CD14+ Mono	ENSG00000232053	-1.247837	-0.890146	0.21209077587733804	0.32518742168415843
631	CD14+ Mono	MED27	-1.2539498	-0.62447715	0.2098602671924953	0.32218756425375256
632	CD14+ Mono	PBX4	-1.2651174	-1.8767192	0.20582924624640908	0.31682616961489146
633	CD14+ Mono	SLC39A8	-1.2693493	-1.276382	0.20431649299066035	0.3149098240589994
634	CD14+ Mono	SPATS2L	-1.2715828	-0.915679	0.2035213639037846	0.3140959631900928
635	CD14+ Mono	BICD1	-1.2753446	-1.1191702	0.20218729515992973	0.3124471210355813
636	CD14+ Mono	FBXO22	-1.2862772	-0.92772365	0.19834635720877736	0.306914889575687
637	CD14+ Mono	GCLM	-1.2972096	-1.3912368	0.19455905302865295	0.3014511809772014
638	CD14+ Mono	IMMP1L	-1.2975624	-1.2172776	0.19443777150212438	0.3014511809772014
639	CD14+ Mono	EGLN3	-1.2985028	-2.1171353	0.1941146253344157	0.3014511809772014
640	CD14+ Mono	MAP3K4	-1.3046156	-0.8170806	0.19202377923749603	0.2987036565916605
641	CD14+ Mono	ZNF569	-1.3156657	-1.5728686	0.18828628141148152	0.29405666260279184
642	CD14+ Mono	LINC00630	-1.3197801	-1.1251929	0.18690845944936552	0.2922930163729439
643	CD14+ Mono	TBC1D4	-1.3238945	-1.0594914	0.185538098904811	0.2905363572730462
644	CD14+ Mono	CEP128	-1.3328285	-1.2974795	0.1825880672918171	0.2862980895135692
645	CD14+ Mono	CENPE	-1.339059	-1.4722905	0.18055148616293226	0.2834827072464731
646	CD14+ Mono	CRACR2A	-1.34141	-0.8790487	0.17978736553620522	0.2826603500943547
647	CD14+ Mono	LDLRAD4	-1.3463473	-0.35450906	0.17819053991209022	0.2805248660463428
648	CD14+ Mono	TSHZ2	-1.3471701	-2.204706	0.17792543170592945	0.2804829861744947
649	CD14+ Mono	UMAD1	-1.3530478	-0.75019664	0.1760403349312546	0.2778838038646381
650	CD14+ Mono	FUT8	-1.3551638	-1.167504	0.17536535834419076	0.2771904051246886
651	CD14+ Mono	ELP4	-1.3572798	-0.79645276	0.17469231447375577	0.2764981989517319
652	CD14+ Mono	BCL11A	-1.364333	-0.9154316	0.1724627608649204	0.27333720589911914
653	CD14+ Mono	BEX3	-1.3692703	-2.017842	0.17091478342361677	0.27161592608942337
654	CD14+ Mono	RETREG1	-1.3729146	-1.4642447	0.16977892053338406	0.27054201971173397
655	CD14+ Mono	DENND1B	-1.3730321	-0.6699815	0.16974237424631178	0.27054201971173397
656	CD14+ Mono	PRAG1	-1.3887843	-1.6455508	0.16489834142317006	0.26455722989583624
657	CD14+ Mono	ZSCAN30	-1.3963078	-1.5274614	0.162621827729296	0.26126129700772144
658	CD14+ Mono	NEK1	-1.4014802	-0.6108266	0.16107053179057018	0.2591230443032976
659	CD14+ Mono	GRK5	-1.4020679	-0.8011118	0.1608949578781559	0.2591230443032976
660	CD14+ Mono	CMSS1	-1.4480317	-1.3692647	0.14760821171723348	0.23976140466777152
661	CD14+ Mono	ID2	-1.4624908	-0.18536423	0.1436067741154351	0.23390798664785553
662	CD14+ Mono	TRERF1	-1.4680158	-0.6389048	0.14209992976634486	0.23177464272568868
663	CD14+ Mono	DLG2	-1.4691913	-1.167749	0.14178089682303577	0.23157546481095842
664	CD14+ Mono	CCSER1	-1.475069	-1.2924271	0.14019397975270573	0.22962133731083836
665	CD14+ Mono	PCNX2	-1.4770675	-1.4069419	0.13965755182092218	0.22938167729246436
666	CD14+ Mono	STAG1	-1.4832978	-0.37766427	0.13799529592594653	0.22728636976038255
667	CD14+ Mono	SPATS2	-1.4965814	-1.1813508	0.13450219845040276	0.22184373825760678
668	CD14+ Mono	RBL1	-1.5129215	-1.2218959	0.13029960564057647	0.21551664730424464
669	CD14+ Mono	SCAI	-1.5148023	-1.1235569	0.12982246685182341	0.2150298887573864
670	CD14+ Mono	FAM117B	-1.5197396	-0.5103379	0.12857643063258145	0.21326640680383044
671	CD14+ Mono	NIBAN3	-1.5218556	-3.1946645	0.12804526878776235	0.21268536171526628
672	CD14+ Mono	SNX25	-1.5253822	-2.3614829	0.12716379238979975	0.2118195748589299
673	CD14+ Mono	NR3C2	-1.5258524	-2.7632785	0.1270466198314161	0.2118195748589299
674	CD14+ Mono	CEP290	-1.5267929	-0.75237006	0.12681252679701494	0.2118195748589299
675	CD14+ Mono	LINGO2	-1.537843	-2.906051	0.1240870191114203	0.2084661921071861
676	CD14+ Mono	HELB	-1.5393711	-1.3013937	0.1237137121253949	0.20813637404787472
677	CD14+ Mono	KIF20B	-1.5394887	-0.6230165	0.12368503255075006	0.20813637404787472
678	CD14+ Mono	CLYBL	-1.5404291	-1.4571626	0.12345578273954602	0.20813637404787472
679	CD14+ Mono	ASH1L	-1.5424275	-0.3339036	0.12296972844617429	0.20777643771939794
680	CD14+ Mono	ZFYVE28	-1.5493633	-1.6647259	0.12129442202729313	0.2052406335310744
681	CD14+ Mono	LINC01278	-1.5591203	-0.88325727	0.11896792276320836	0.2015940593220937
682	CD14+ Mono	RUNX2	-1.5681719	-0.919747	0.11684101752007854	0.19827566609467873
683	CD14+ Mono	KLHL20	-1.5793395	-0.6070441	0.11425819403986573	0.19417288466890478
684	CD14+ Mono	ZNF107	-1.5800449	-1.6205027	0.11409658934600889	0.19417288466890478
685	CD14+ Mono	TSPAN33	-1.5827487	-1.2206613	0.11347877112603381	0.193407296875675
686	CD14+ Mono	ZBTB16	-1.5898019	-1.2146659	0.11187947231898243	0.19095828657057087
687	CD14+ Mono	SPDL1	-1.5912125	-1.3442974	0.1115617563994706	0.1906927696595602
688	CD14+ Mono	ORC2	-1.592388	-0.7371808	0.11129753733731929	0.1906927696595602
689	CD14+ Mono	TNF	-1.6001467	-1.1053667	0.10956605814882503	0.18837673155412024
690	CD14+ Mono	LDAH	-1.6024977	-1.2627674	0.10904559258684139	0.1877563936780754
691	CD14+ Mono	UBA6-DT	-1.6177797	-1.4429148	0.10571007208432294	0.1825477896786546
692	CD14+ Mono	ADAM28	-1.6276543	-1.1628087	0.10359820944036204	0.1794278266595961
693	CD14+ Mono	ZNF37BP--chr10:42513510(-)	-1.6290649	-1.2154244	0.10329927128890957	0.17917395727987853
694	CD14+ Mono	FAM222B	-1.6315336	-0.960179	0.10277778006000639	0.17853274645578657
695	CD14+ Mono	CCDC26	-1.6365885	-1.9633384	0.10171649935863007	0.17695059651738013
696	CD14+ Mono	GUSBP1--chr5:21341811(+)	-1.6472858	-1.0747728	0.09949930853415044	0.17334990642394207
697	CD14+ Mono	SMC6	-1.6512827	-0.69580334	0.0986808687411268	0.17217908255128356
698	CD14+ Mono	RNF11	-1.6542215	-0.4193082	0.09808251080076191	0.1713893502254027
699	CD14+ Mono	PITPNM2	-1.6556321	-2.6765614	0.09779633028262444	0.1711435779945928
700	CD14+ Mono	ATR	-1.6597465	-0.4769654	0.09696544668724975	0.169942422211931
701	CD14+ Mono	ZNF654	-1.6602168	-0.63067466	0.09687084907523426	0.169942422211931
702	CD14+ Mono	MGLL	-1.6623328	-1.7250872	0.0964460728118693	0.16953749122086442
703	CD14+ Mono	SFMBT1	-1.6672701	-1.7556765	0.09546072270798536	0.16805660165357902
704	CD14+ Mono	ANK3	-1.6709142	-2.5539598	0.09473862433671221	0.16728621954950984
705	CD14+ Mono	TASOR2	-1.6733829	-0.54091835	0.09425195253213019	0.16667713710945128
706	CD14+ Mono	NCAM1	-1.6760865	-2.648551	0.09372123282877089	0.16598820754011231
707	CD14+ Mono	SESN1	-1.686784	-0.9156405	0.09164489010569342	0.16255564217842453
708	CD14+ Mono	WAKMAR2	-1.7061805	-2.0824282	0.0879744884645625	0.15651739551335175
709	CD14+ Mono	RFX3-DT	-1.7191114	-1.7514951	0.08559408982580087	0.15251310550779065
710	CD14+ Mono	TTC38	-1.7214625	-1.6174935	0.08516693497805795	0.15198226939938717
711	CD14+ Mono	MCTP2	-1.724754	-1.2275077	0.08457181570791393	0.1511496280737185
712	CD14+ Mono	MIATNB	-1.7253418	-1.1988072	0.08446589928865895	0.1511496280737185
713	CD14+ Mono	RTTN	-1.7301614	-1.7160068	0.08360142757164404	0.15009966232710442
714	CD14+ Mono	ZC3H12D	-1.7547303	-2.0504122	0.0793054515250062	0.14282268146004182
715	CD14+ Mono	AGO3	-1.7549654	-0.4790418	0.07926522570257644	0.14282268146004182
716	CD14+ Mono	MAST4	-1.7566111	-2.82489	0.07898410931933808	0.14268097167364296
717	CD14+ Mono	CEP250-AS1	-1.7675437	-1.3527281	0.07713721827925343	0.13977406578798465
718	CD14+ Mono	LINC00865	-1.7755374	-2.2548082	0.07580920024880189	0.13757965971078862
719	CD14+ Mono	LINC01934	-1.8016344	-2.7725153	0.07160294729749786	0.13034839941464008
720	CD14+ Mono	TASP1	-1.820208	-1.3623049	0.0687273447643393	0.12530753091916746
721	CD14+ Mono	TTC27	-1.8253803	-1.0347803	0.06794365718469195	0.1240710261633505
722	CD14+ Mono	DDIT4	-1.8319633	-1.0230079	0.06695688122294076	0.12245924155237688
723	CD14+ Mono	CDKAL1	-1.8341969	-0.592864	0.06662477477022324	0.12204164350433416
724	CD14+ Mono	BLNK	-1.8405448	-2.6968598	0.06568829335575563	0.1205139360161757
725	CD14+ Mono	PTBP2	-1.8432485	-0.9896934	0.06529273010168822	0.1199753915618521
726	CD14+ Mono	STRBP	-1.8517125	-1.4562445	0.06406712657528865	0.11809238378140981
727	CD14+ Mono	MSH6	-1.8564146	-1.0280917	0.06339448449207306	0.11703597136998105
728	CD14+ Mono	GNG7	-1.867112	-1.3184426	0.0618859447869493	0.11461082058181477
729	CD14+ Mono	ZBTB10	-1.8701684	-1.3404114	0.061460431239602174	0.11400231409743243
730	CD14+ Mono	ADK	-1.8719318	-0.47510484	0.06121604651116365	0.11372838972690119
731	CD14+ Mono	FARS2	-1.8907404	-0.8814146	0.058659005622760614	0.10915030160184569
732	CD14+ Mono	CHD7	-1.8994395	-1.1311862	0.0575067256769179	0.10717576766411323
733	CD14+ Mono	HLTF	-1.9067278	-1.5563723	0.05655584930828247	0.10557091870879394
734	CD14+ Mono	ODC1	-1.9095491	-0.7628368	0.05619129846219495	0.10505718122661568
735	CD14+ Mono	STXBP5	-1.9465786	-0.6259212	0.05158527473874096	0.09690780046766673
736	CD14+ Mono	DAB2	-1.949635	-1.1610637	0.051219636296744114	0.09637486765595374
737	CD14+ Mono	KIF3A	-1.9716177	-2.1263964	0.04865327197274459	0.09218654080271244
738	CD14+ Mono	BANK1	-1.9730283	-1.7825588	0.048492339413371624	0.09212761090488696
739	CD14+ Mono	NRF1	-1.973616	-0.7664171	0.04842541624691755	0.09212761090488696
740	CD14+ Mono	PIBF1	-1.9746741	-0.74132186	0.04830515002436145	0.09206945936571971
741	CD14+ Mono	SLC12A2	-1.9747916	-1.5721351	0.04829180261142033	0.09206945936571971
742	CD14+ Mono	FAF1	-1.9786708	-0.5016256	0.0478530728616279	0.09150441249638115
743	CD14+ Mono	ZNF141	-1.9965391	-1.4536637	0.045875272862727384	0.08786534346346483
744	CD14+ Mono	DUSP16	-2.0207553	-2.208247	0.04330510627704497	0.08321373363040015
745	CD14+ Mono	CDK17	-2.0405045	-0.78779936	0.04130011804076309	0.07962121117366787
746	CD14+ Mono	ZBTB20	-2.0610764	-0.70735043	0.03929575934282333	0.07588146631717609
747	CD14+ Mono	ENSG00000307088	-2.0628397	-2.3371706	0.039127867041467104	0.07580621357621962
748	CD14+ Mono	H2AC6	-2.0634274	-0.71733814	0.0390720384885244	0.07580621357621962
749	CD14+ Mono	GFOD1	-2.0737722	-1.2711319	0.03810047527097105	0.07405976680770571
750	CD14+ Mono	ZNF626	-2.0774164	-2.109566	0.03776314896870791	0.07364753430713185
751	CD14+ Mono	CMAHP--chr6:25061611(-)	-2.1016326	-0.4640497	0.03558548130200777	0.06963149086715663
752	CD14+ Mono	CNST	-2.1063347	-0.89634335	0.03517529288427172	0.06894357405317257
753	CD14+ Mono	TLK1	-2.1243205	-0.59626865	0.033643357950925816	0.06627234330031617
754	CD14+ Mono	TSPOAP1	-2.1300807	-2.6833434	0.0331649606309525	0.06554956924705906
755	CD14+ Mono	HIPK2	-2.1480663	-0.58744866	0.0317084834901691	0.06277639155629439
756	CD14+ Mono	KIAA0586	-2.1620553	-0.8034701	0.03061391330653867	0.060711571751247
757	CD14+ Mono	TRAF4	-2.172635	-2.7552006	0.02980778602130011	0.05931295492563271
758	CD14+ Mono	STAMBPL1	-2.1749864	-3.0813913	0.02963114597086096	0.059061402816495745
759	CD14+ Mono	DOCK9	-2.1782777	-2.8949223	0.029385362692569236	0.05877072538513847
760	CD14+ Mono	RGS1	-2.1818044	-1.7581784	0.029123971738866432	0.05834717336440702
761	CD14+ Mono	NUCB2	-2.1826272	-0.89650077	0.029063269249345176	0.058324922589129566
762	CD14+ Mono	CCDC14	-2.1890926	-1.1276424	0.02859009902834374	0.05747342984159357
763	CD14+ Mono	DIPK1A	-2.2060206	-1.196971	0.02738256104632539	0.05514022566862784
764	CD14+ Mono	LINC00987	-2.221773	-2.9225934	0.026298663856710803	0.05313956820531255
765	CD14+ Mono	ENSG00000262879	-2.2506912	-1.2497447	0.024405108107363682	0.049740740267347816
766	CD14+ Mono	GK5	-2.2582145	-1.0779192	0.023932284999441757	0.04886174854052692
767	CD14+ Mono	RAPGEF6	-2.2658556	-0.7419905	0.023460226289297777	0.04798126281080728
768	CD14+ Mono	ATP8A1	-2.2854872	-1.1068755	0.02228428020704618	0.045895470268802634
769	CD14+ Mono	NCK2	-2.2966547	-1.2222213	0.02163847148747445	0.04464358327942097
770	CD14+ Mono	FBXO32	-2.2995937	-2.570543	0.021471253647889304	0.04437643987683273
771	CD14+ Mono	SMC2	-2.300534	-1.0501974	0.02141798210395023	0.044344272806770196
772	CD14+ Mono	BICDL1	-2.317462	-3.8183942	0.02047858651391949	0.04247410536220338
773	CD14+ Mono	ENSG00000289424	-2.3223991	-1.248678	0.02021145455138806	0.041994117583802754
774	CD14+ Mono	PDE3B	-2.3275714	-0.81180066	0.0199348680459178	0.041566320606381796
775	CD14+ Mono	ENSG00000293372	-2.3421483	-3.4571533	0.019173099217491354	0.040191737397094175
776	CD14+ Mono	OSBPL3	-2.3432062	-1.3058445	0.01911881334727061	0.04014950802926828
777	CD14+ Mono	CDC14A	-2.3529632	-1.0779948	0.018624477530164888	0.03925158705282062
778	CD14+ Mono	CASP8AP2	-2.3539035	-0.7161571	0.018577426877294034	0.039222718146674655
779	CD14+ Mono	LINC00342	-2.3760037	-1.7852964	0.017501282579908045	0.03708379876391326
780	CD14+ Mono	VWA8	-2.380706	-1.0153601	0.017279498296999228	0.03667994584344962
781	CD14+ Mono	CMC1	-2.3814113	-1.0295411	0.017246444154018933	0.03667598250474912
782	CD14+ Mono	ATF7IP2	-2.3845851	-1.6924222	0.017098385886961706	0.03642699602004885
783	CD14+ Mono	TBC1D31	-2.3875241	-1.998961	0.01696229043488007	0.036202638024353834
784	CD14+ Mono	RICTOR	-2.403159	-0.6065426	0.016254127299246853	0.034817584160135334
785	CD14+ Mono	FBXL17	-2.4069204	-0.85368973	0.01608767009176248	0.03452390516042459
786	CD14+ Mono	NFAT5	-2.4140913	-0.55581534	0.01577450760469015	0.033913749438968216
787	CD14+ Mono	MGAT5	-2.4243186	-1.2846742	0.015337145948594522	0.033033852812357434
788	CD14+ Mono	SYNJ2	-2.424436	-2.772227	0.015332181487500526	0.033033852812357434
789	CD14+ Mono	FLNB	-2.4246712	-3.0699	0.015322256809023741	0.033033852812357434
790	CD14+ Mono	NAV1	-2.4247887	-1.2685026	0.015317296590971892	0.033033852812357434
791	CD14+ Mono	ANKRD36C	-2.4372494	-1.6254163	0.014799464365002015	0.03217036985811898
792	CD14+ Mono	ZCCHC7	-2.4385426	-0.6695643	0.014746620876333187	0.032114863241792274
793	CD14+ Mono	PTGDS	-2.4413638	-3.9569416	0.014631902868854121	0.031924151713863536
794	CD14+ Mono	TRABD2A	-2.4559405	-1.2990918	0.014051638197535833	0.030887339290284376
795	CD14+ Mono	PATJ	-2.4684014	-2.430049	0.013571806050834833	0.02988847175240031
796	CD14+ Mono	RNF157	-2.4693418	-3.2663758	0.013536186815887035	0.029865958152876463
797	CD14+ Mono	LGR6	-2.5010815	-1.9593052	0.012381472359646588	0.02736957047921877
798	CD14+ Mono	SLC12A2-DT	-2.5109558	-1.6690643	0.012040472881548924	0.02670144588719821
799	CD14+ Mono	ZBTB38	-2.5183618	-0.8385231	0.011790213053541488	0.026210379113354988
800	CD14+ Mono	ZHX2	-2.519655	-1.497933	0.011746993134862828	0.026163757436739935
801	CD14+ Mono	BACH2	-2.5271783	-2.7225296	0.01149830805470805	0.02570724386375792
802	CD14+ Mono	SP4	-2.5275311	-1.4582988	0.011486766444269866	0.02570724386375792
803	CD14+ Mono	FCRL3	-2.5318806	-7.577521	0.01134526302611005	0.0254618880127966
804	CD14+ Mono	H4C3	-2.53576	-0.588114	0.011220365202229104	0.025278064133757522
805	CD14+ Mono	DBF4	-2.535995	-1.1606616	0.011212835032788963	0.025278064133757522
806	CD14+ Mono	UST	-2.5434008	-2.3960283	0.010977920468478987	0.02487482557019516
807	CD14+ Mono	GNB5	-2.561034	-2.518014	0.010436114858293166	0.02369280129990881
808	CD14+ Mono	XKR6	-2.5811357	-2.6443734	0.00984758551545449	0.0224433344305707
809	CD14+ Mono	GPR183	-2.5973582	-0.9884012	0.009394389950169037	0.021452043847376284
810	CD14+ Mono	LPP	-2.617225	-0.73809487	0.008864792624908307	0.020282093632085933
811	CD14+ Mono	SLAMF1	-2.638032	-4.91128	0.008338873098285958	0.019116013184374826
812	CD14+ Mono	HLCS	-2.640618	-1.7549791	0.008275494054086632	0.019007775405480234
813	CD14+ Mono	ARID2	-2.643557	-0.69947076	0.008203995864687107	0.018880428839279918
814	CD14+ Mono	SYNGAP1	-2.6452026	-1.7521707	0.008164198804035561	0.018825681948129058
815	CD14+ Mono	LINC00299	-2.6494346	-2.7269392	0.008062655767813056	0.01862806126315944
816	CD14+ Mono	SNHG22	-2.6710646	-2.3620842	0.007561108655344369	0.017538192857366817
817	CD14+ Mono	SSX2IP	-2.6752965	-2.532733	0.007466316781363417	0.01735254651162723
818	CD14+ Mono	TRG-AS1	-2.6835253	-2.0013304	0.007285044805740531	0.01699843788006124
819	CD14+ Mono	CCDC7	-2.7392461	-1.9233377	0.006158027372126399	0.014454770837566158
820	CD14+ Mono	LIMA1	-2.7427726	-3.0376532	0.006092285100673582	0.014329054556784265
821	CD14+ Mono	ZNF600	-2.7533524	-1.7920669	0.005898834207140927	0.013901861778752966
822	CD14+ Mono	GNLY	-2.8279994	-3.5056295	0.004683989764792751	0.011105588635879586
823	CD14+ Mono	H2BC5	-2.8299978	-0.7562564	0.00465483246084403	0.011081139623385788
824	CD14+ Mono	DENND2D	-2.8316436	-1.577792	0.004630944067406694	0.011046633312921444
825	CD14+ Mono	ATP10A	-2.832819	-1.9712409	0.004613948955013089	0.011028463355884944
826	CD14+ Mono	UBR1	-2.8557422	-1.1616182	0.004293636772816493	0.010304728254759582
827	CD14+ Mono	ANKRD36	-2.8709066	-1.9920067	0.004092964009435444	0.00984320178956254
828	CD14+ Mono	OXCT1	-2.8840728	-1.9361979	0.003925681255432306	0.009460248271287688
829	CD14+ Mono	NCALD	-2.8957105	-3.3946228	0.0037830115809482775	0.009135157328942864
830	CD14+ Mono	LINC01871	-2.8986495	-6.3128953	0.003747737091569315	0.009087296535434051
831	CD14+ Mono	IKZF2	-2.9202793	-4.7389307	0.0034971773898171115	0.008514866688250359
832	CD14+ Mono	HLA-DOA	-2.9212198	-1.5049227	0.0034866375724152804	0.008506816981660519
833	CD14+ Mono	TENT5C	-2.9268625	-5.013539	0.0034240034436480767	0.008371368086757045
834	CD14+ Mono	SMC4	-2.935679	-0.65597576	0.00332818585389727	0.008183471773280873
835	CD14+ Mono	IGKC	-2.9361491	-4.5056877	0.0033231448452092495	0.008183471773280873
836	CD14+ Mono	CDR2	-2.9486098	-1.2252334	0.00319206620924034	0.007886281222829075
837	CD14+ Mono	RFX7	-2.9570737	-0.9300777	0.003105737767888525	0.007689152873761906
838	CD14+ Mono	TLR10	-2.9680064	-3.0507596	0.002997381578947641	0.007436541638908071
839	CD14+ Mono	CCDC91	-2.984699	-0.6561427	0.002838574818357748	0.007072381327094728
840	CD14+ Mono	XRRA1	-2.9877555	-1.0757356	0.002810343538981215	0.007016908708793862
841	CD14+ Mono	YPEL1	-2.991282	-2.8167393	0.0027780877410945913	0.006951130177717531
842	CD14+ Mono	MFHAS1	-3.007387	-1.5203063	0.0026350410556436566	0.0066072671245990195
843	CD14+ Mono	PPM1L	-3.012677	-0.8791154	0.002589544654443383	0.006524725339790567
844	CD14+ Mono	TOX	-3.0138524	-3.7341053	0.002579532387573502	0.006523720618895566
845	CD14+ Mono	DTX3	-3.0378335	-4.8710256	0.002382855925596392	0.006052351119873341
846	CD14+ Mono	TNFRSF25	-3.0385387	-4.9456143	0.002377284897708396	0.00605127064871228
847	CD14+ Mono	CYP4F22	-3.0546436	-4.8771567	0.002253280290389799	0.005748064254877231
848	CD14+ Mono	TPD52	-3.058758	-4.133752	0.00222256528968714	0.005682036479721905
849	CD14+ Mono	FOXO1	-3.0749805	-0.8869332	0.0021051626356942523	0.005393619301909456
850	CD14+ Mono	DENND11	-3.0808582	-2.2897415	0.002064048638087771	0.005299827944085631
851	CD14+ Mono	SESN3	-3.0817988	-1.0669526	0.0020575391772123526	0.005294674119040977
852	CD14+ Mono	LINC00649	-3.0883818	-2.7264678	0.002012497706003131	0.00519012566285018
853	CD14+ Mono	ZNF101	-3.104134	-1.4815196	0.0019083687998656747	0.004954175957267182
854	CD14+ Mono	JAKMIP2	-3.123648	-3.938172	0.0017862401913117626	0.004647385984474852
855	CD14+ Mono	GUCY1A1	-3.124941	-2.9280229	0.0017784068028090423	0.00463726474524043
856	CD14+ Mono	NMT2	-3.136579	-3.0796072	0.0017093141873016397	0.004467007742814952
857	CD14+ Mono	RASA2	-3.1833656	-0.7754598	0.001455737422776853	0.0038128000204578597
858	CD14+ Mono	GNPTAB	-3.186657	-0.73494554	0.0014392735604930775	0.0037780930962943286
859	CD14+ Mono	TMEM156	-3.1970017	-3.380328	0.0013886408476754483	0.003653336995226683
860	CD14+ Mono	IFIT2	-3.2102854	-0.86584675	0.0013260325796794108	0.0034964446495582674
861	CD14+ Mono	MLLT3	-3.2118134	-2.193566	0.0013189994037744474	0.0034857152782893264
862	CD14+ Mono	STOM	-3.2450814	-0.93311536	0.001174170618028117	0.00311698565869315
863	CD14+ Mono	MAGED1	-3.252252	-1.7969587	0.0011449438839655956	0.003046276035166381
864	CD14+ Mono	TRDC	-3.2544856	-8.18885	0.0011359787445565275	0.00302927665215074
865	CD14+ Mono	LINC01215	-3.27976	-3.4764311	0.0010389548480123376	0.002776842957414793
866	CD14+ Mono	CD2AP	-3.284462	-1.221756	0.001021772719182239	0.002737140587148777
867	CD14+ Mono	NR4A1	-3.2919855	-0.73941743	0.000994827497640706	0.002677155920424417
868	CD14+ Mono	FMNL3	-3.298451	-1.767537	0.0009721986336056092	0.0026282887198165435
869	CD14+ Mono	SIT1	-3.30186	-7.0916677	0.0009604598881906127	0.0026025364712261765
870	CD14+ Mono	ARHGEF12	-3.3293676	-2.631222	0.0008704341163196885	0.002364042773191579
871	CD14+ Mono	KIFAP3	-3.3345401	-1.6146926	0.0008544059106464264	0.002325882756759716
872	CD14+ Mono	SIRPG	-3.3347752	-7.7192736	0.0008536839004904742	0.002325882756759716
873	CD14+ Mono	SLFN13	-3.336656	-4.509775	0.0008479281562579481	0.0023189849110682487
874	CD14+ Mono	CCR7	-3.3487642	-6.268002	0.0008117287307757829	0.0022251584787699786
875	CD14+ Mono	PLEKHA1	-3.374626	-1.5356059	0.0007391606495005751	0.0020357211330507643
876	CD14+ Mono	BDP1	-3.375449	-0.59283084	0.0007369537712487113	0.002034407593869682
877	CD14+ Mono	STK39	-3.387322	-1.1224384	0.0007057853421309906	0.0019529495584612825
878	CD14+ Mono	KLRG1	-3.38885	-4.741146	0.000701863762401703	0.001946678737227365
879	CD14+ Mono	LLGL2	-3.4311695	-2.983382	0.000600984848280468	0.0016816729558599604
880	CD14+ Mono	ENDOD1	-3.4553857	-2.40733	0.0005495061314850703	0.0015459789727905327
881	CD14+ Mono	SEPTIN11	-3.4597352	-1.4035169	0.0005407068342070499	0.0015285366274699294
882	CD14+ Mono	TNRC6B	-3.4614985	-0.5624486	0.0005371770929994326	0.0015222174972706814
883	CD14+ Mono	HOXB2	-3.4686694	-1.8819433	0.0005230428330888569	0.0014857448592089269
884	CD14+ Mono	THEMIS	-3.484304	-4.810291	0.0004934186884260142	0.0014049888077215323
885	CD14+ Mono	PRSS23	-3.4922976	-5.540831	0.0004788842125582547	0.0013669122183701638
886	CD14+ Mono	TUT4	-3.4937084	-1.1367517	0.00047636113353103455	0.0013630187178406243
887	CD14+ Mono	ZEB1	-3.5123994	-3.656291	0.0004440800171765826	0.0012737514639016125
888	CD14+ Mono	PTPN13	-3.5195704	-3.5362132	0.00043224655923376613	0.0012428409624912198
889	CD14+ Mono	OCIAD2	-3.5609493	-4.6882944	0.00036951644519791105	0.0010703234964353286
890	CD14+ Mono	CD6	-3.5669446	-4.229765	0.0003611678627058558	0.001051320313222986
891	CD14+ Mono	MSI2	-3.5901027	-1.2111921	0.00033054768291751257	0.0009669753112213801
892	CD14+ Mono	STMN1	-3.6044443	-2.9975586	0.00031282150649444493	0.0009174017247817138
893	CD14+ Mono	MYO9A	-3.6164348	-1.0228965	0.0002986884655738111	0.0008781440887870046
894	CD14+ Mono	INPP4B	-3.6178455	-3.4848876	0.00029706564842239846	0.0008755619111397006
895	CD14+ Mono	MAL	-3.6230178	-7.1192136	0.0002911857010532342	0.0008603879005995061
896	CD14+ Mono	VPS13A	-3.6257217	-2.0612657	0.00028815565641586617	0.0008535794759321375
897	CD14+ Mono	TCF7L2	-3.647234	-1.4417391	0.0002650784857587052	0.0007872027758894883
898	CD14+ Mono	SACS	-3.6611054	-2.1902494	0.0002511294138727514	0.0007476663056059636
899	CD14+ Mono	SYTL2	-3.6668656	-4.370237	0.0002455418123396699	0.0007328862216026697
900	CD14+ Mono	HERC2P3--chr15:20370222(-)	-3.6674533	-3.8300803	0.000244978253558555	0.0007328862216026697
901	CD14+ Mono	GZMH	-3.6699219	-6.266439	0.00024262453006505295	0.0007278735901951589
902	CD14+ Mono	UGCG	-3.6714501	-1.9208099	0.0002411781123852748	0.0007253848086063507
903	CD14+ Mono	TSEN54	-3.6802666	-2.1957662	0.00023299012247514583	0.0007025548308481321
904	CD14+ Mono	C1orf21	-3.6907291	-4.3501143	0.0002236122409380525	0.0006760102708050122
905	CD14+ Mono	ITM2C	-3.6916695	-4.0592375	0.00022278687342275607	0.0006752509359411369
906	CD14+ Mono	GPR171	-3.70366	-7.3069677	0.00021251104955141944	0.0006457700110399723
907	CD14+ Mono	S1PR5	-3.7043653	-7.7791643	0.0002119206688491184	0.0006456443175299566
908	CD14+ Mono	RCAN3	-3.7074218	-1.6173793	0.00020938010625643543	0.0006395610518378391
909	CD14+ Mono	CBLB	-3.7121239	-1.6352053	0.00020552733952304965	0.0006294274772893396
910	CD14+ Mono	F2R	-3.712594	-4.4784975	0.00020514574730558626	0.0006294274772893396
911	CD14+ Mono	AQP3	-3.7177665	-6.1263638	0.0002009919246235088	0.0006187604799927915
912	CD14+ Mono	CD28	-3.7271707	-4.995007	0.0001936412284115292	0.0005976957601363736
913	CD14+ Mono	PRDM1	-3.7391613	-2.0536354	0.00018463520805259574	0.0005729050255141229
914	CD14+ Mono	CCDC186	-3.7489183	-0.97930455	0.00017759890735611304	0.0005525299339967961
915	CD14+ Mono	SVIL	-3.7642004	-0.9323794	0.0001670828808519618	0.0005211922224984273
916	CD14+ Mono	TRAT1	-3.7812457	-6.4800506	0.0001560455655177431	0.000488057407044856
917	CD14+ Mono	USP9Y	-3.7892394	-1.6932946	0.0001511092457822331	0.000473878594773083
918	CD14+ Mono	ENPP4	-3.7899446	-3.1500144	0.0001506808195732496	0.0004737985128827314
919	CD14+ Mono	CAMK1D	-3.7912378	-0.6802808	0.00014989833995426963	0.00047260173669228173
920	CD14+ Mono	PTGDR	-3.81228	-7.30372	0.00013769077228824818	0.000436453768762749
921	CD14+ Mono	FMNL2	-3.813338	-1.7290409	0.00013710241656215885	0.0004357633564245913
922	CD14+ Mono	H1-3	-3.8260338	-1.6031213	0.0001302244040122894	0.00041502411685217437
923	CD14+ Mono	CD27	-3.8321466	-6.204206	0.00012702998117574164	0.00040594363549639176
924	CD14+ Mono	MTMR1	-3.833087	-1.5387585	0.00012654513640302152	0.00040549613190722975
925	CD14+ Mono	EOMES	-3.8335574	-6.865271	0.00012630336860903145	0.00040549613190722975
926	CD14+ Mono	ZNF831	-3.8346152	-5.029379	0.00012576098195797906	0.0004051915473495435
927	CD14+ Mono	PALM2AKAP2	-3.8435495	-3.1777713	0.00012126758087634753	0.0003917875689851228
928	CD14+ Mono	PLCG1	-3.8496623	-4.539446	0.00011828083468352876	0.0003831908032722585
929	CD14+ Mono	CX3CR1	-3.8520133	-0.8659078	0.00011715066562150608	0.00038057785295826283
930	CD14+ Mono	HIVEP2	-3.862358	-1.8776286	0.00011229781881906767	0.00036582336546045317
931	CD14+ Mono	SIDT1	-3.8674128	-3.1593363	0.00010999610822846869	0.0003593206202129977
932	CD14+ Mono	NCR1	-3.8683534	-5.542781	0.0001095728235406743	0.00035893493170984116
933	CD14+ Mono	ADGRG5	-3.8724678	-4.79157	0.00010773895695405923	0.0003539134451898705
934	CD14+ Mono	ARID5B	-3.8770523	-2.0810633	0.00010572963203394827	0.0003482858467000649
935	CD14+ Mono	LRBA	-3.8825774	-1.4685916	0.00010335512145383396	0.00034238203614002464
936	CD14+ Mono	HES1	-3.8828125	-4.8771157	0.00010325520343357326	0.00034238203614002464
937	CD14+ Mono	IL3RA--chrX:1335025(+)	-3.8843408	-3.5504951	0.00010260795514288268	0.00034183273441368284
938	CD14+ Mono	TRAF5	-3.8861039	-3.9417546	0.00010186588891351298	0.00034032467432469106
939	CD14+ Mono	SNHG14	-3.889748	-2.1657503	0.00010034830748523555	0.0003362097139676268
940	CD14+ Mono	CASP5	-3.901621	-2.1486695	9.55506306047074e-05	0.00032105011883181686
941	CD14+ Mono	HCG18	-3.917726	-1.3991323	8.938821406738836e-05	0.0003012049849376754
942	CD14+ Mono	VEGFB	-3.9324203	-2.2939909	8.409486524741245e-05	0.0002841826480774628
943	CD14+ Mono	LINC02384	-3.9424124	-2.1153965	8.066611693350864e-05	0.00027338142222998893
944	CD14+ Mono	ADGRG1	-3.9484076	-5.6435676	7.867275080151831e-05	0.0002673964015681663
945	CD14+ Mono	CEACAM21	-3.9498184	-3.8971298	7.821053869331561e-05	0.0002665959231980845
946	CD14+ Mono	LEF1	-3.9580472	-6.0722456	7.556505993229784e-05	0.000259080205482164
947	CD14+ Mono	SFXN1	-3.9850845	-2.4895449	6.745610384603637e-05	0.000231954321996897
948	CD14+ Mono	SVIP	-3.9903746	-2.378715	6.596905431945279e-05	0.0002275061814653269
949	CD14+ Mono	SCML4	-3.9916675	-4.953191	6.561030114684757e-05	0.00022693445337850808
950	CD14+ Mono	TRGC2	-3.9982507	-5.115856	6.381236921859899e-05	0.00022136680295301595
951	CD14+ Mono	AFF3	-4.0188227	-1.8710911	5.848969258801383e-05	0.0002053250103985202
952	CD14+ Mono	PPP1R16B	-4.059849	-2.6136682	4.9104469269379793e-05	0.00017289477802631928
953	CD14+ Mono	PRKCQ-AS1	-4.0637283	-3.7426047	4.829505030698661e-05	0.00017055549297602477
954	CD14+ Mono	ABI2	-4.0736027	-2.1383493	4.629140561588856e-05	0.00016397196688037636
955	CD14+ Mono	CAMK4	-4.0777173	-4.5836315	4.5480039322214184e-05	0.00016158467142877306
956	CD14+ Mono	GPR174	-4.0877094	-5.5839424	4.356535993932879e-05	0.00015525110087469897
957	CD14+ Mono	OXNAD1	-4.136142	-2.3327549	3.531943184199191e-05	0.00012702034203725533
958	CD14+ Mono	CD5	-4.15495	-6.357935	3.253583378017166e-05	0.00011736852921926955
959	CD14+ Mono	NIPAL3	-4.1751695	-2.457675	2.9776419628269745e-05	0.00010807737494705316
960	CD14+ Mono	ODF2L	-4.210083	-1.9933571	2.55276748901185e-05	9.294286585380606e-05
961	CD14+ Mono	CARD11	-4.216431	-2.8872545	2.481991332754642e-05	9.064663997886518e-05
962	CD14+ Mono	ABCA2	-4.2271285	-3.789546	2.366925412429949e-05	8.698450890680062e-05
963	CD14+ Mono	KAT6B	-4.248171	-1.0339931	2.155231940087469e-05	7.970291702964978e-05
964	CD14+ Mono	LAX1	-4.252403	-4.667409	2.1148920392263683e-05	7.870610880158889e-05
965	CD14+ Mono	PRKCQ	-4.2549887	-3.8127944	2.0905948351164018e-05	7.804887384434567e-05
966	CD14+ Mono	PPM1N	-4.2648635	-3.9235067	2.0002459179394214e-05	7.491366877378214e-05
967	CD14+ Mono	SEL1L3	-4.272622	-2.7047067	1.9318786785687732e-05	7.258432351427722e-05
968	CD14+ Mono	SATB1-AS1	-4.2820263	-4.0048265	1.8519913410990165e-05	6.98058274721937e-05
969	CD14+ Mono	GRAP2	-4.2864933	-3.5804355	1.815156752062226e-05	6.863743859888032e-05
970	CD14+ Mono	CD8A	-4.3297534	-6.076693	1.492765359803717e-05	5.699649555614192e-05
971	CD14+ Mono	HOPX	-4.346916	-7.54089	1.3806499109727863e-05	5.2887436329120415e-05
972	CD14+ Mono	SAMD9L	-4.353029	-0.79226685	1.3426942456100205e-05	5.160158277246353e-05
973	CD14+ Mono	AAK1	-4.3542047	-1.065697	1.3355101145819501e-05	5.149376704093028e-05
974	CD14+ Mono	CARMIL2	-4.379361	-5.2316084	1.1902778630876569e-05	4.6044959440496196e-05
975	CD14+ Mono	CCL4	-4.3866496	-6.1514997	1.151101056608855e-05	4.467639744462091e-05
976	CD14+ Mono	KLRF1	-4.3932323	-4.8779516	1.1167761351962429e-05	4.3487706456648394e-05
977	CD14+ Mono	SNED1	-4.400521	-1.6718173	1.0799137888465604e-05	4.2191980587493525e-05
978	CD14+ Mono	GLCCI1	-4.4167433	-2.3381577	1.001991246396649e-05	3.9409421597406666e-05
979	CD14+ Mono	AKT3	-4.442723	-1.7876587	8.882760801450568e-06	3.5054116451361974e-05
980	CD14+ Mono	ARHGEF3	-4.444016	-0.94207764	8.829511000065787e-06	3.496129608106857e-05
981	CD14+ Mono	IL18R1	-4.4793997	-4.590402	7.485328635323154e-06	2.9739008361959557e-05
982	CD14+ Mono	SPON2	-4.5120797	-4.6248584	6.4195071224946184e-06	2.5590984325605668e-05
983	CD14+ Mono	FGFBP2	-4.546523	-6.8001175	5.453941124261895e-06	2.1890221031167197e-05
984	CD14+ Mono	THEM4	-4.5860214	-2.2995956	4.517727755660283e-06	1.8194684385809908e-05
985	CD14+ Mono	ATP8B2	-4.5914288	-5.4362082	4.402220852044911e-06	1.779041828867634e-05
986	CD14+ Mono	DGKA	-4.6098847	-1.5851681	4.028924060144663e-06	1.6337981705965945e-05
987	CD14+ Mono	SH2D1A	-4.6191716	-8.454739	3.852754157640476e-06	1.567764321586574e-05
988	CD14+ Mono	PPP3CC	-4.71345	-1.3268838	2.435576886716115e-06	9.979924804105056e-06
989	CD14+ Mono	PLD4	-4.7560043	-2.2826962	1.974621282172794e-06	8.119421775647572e-06
990	CD14+ Mono	GBP1	-4.784335	-1.0179031	1.7155437142323006e-06	7.078875115569072e-06
991	CD14+ Mono	EEIG1	-4.815957	-3.4324372	1.4649604212860528e-06	6.087609383153351e-06
992	CD14+ Mono	BIRC3	-4.8218346	-1.8400042	1.4224376850699852e-06	5.931867793057811e-06
993	CD14+ Mono	GZMM	-4.829358	-7.253553	1.3697380945848126e-06	5.732427043529323e-06
994	CD14+ Mono	KPNA5	-4.861568	-1.9414802	1.1645953909533994e-06	4.908832185524006e-06
995	CD14+ Mono	ARB2A	-4.8639193	-0.88679373	1.1508395619974178e-06	4.868299729888357e-06
996	CD14+ Mono	SLC16A7	-4.8680334	-1.2378441	1.127142193128446e-06	4.785267939057951e-06
997	CD14+ Mono	TBX21	-4.8985977	-6.453037	9.65230990262499e-07	4.112723349814126e-06
998	CD14+ Mono	STAT4	-4.939859	-4.23096	7.817905110181247e-07	3.3554220472894694e-06
999	CD14+ Mono	FKBP11	-4.940094	-3.1346986	7.808484399923779e-07	3.3554220472894694e-06
1000	CD14+ Mono	SH2D2A	-4.940329	-8.36306	7.799074625062678e-07	3.3554220472894694e-06
1001	CD14+ Mono	GOLGA8B	-4.97489	-2.8480036	6.528463241670272e-07	2.8330157831011954e-06
1002	CD14+ Mono	GATA3	-4.9802976	-6.159758	6.348653839036012e-07	2.765191449891241e-06
1003	CD14+ Mono	SLA2	-4.9961677	-4.0070176	5.848087080873343e-07	2.5566358390732534e-06
1004	CD14+ Mono	TGFBR3	-4.9992237	-4.3836546	5.756152935219451e-07	2.5258342730664457e-06
1005	CD14+ Mono	PDE7A	-5.00228	-1.420675	5.665612833864953e-07	2.49541598974726e-06
1006	CD14+ Mono	KLRD1	-5.004984	-5.5694637	5.58666543265005e-07	2.4698941912768642e-06
1007	CD14+ Mono	ENSG00000268027	-5.1382904	-5.7662263	2.7724916390242663e-07	1.2350190028380823e-06
1008	CD14+ Mono	ITGA6	-5.1436977	-4.6198525	2.69382574781575e-07	1.2045395739282593e-06
1009	CD14+ Mono	PPM1K	-5.1514564	-1.6606141	2.5847119905765946e-07	1.160160801877128e-06
1010	CD14+ Mono	PHTF2	-5.161096	-1.3324032	2.455083322429611e-07	1.1061984625200086e-06
1011	CD14+ Mono	RDUR	-5.1746144	-3.089177	2.2838184101565504e-07	1.032988634747732e-06
1012	CD14+ Mono	PCED1B	-5.197303	-3.3134067	2.022010809141491e-07	9.181022052318122e-07
1013	CD14+ Mono	AUTS2	-5.261957	-2.7477741	1.4252982874387448e-07	6.521987494272233e-07
1014	CD14+ Mono	PITPNC1	-5.2931094	-1.082558	1.2025406449286836e-07	5.545834503671106e-07
1015	CD14+ Mono	UICLM	-5.3033366	-3.2043939	1.1370510364756922e-07	5.26445676730478e-07
1016	CD14+ Mono	ZAP70	-5.321322	-5.5933704	1.0301577162708049e-07	4.788401084325955e-07
1017	CD14+ Mono	KMT2A	-5.3248487	-0.852717	1.0103704274207662e-07	4.7150619946302426e-07
1018	CD14+ Mono	TFDP2	-5.3301387	-2.053664	9.813776350746771e-08	4.5980083619435075e-07
1019	CD14+ Mono	CCSER2	-5.339778	-1.278424	9.3060373331369e-08	4.377559961507598e-07
1020	CD14+ Mono	CDK6	-5.36517	-2.1728847	8.087307053044198e-08	3.8195474274618383e-07
1021	CD14+ Mono	XYLT1	-5.383273	-1.2104412	7.314339054695981e-08	3.46841239045261e-07
1022	CD14+ Mono	CD226	-5.4026694	-4.042929	6.565631686041272e-08	3.1259849646900953e-07
1023	CD14+ Mono	TXK	-5.41948	-3.3721685	5.977267870178339e-08	2.857425615987694e-07
1024	CD14+ Mono	FAM110A	-5.4285316	-1.2841064	5.6819606034009884e-08	2.727341089632474e-07
1025	CD14+ Mono	MYBL1	-5.457332	-4.410149	4.833412910332509e-08	2.329546550225832e-07
1026	CD14+ Mono	ITM2A	-5.46274	-6.3364606	4.688415974311668e-08	2.2689618048520664e-07
1027	CD14+ Mono	FLT3LG	-5.4681473	-2.4533162	4.5476395517858275e-08	2.2099273193802202e-07
1028	CD14+ Mono	TESPA1	-5.4730844	-4.6407332	4.422689675127668e-08	2.1581257501867792e-07
1029	CD14+ Mono	SBK1	-5.4730844	-7.672344	4.422689675127668e-08	2.1581257501867792e-07
1030	CD14+ Mono	TNIK	-5.4836645	-3.0326111	4.1660470932846095e-08	2.0499043438086614e-07
1031	CD14+ Mono	NFATC3	-5.4889545	-1.2796906	4.0432007939270084e-08	1.9978168628815805e-07
1032	CD14+ Mono	ZNF91	-5.5112896	-1.2201486	3.5621398715345906e-08	1.767542822331088e-07
1033	CD14+ Mono	PARP15	-5.5585465	-3.952207	2.7203065712948846e-08	1.3555425965435528e-07
1034	CD14+ Mono	ANKRD44	-5.563131	-0.6958247	2.6497681709505546e-08	1.326011646399086e-07
1035	CD14+ Mono	OPTN	-5.5640717	-2.8556936	2.63551974718795e-08	1.3245176165354826e-07
1036	CD14+ Mono	ENSG00000308356	-5.5666575	-6.2944336	2.5967188825711603e-08	1.3150447306822417e-07
1037	CD14+ Mono	S1PR1	-5.5819397	-8.433148	2.3785090173754793e-08	1.2108773179366077e-07
1038	CD14+ Mono	ANKH	-5.619557	-2.3368692	1.9144773456199863e-08	9.831551783620542e-08
1039	CD14+ Mono	IL7R	-5.630842	-5.9006467	1.793317760701022e-08	9.249744239405271e-08
1040	CD14+ Mono	PACS1	-5.6373076	-0.93439925	1.727293677025728e-08	8.948446538247825e-08
1041	CD14+ Mono	SP140	-5.647417	-1.9302025	1.6287613829585355e-08	8.475324718403707e-08
1042	CD14+ Mono	SETBP1	-5.6931458	-2.3682723	1.247197553602368e-08	6.51868588016171e-08
1043	CD14+ Mono	ITGB1	-5.7057242	-0.5798651	1.158494917104375e-08	6.082098314797969e-08
1044	CD14+ Mono	LY9	-5.7227693	-5.655855	1.0480141510597015e-08	5.526747271956094e-08
1045	CD14+ Mono	BCL9L	-5.7501597	-1.632825	8.91592421380151e-09	4.723030124067827e-08
1046	CD14+ Mono	PIM1	-5.7579184	-1.6694448	8.515761394772384e-09	4.531463982014626e-08
1047	CD14+ Mono	SPTBN1	-5.765324	-2.9446633	8.15010748320085e-09	4.3566029092019086e-08
1048	CD14+ Mono	GZMB	-5.7878942	-7.2145762	7.127416195003455e-09	3.827324860878567e-08
1049	CD14+ Mono	TC2N	-5.8184586	-5.563613	5.939278560167246e-09	3.218705800348701e-08
1050	CD14+ Mono	CDC25B	-5.857722	-2.9352317	4.6926038402955275e-09	2.5787393066296916e-08
1051	CD14+ Mono	GCC2	-5.866303	-1.0496861	4.456189617031085e-09	2.4603187744735003e-08
1052	CD14+ Mono	TTC39C	-5.8927526	-1.6989228	3.798145167498116e-09	2.116880908520277e-08
1053	CD14+ Mono	NLRC3	-5.9025097	-5.249683	3.580129816921637e-09	2.0048726974761166e-08
1054	CD14+ Mono	TNRC6C	-5.9141474	-2.4106886	3.3359865076447357e-09	1.877090972722588e-08
1055	CD14+ Mono	PRF1	-5.9762163	-7.70946	2.283799151616151e-09	1.2974627064254075e-08
1056	CD14+ Mono	CEP78	-5.984445	-3.136826	2.171290006582074e-09	1.239532547446854e-08
1057	CD14+ Mono	UBASH3B	-5.987031	-2.0412765	2.137058716180185e-09	1.2259419757209258e-08
1058	CD14+ Mono	BIN1	-5.9919686	-3.3364818	2.0731619205420665e-09	1.1951168718418971e-08
1059	CD14+ Mono	TSPOAP1-AS1	-5.998081	-2.5529637	1.9966264131346045e-09	1.1566663358848744e-08
1060	CD14+ Mono	STK17A	-5.9992566	-2.0974796	1.982226960468154e-09	1.1540093591636381e-08
1061	CD14+ Mono	NOL4L	-6.0175953	-2.0235093	1.7702718879906133e-09	1.0357411643168962e-08
1062	CD14+ Mono	SLAMF6	-6.029703	-6.455717	1.6426097347096413e-09	9.658545240092691e-09
1063	CD14+ Mono	OFD1	-6.0354633	-1.7261441	1.5850711254513306e-09	9.36705348507922e-09
1064	CD14+ Mono	CYLD	-6.04381	-1.1144496	1.5051695447217648e-09	8.939794871680785e-09
1065	CD14+ Mono	PBXIP1	-6.1364427	-1.5749325	8.438992698995159e-10	5.115595574236241e-09
1066	CD14+ Mono	RAP1GAP2	-6.145024	-1.1478051	7.995148616835517e-10	4.8716553230044395e-09
1067	CD14+ Mono	HEG1	-6.154663	-2.6319122	7.523715730141023e-10	4.608275884711377e-09
1068	CD14+ Mono	EPB41	-6.156897	-1.0753484	7.418413400779525e-10	4.567567622678911e-09
1069	CD14+ Mono	CCL5	-6.1667714	-5.2785487	6.969840938918436e-10	4.313964707456884e-09
1070	CD14+ Mono	CFAP97	-6.188284	-2.1020238	6.082275609780949e-10	3.784527046085924e-09
1071	CD14+ Mono	KLRB1	-6.1958075	-7.97931	5.798705229690143e-10	3.627275186231706e-09
1072	CD14+ Mono	SYNE1	-6.206152	-1.5121655	5.429765735137623e-10	3.4330131744741097e-09
1073	CD14+ Mono	ITK	-6.2176723	-3.9895997	5.045838897734017e-10	3.207517050667678e-09
1074	CD14+ Mono	BCL2	-6.2880874	-3.163882	3.21401296974658e-10	2.0653984985912447e-09
1075	CD14+ Mono	SAMD3	-6.3259397	-5.3824754	2.5169615761549433e-10	1.6263444030539634e-09
1076	CD14+ Mono	GPRIN3	-6.328996	-2.168751	2.467613932473059e-10	1.6032673948001754e-09
1077	CD14+ Mono	ATP2B4	-6.391535	-1.3927404	1.6422882925421297e-10	1.0911474757229066e-09
1078	CD14+ Mono	ACAP1	-6.455014	-1.8592571	1.0820883921959187e-10	7.271633995556573e-10
1079	CD14+ Mono	KCNA3	-6.4725294	-3.1953537	9.637560326021703e-11	6.513661461725013e-10
1080	CD14+ Mono	MARCKSL1	-6.5152016	-1.4025238	7.259200361920188e-11	4.934577818276383e-10
1081	CD14+ Mono	P2RY10	-6.5432973	-8.150479	6.01770611255952e-11	4.114431621145346e-10
1082	CD14+ Mono	ARHGAP15	-6.5440025	-0.99948734	5.989377521017955e-11	4.114431621145346e-10
1083	CD14+ Mono	CD3D	-6.5621057	-6.6364584	5.305312021623972e-11	3.6700276102528185e-10
1084	CD14+ Mono	KLRK1	-6.6139474	-6.169912	3.7420513462308146e-11	2.603936321400851e-10
1085	CD14+ Mono	TRIB2	-6.633579	-5.692036	3.276439604021192e-11	2.2935077228148346e-10
1086	CD14+ Mono	GBP4	-6.702583	-1.3278005	2.047671211602153e-11	1.4506393643639352e-10
1087	CD14+ Mono	MAF	-6.7028184	-2.4315233	2.0443780839934882e-11	1.4506393643639352e-10
1088	CD14+ Mono	ITGB7	-6.7907486	-2.4140663	1.1155313942187894e-11	8.048251040498752e-11
1089	CD14+ Mono	CD3G	-6.8261323	-6.13924	8.72344086227352e-12	6.332571885205963e-11
1090	CD14+ Mono	DUSP5	-6.922997	-2.1178632	4.421870719512477e-12	3.27051570197904e-11
1091	CD14+ Mono	EML4	-7.0054026	-1.3138984	2.462768669886125e-12	1.833048073282331e-11
1092	CD14+ Mono	FOXP1	-7.021625	-0.86127037	2.193026070056684e-12	1.642674304704879e-11
1093	CD14+ Mono	SLFN12L	-7.0407863	-3.8763616	1.9115806957229122e-12	1.4410377552372722e-11
1094	CD14+ Mono	PYHIN1	-7.104971	-5.306703	1.2034798794505301e-12	9.190209988531321e-12
1095	CD14+ Mono	ARHGEF18	-7.1193123	-1.2084082	1.0846681445765108e-12	8.337057111254748e-12
1096	CD14+ Mono	PIM2	-7.1807933	-2.666839	6.930812281597323e-13	5.362260028393718e-12
1097	CD14+ Mono	CD3E	-7.2366314	-5.8028893	4.599660049373461e-13	3.6303357168209326e-12
1098	CD14+ Mono	RHOH	-7.295291	-5.4817395	2.9801445869739964e-13	2.384115669579197e-12
1099	CD14+ Mono	CLEC2D	-7.2979946	-2.1798267	2.9208824518398683e-13	2.352710796824442e-12
1100	CD14+ Mono	NFATC2	-7.338786	-5.0292583	2.1554003082650274e-13	1.7481039741514981e-12
1101	CD14+ Mono	PRR5L	-7.3541856	-3.6073205	1.9209478593014007e-13	1.5908694947453854e-12
1102	CD14+ Mono	GZMA	-7.396505	-7.2976923	1.3981554123008088e-13	1.1744505463326794e-12
1103	CD14+ Mono	CST7	-7.44047	-6.898211	1.003275174081905e-13	8.488141041153383e-13
1104	CD14+ Mono	LCK	-7.4996	-5.0541706	6.4012890324201e-14	5.535232280975027e-13
1105	CD14+ Mono	CCND2	-7.5114727	-2.9533818	5.84657634252918e-14	5.093017613936531e-13
1106	CD14+ Mono	INSIG1	-7.59717	-1.8213931	3.026770959788491e-14	2.6763027433919285e-13
1107	CD14+ Mono	TCF7	-7.620093	-6.652493	2.534931502886869e-14	2.258393520753756e-13
1108	CD14+ Mono	CD7	-7.7037916	-5.2535386	1.3208734254980138e-14	1.1857611819737895e-13
1109	CD14+ Mono	SFMBT2	-7.7341204	-2.3867135	1.0412044167453216e-14	9.42760147807904e-14
1110	CD14+ Mono	RORA	-7.7871375	-4.1902003	6.854443849578883e-15	6.297520286800599e-14
1111	CD14+ Mono	IL2RB	-7.80383	-7.3831296	6.0056073369134246e-15	5.5610978174883366e-14
1112	CD14+ Mono	CD247	-7.853085	-4.1085043	4.0592573917878445e-15	3.7886402323353215e-14
1113	CD14+ Mono	TRAC	-7.858963	-7.517474	3.873269405118777e-15	3.6439718563357456e-14
1114	CD14+ Mono	CDC42SE2	-7.898461	-1.0513047	2.8236792282566978e-15	2.6997128231137206e-14
1115	CD14+ Mono	PTPN4	-7.9164467	-2.6629543	2.443941239989284e-15	2.355799096907703e-14
1116	CD14+ Mono	KIF2A	-8.000851	-1.4076786	1.2356252291058544e-15	1.2109127245237373e-14
1117	CD14+ Mono	LAT	-8.006846	-4.142234	1.176877383856916e-15	1.1630317675762464e-14
1118	CD14+ Mono	SKAP1	-8.018249	-4.2761226	1.0726344160972783e-15	1.0689983672291519e-14
1119	CD14+ Mono	LINC00861	-8.142974	-6.1563187	3.8568625445639106e-16	3.9440611760062254e-15
1120	CD14+ Mono	TRBC1	-8.164603	-6.54023	3.2249246151378847e-16	3.3267643398264495e-15
1121	CD14+ Mono	CTSW	-8.203161	-5.7819057	2.3414660551651327e-16	2.436782372455041e-15
1122	CD14+ Mono	CD96	-8.239133	-4.716147	1.734631660242194e-16	1.8213632432543036e-15
1123	CD14+ Mono	RASGRP1	-8.266523	-5.553587	1.3792244407100558e-16	1.4612323804279512e-15
1124	CD14+ Mono	ABLIM1	-8.27099	-5.087554	1.328511129477535e-16	1.4202991711505284e-15
1125	CD14+ Mono	CDKN1C	-8.317189	-4.4003863	9.007417764799185e-17	9.718094762755818e-16
1126	CD14+ Mono	CD69	-8.322361	-4.610612	8.622805341759995e-17	9.389276927694217e-16
1127	CD14+ Mono	C12orf75	-8.372439	-5.8250585	5.643760864448348e-17	6.202862408029212e-16
1128	CD14+ Mono	BCL11B	-8.383371	-4.8900604	5.143268602328967e-17	5.760460834608443e-16
1129	CD14+ Mono	IL32	-8.461545	-6.0580125	2.6385754351528848e-17	3.0125870987764977e-16
1130	CD14+ Mono	NKG7	-8.473418	-4.4129324	2.382950661291483e-17	2.7474019389007687e-16
1131	CD14+ Mono	DOCK10	-8.521733	-1.6440256	1.5718341149479096e-17	1.8484769191787418e-16
1132	CD14+ Mono	SH2D1B	-8.658918	-7.747869	4.762605162528647e-18	5.657397647609786e-17
1133	CD14+ Mono	UTRN	-8.723221	-0.93147963	2.7039838018422514e-18	3.244780562210702e-17
1134	CD14+ Mono	RABGAP1L	-8.774944	-1.1496449	1.7098806730640892e-18	2.0730099706426484e-17
1135	CD14+ Mono	CD2	-8.78717	-4.725613	1.5337432909774845e-18	1.8788355314474186e-17
1136	CD14+ Mono	MLLT6	-8.94481	-1.8841805	3.7258925492151853e-19	4.711451223523718e-18
1137	CD14+ Mono	LBH	-9.16734	-6.1111054	4.8483370101710836e-20	6.197439482566515e-19
1138	CD14+ Mono	GBP5	-9.254801	-2.4508276	2.14630898462711e-20	2.7736916109027265e-19
1139	CD14+ Mono	LIME1	-9.285247	-4.100443	1.6133255681252003e-20	2.1080787423502616e-19
1140	CD14+ Mono	ARAP2	-9.468279	-1.6244072	2.844927920554735e-21	3.7591407130026614e-20
1141	CD14+ Mono	PRKCH	-9.517652	-3.2811193	1.7713689188045922e-21	2.3671930096752278e-20
1142	CD14+ Mono	IKZF3	-9.565496	-5.675818	1.116647396962656e-21	1.5093992400322798e-20
1143	CD14+ Mono	VOPP1	-9.769335	-1.6911519	1.524496435001264e-22	2.10918565595469e-21
1144	CD14+ Mono	PRKACB	-9.806129	-2.3818793	1.0595512542177627e-22	1.4833717559048679e-21
1145	CD14+ Mono	PLAC8	-9.959067	-1.7405844	2.30212531710784e-23	3.3423449048380493e-22
1146	CD14+ Mono	ST6GAL1	-10.008557	-1.858965	1.3977569879257505e-23	2.054702772250853e-22
1147	CD14+ Mono	SPOCK2	-10.093902	-6.4375706	5.878538687490263e-24	8.750837337327278e-23
1148	CD14+ Mono	FCMR	-10.194293	-5.724984	2.1026889427422254e-24	3.211379476188126e-23
1149	CD14+ Mono	KLF12	-10.333947	-3.2143254	4.948152292718144e-25	7.75870279498205e-24
1150	CD14+ Mono	MTSS1	-10.356988	-2.5217328	3.8902018947780782e-25	6.26695538117674e-24
1151	CD14+ Mono	PAG1	-10.632888	-1.8229842	2.095233144449267e-26	3.422214135933803e-25
1152	CD14+ Mono	ATM	-10.774657	-1.6946161	4.5346591737662185e-27	7.510928434294469e-26
1153	CD14+ Mono	SYNE2	-10.798051	-5.3260317	3.515876403870108e-27	5.992276305726444e-26
1154	CD14+ Mono	ENSG00000291143	-10.866585	-2.4627619	1.663099264517995e-27	2.876183433931121e-26
1155	CD14+ Mono	IFITM2	-10.926185	-1.081384	8.640521116573171e-28	1.5166049004612012e-26
1156	CD14+ Mono	GNG2	-11.000714	-1.4152706	3.7911721314844475e-28	6.859105271731862e-27
1157	CD14+ Mono	TRBC2	-11.113331	-6.924734	1.0805209249318288e-28	2.049504205999727e-27
1158	CD14+ Mono	SLFN5	-11.31282	-2.3296177	1.1338517684888028e-29	2.2223494662380533e-28
1159	CD14+ Mono	SLAMF7	-11.452004	-3.6468997	2.2977003518937803e-30	4.658785541081182e-29
1160	CD14+ Mono	PCED1B-AS1	-11.4751625	-4.0890293	1.75846760189852e-30	3.692781963986892e-29
1161	CD14+ Mono	CHST2	-11.595655	-4.0831885	4.335331063301133e-31	9.269726055349331e-30
1162	CD14+ Mono	MACF1	-11.743422	-1.5202472	7.63348469541428e-32	1.6937694343032437e-30
1163	CD14+ Mono	LTB	-11.830881	-3.992586	2.702886480234554e-32	6.232538236776148e-31
1164	CD14+ Mono	TLE5	-12.06834	-1.19004	1.552327851444851e-33	3.725586843467643e-32
1165	CD14+ Mono	PIP4K2A	-12.128058	-1.2381444	7.500695872414907e-34	1.8767698608425385e-32
1166	CD14+ Mono	FCGR3A	-12.303684	-4.5382776	8.653532232102852e-35	2.2614564233228785e-33
1167	CD14+ Mono	SLC38A1	-13.338865	-5.7864065	1.3753653044107126e-40	4.043573994967495e-39
1168	CD14+ Mono	ETS1	-13.937922	-6.1936965	3.72635507517206e-44	1.217275991222873e-42
1169	CD14+ Mono	ARL4C	-13.940508	-3.1419475	3.593754322506733e-44	1.2075014523622624e-42
1170	CD14+ Mono	IFITM1	-14.658058	-4.552847	1.1964648648031003e-48	5.0251524321730215e-47
1171	CD14+ Mono	IL2RG	-15.519142	-2.9940078	2.5747149739230604e-54	1.1645633882051997e-52
1172	CD14+ Mono	RUNX3	-15.892846	-2.6981437	7.102786653691602e-57	3.3663115044481455e-55
1173	CD14+ Mono	EVL	-17.241426	-3.165151	1.2979274321353758e-66	7.268393619958105e-65
1174	CD14+ Mono	CYFIP2	-17.679905	-3.6934586	5.989811487720303e-70	3.7073780576626717e-68
1175	CD14+ Mono	SPN	-18.066774	-2.3234284	5.82193849912161e-73	3.8036664860927855e-71
1176	DC	CD74	11.553937	2.0253139	7.051499817989965e-31	8.2925637859562e-28
1177	DC	HLA-DOA	10.804347	4.4332476	3.282837993000169e-27	1.9303087398840995e-24
1178	DC	HLA-DQA1	10.432731	3.3937485	1.7576325932569382e-25	6.889919765567198e-23
1179	DC	BCL11A	10.107425	3.6849954	5.1212956990922094e-24	1.003773957022073e-21
1180	DC	AFF3	9.966678	4.0255613	2.132427345602891e-23	3.582477940612857e-21
1181	DC	HLA-DPB1	9.88904	2.5785944	4.644601975950714e-23	6.827564904647549e-21
1182	DC	SLC38A1	9.549886	3.1269555	1.2983901079257774e-21	1.388097060837013e-19
1183	DC	HLA-DRA	8.974641	2.1011193	2.8427745013883614e-19	2.2287352090884754e-17
1184	DC	ADAM28	8.858866	4.035225	8.083282988382907e-19	5.941212996461436e-17
1185	DC	FLT3	8.729242	4.1320295	2.5638423589343174e-18	1.7735756553569158e-16
1186	DC	HLA-DPA1	8.584183	2.192181	9.148460434456776e-18	5.662415511011141e-16
1187	DC	GPR183	8.564887	3.1172528	1.0818222697138336e-17	6.361114945917341e-16
1188	DC	WDFY4	8.508361	2.8689167	1.7640925506713615e-17	9.878918283759624e-16
1189	DC	FCER1A	8.43095	5.1153564	3.428692843335574e-17	1.8327921744375615e-15
1190	DC	ITM2C	8.375787	5.939668	5.4856174630423076e-17	2.8048200593642405e-15
1191	DC	CCDC50	8.323347	3.2657824	8.551345123766905e-17	4.022552746219952e-15
1192	DC	HLA-DQB1	8.269092	2.2174778	1.3498342205361413e-16	5.8792779383351934e-15
1193	DC	TCF4	8.082489	3.8200784	6.345811428573873e-16	2.5733359448285774e-14
1194	DC	GNG7	8.054793	3.8793032	7.961303720315132e-16	3.1208310583635316e-14
1195	DC	PLD4	7.9630814	4.022964	1.6780715627761796e-15	6.269613588504416e-14
1196	DC	ALCAM	7.961038	3.0662506	1.706017302994399e-15	6.269613588504416e-14
1197	DC	SEL1L3	7.2016873	3.8526726	5.947191835604169e-13	1.8404993680711847e-11
1198	DC	IRF8	6.996697	2.6268768	2.6206769360781524e-12	7.337895421018827e-11
1199	DC	VEGFB	6.7551575	3.4989662	1.426803234856295e-11	3.728712453757784e-10
1200	DC	CCDC88A	6.6523213	1.2937826	2.885056126845399e-11	7.218778734404658e-10
1201	DC	RUNX2	6.641879	3.0585022	3.097091520842957e-11	7.587874226065245e-10
1202	DC	TXNDC5	6.5710516	3.049742	4.9961115680355775e-11	1.1990667763285386e-09
1203	DC	IL2RG	6.427354	1.4761205	1.2984428761624817e-10	3.053937644734157e-09
1204	DC	PPM1K	6.4157763	2.374653	1.4010700172274708e-10	3.1685737312682803e-09
1205	DC	ARL4C	6.3333716	1.684258	2.398611260809282e-10	5.223642301317991e-09
1206	DC	TAGLN2	6.2614093	1.2396165	3.815142305860897e-10	8.105653646403304e-09
1207	DC	BANK1	6.259593	4.136506	3.8598350697158586e-10	8.105653646403304e-09
1208	DC	OFD1	6.1819553	2.2778246	6.331244030657283e-10	1.3062356105356078e-08
1209	DC	HLA-DRB1	6.165611	1.3206666	7.021168894902736e-10	1.4236025207595893e-08
1210	DC	BLNK	6.1401854	5.6480236	8.2425238742744e-10	1.589050504286343e-08
1211	DC	STMN1	6.1288347	4.0021405	8.852496448115144e-10	1.679118681126356e-08
1212	DC	CD2AP	6.0534673	2.5906427	1.4176087569247841e-09	2.604856090849291e-08
1213	DC	PALM2AKAP2	6.023729	4.057306	1.7044378987155565e-09	3.0837214905992226e-08
1214	DC	VOPP1	6.005795	1.6882572	1.903965954449437e-09	3.3925211552008154e-08
1215	DC	C12orf75	5.961074	3.5068462	2.5058555907869853e-09	4.398337574276858e-08
1216	DC	TLE5	5.855514	0.8922943	4.755370927129288e-09	8.22399442691771e-08
1217	DC	PTMS	5.821008	2.669377	5.849365502594019e-09	9.969353378334154e-08
1218	DC	ITGB7	5.744052	1.9128016	9.243754445367023e-09	1.55295074682166e-07
1219	DC	TSPAN33	5.731339	3.3079422	9.96408393041124e-09	1.6503891129807915e-07
1220	DC	IGKC	5.687072	6.626138	1.2923596832097396e-08	2.0819383389789777e-07
1221	DC	SERPINF1	5.6146555	4.9224334	1.969541256112232e-08	3.1299736718756553e-07
1222	DC	UVRAG	5.605121	1.3561605	2.0810934385699585e-08	3.263154511677695e-07
1223	DC	IL18R1	5.5692534	3.4786034	2.5583309927758338e-08	3.9586805888215533e-07
1224	DC	LGR6	5.5499578	3.056257	2.857389660990926e-08	4.25353195104472e-07
1225	DC	UGCG	5.532251	3.461807	3.161475666026463e-08	4.6377711329580995e-07
1226	DC	TLR10	5.5304346	4.3754587	3.1943831783129765e-08	4.6377711329580995e-07
1227	DC	NAV1	5.469596	2.6701455	4.510631515150931e-08	6.468905685143287e-07
1228	DC	PPP1R14B	5.4391766	2.7190166	5.3527457447131994e-08	7.493844042598479e-07
1229	DC	MYO1E	5.391958	2.5288696	6.96940184634815e-08	9.530251827099331e-07
1230	DC	PRKACB	5.372889	1.425784	7.748494188026317e-08	1.035480586945335e-06
1231	DC	RGS1	5.34928	3.4840255	8.83047855580149e-08	1.1668137956879273e-06
1232	DC	SPATS2L	5.329984	2.7421272	9.822131886423143e-08	1.2834252331592907e-06
1233	DC	TTC39C	5.319769	1.5665916	1.0389925561764274e-07	1.3426980725972292e-06
1234	DC	CXXC5	5.107741	1.6398327	3.2603361915575905e-07	3.993911834658048e-06
1235	DC	CST3	4.979707	0.6707589	6.368071438679814e-07	7.641685726415778e-06
1236	DC	HDAC9	4.9047933	1.4292712	9.35258466480909e-07	1.0889742144371772e-05
1237	DC	SLAMF7	4.843954	2.049973	1.272802317246454e-06	1.4255385953160283e-05
1238	DC	CD1C	4.7894716	3.549491	1.6722096726857966e-06	1.837867827176165e-05
1239	DC	DAB2	4.772673	2.4782422	1.8179690141343858e-06	1.97956625983522e-05
1240	DC	CLEC10A	4.7368054	3.7155073	2.1711364133734197e-06	2.3424370845203133e-05
1241	DC	FCHSD2	4.690949	1.2686511	2.719406624686339e-06	2.9072929005737584e-05
1242	DC	LINC00865	4.6886787	4.343288	2.749743771104449e-06	2.9132420493863353e-05
1243	DC	NIBAN3	4.6609836	5.979807	3.147017126236452e-06	3.275125788012449e-05
1244	DC	VAV3	4.6405525	1.567348	3.4747855048487724e-06	3.553345872784484e-05
1245	DC	IRF4	4.5987825	2.8395205	4.249667020853397e-06	4.308283117692754e-05
1246	DC	FCGR2B	4.541803	3.309502	5.577513812809319e-06	5.6061164477468027e-05
1247	DC	KIF2A	4.4698405	0.98706627	7.827789454425083e-06	7.735697813784788e-05
1248	DC	IRF7	4.467571	2.0585194	7.911292690184805e-06	7.753066836381108e-05
1249	DC	BICD1	4.3433957	2.6999285	1.4029710623935826e-05	0.0001341377210873864
1250	DC	USP9Y	4.329094	1.9994524	1.4972400914299258e-05	0.00014199631834851555
1251	DC	NEGR1	4.3200135	2.5367324	1.560195926446422e-05	0.00014678323276007938
1252	DC	TRAF4	4.3018527	4.074867	1.693758740482556e-05	0.00015748353946697802
1253	DC	ADAM19	4.2432837	1.9529552	2.2027241041061755e-05	0.00020237527706475487
1254	DC	CCSER1	4.2339764	2.9618437	2.295949117383543e-05	0.00020930512884054627
1255	DC	HIP1	4.201514	1.4749597	2.651358417984197e-05	0.00023984596150380122
1256	DC	DOCK10	4.157928	1.0779942	3.2114727136509815e-05	0.0002861130235798147
1257	DC	ODC1	4.139767	1.547543	3.476586076828874e-05	0.00030374959293420707
1258	DC	SEPTIN11	4.13954	1.8058034	3.48002793018586e-05	0.00030374959293420707
1259	DC	ENSG00000290039	4.1390862	0.9984377	3.48692134745901e-05	0.00030374959293420707
1260	DC	ZBTB10	4.136135	2.2080839	3.532045646781332e-05	0.00030541806475109165
1261	DC	ACAP1	4.1261463	1.1416645	3.6889240034674976e-05	0.0003120988941063149
1262	DC	MTMR1	4.0975432	1.7601343	4.175584298744262e-05	0.00035074908109451806
1263	DC	ENSG00000307645	4.071664	2.0875375	4.6678502826914935e-05	0.00038931857676916285
1264	DC	FMNL3	4.0648537	2.296249	4.806262855908511e-05	0.0003980397970808739
1265	DC	RUBCNL	4.029667	2.5419729	5.585594468738266e-05	0.0004561568816136251
1266	DC	ZCCHC7	3.9978855	1.1682571	6.391087622324071e-05	0.0005183392444036626
1267	DC	PDE7A	3.8555498	1.1037824	0.00011546986718634349	0.000893372130336447
1268	DC	CCDC186	3.8525987	1.5205729	0.00011687090950649704	0.0008983018926773889
1269	DC	APP	3.8037913	1.4908494	0.00014249826871400888	0.0010881685974524313
1270	DC	CPED1	3.7713287	1.8366113	0.0001623805898471441	0.0012319972494209126
1271	DC	CXCR4	3.6964152	1.1241597	0.00021866525111107068	0.0016379002248829242
1272	DC	ENSG00000293488	3.693237	2.5762293	0.000221417445067448	0.0016479214437995129
1273	DC	CDK6	3.6598666	1.5528073	0.00025234670398192096	0.0018547482742671188
1274	DC	PRKAR2B	3.6548722	2.604679	0.00025731007816085785	0.0018794823100445268
1275	DC	LTB	3.6453378	1.2764734	0.0002670408066573287	0.0019300300698179775
1276	DC	AUTS2	3.6448839	1.722302	0.00026751267124177746	0.0019300300698179775
1277	DC	NFATC2	3.6389816	1.4982846	0.0002737184659058557	0.001940823812164769
1278	DC	DDIT4	3.6387544	1.40748	0.0002739598238259793	0.001940823812164769
1279	DC	SPATS2	3.628539	2.3200114	0.0002850296939897749	0.0020071552103711095
1280	DC	STRBP	3.6008437	2.72566	0.00031718622719220354	0.002207165699278292
1281	DC	WAKMAR2	3.5963035	3.4942474	0.0003227712157766179	0.0022328173514900157
1282	DC	SMC6	3.5785966	1.6166967	0.0003454441228327835	0.0023482213205280543
1283	DC	SLC7A5	3.5699701	3.8311841	0.0003570217829561227	0.0023991863814651444
1284	DC	NRP1	3.5554416	2.858769	0.0003773448195302213	0.0025213494759519332
1285	DC	ZNF141	3.5157146	1.8070066	0.0004385720184489556	0.002913902224271027
1286	DC	PLAC8	3.4385312	1.462789	0.0005848794637720663	0.0038212124966441664
1287	DC	IL3RA--chrX:1335025(+)	3.4321747	3.4180913	0.0005987616120784215	0.0038902964409073134
1288	DC	BCL2	3.4235485	1.3556911	0.0006180925709858793	0.003993828920216451
1289	DC	ADGRG5	3.3874536	2.4388988	0.0007054463820847266	0.004533360357003489
1290	DC	H4C3	3.3804164	0.8296492	0.0007237611295223811	0.004625777653903914
1291	DC	AHI1	3.3615744	2.4574227	0.0007749946912688601	0.004899966435119244
1292	DC	SIDT1	3.349316	2.426322	0.000810113893612774	0.005040708671368371
1293	DC	ACBD6	3.3207126	0.9950272	0.0008978797875042333	0.0055574033163419915
1294	DC	LIME1	3.2996006	1.8160995	0.0009682255237516077	0.005961430449905186
1295	DC	MYO9A	3.2939253	1.073906	0.0009879877462856319	0.0060514249459994954
1296	DC	LY9	3.2730403	1.9973526	0.0010639732569109048	0.006449652320243424
1297	DC	ANKRD36C	3.2526093	2.0179489	0.0011435061347112	0.006893993910648382
1298	DC	DST	3.2512472	1.720841	0.0011489989851080637	0.006893993910648382
1299	DC	GUCY1A1	3.244437	2.7805545	0.001176830878296708	0.006989662186247114
1300	DC	SETBP1	3.2194657	1.8259329	0.0012842971349019715	0.007548250229325085
1301	DC	TMEM156	3.2167416	2.6826074	0.001296553185649377	0.007548250229325085
1302	DC	ENSG00000307088	3.2076612	2.7499294	0.0013381905690333005	0.007714275045015497
1303	DC	MSI2	3.18042	1.0791727	0.0014706179721488827	0.008436325537790664
1304	DC	CCDC14	3.1736095	1.6063951	0.001505560668474091	0.00859485119478413
1305	DC	ELMO1	3.157719	0.7787524	0.0015900885191834765	0.009033546369853953
1306	DC	DACH1	3.14092	2.0622401	0.0016841801729276283	0.009522095593090822
1307	DC	GOLGA8B	3.1354718	1.4333327	0.0017157794370452814	0.009654337885001201
1308	DC	CDC42SE2	3.058288	0.6477582	0.002226054293919169	0.012348301177589352
1309	DC	SVIP	3.0542018	1.7640345	0.0022566012946944915	0.012458981796059728
1310	DC	CYFIP2	3.0069838	0.875176	0.0026385390168669706	0.014499634971194194
1311	DC	CMAHP--chr6:25061611(-)	2.9979033	0.98047066	0.0027184392929334527	0.014800391705971019
1312	DC	CEP128	2.994271	2.4417396	0.002751013789061536	0.014908719889107677
1313	DC	TFDP2	2.9870067	0.9935679	0.00281723484832545	0.015173160338732106
1314	DC	FLNB	2.9860988	3.4098806	0.0028256140426720505	0.015173160338732106
1315	DC	CCND2	2.9833746	0.93617976	0.0028508883514916723	0.015239294097064576
1316	DC	EGLN3	2.9747481	3.1176734	0.002932291420392097	0.015590787341494218
1317	DC	MAGED1	2.973613	1.6644526	0.0029431588348739083	0.015590787341494218
1318	DC	SLC25A33	2.969754	1.1075472	0.002980383532138287	0.015717179523742717
1319	DC	KLF12	2.9620357	0.7889577	0.0030561245427465486	0.01604465384941938
1320	DC	RCAN3	2.9554522	0.75253177	0.003122109895132551	0.016318227718559467
1321	DC	DAAM1	2.9538631	1.7983152	0.003138230778943962	0.01632990883202699
1322	DC	UBE2E2	2.9154985	0.80008644	0.0035512092926326066	0.01830332191887655
1323	DC	CARMIL2	2.9130013	2.28143	0.0035797313276714334	0.01830332191887655
1324	DC	SNHG14	2.906872	1.8412874	0.0036506255353970863	0.018585002725657895
1325	DC	ZEB1	2.8914351	2.337673	0.003834865882495676	0.019355374582896632
1326	DC	DGKA	2.889619	0.8031998	0.0038570876990729704	0.019384338179956467
1327	DC	TPD52	2.884852	2.6697245	0.003915977656166107	0.01951351577818365
1328	DC	SPTBN1	2.8780417	1.4810159	0.004001523248191444	0.019855659661911974
1329	DC	PRAG1	2.8766797	2.087825	0.004018834623358339	0.019857771080123557
1330	DC	GNB5	2.864194	2.5446491	0.004180719000695462	0.020485523103407764
1331	DC	MARCKSL1	2.860108	0.6563835	0.004234970395949805	0.02066524973293349
1332	DC	ARID2	2.842174	0.8306959	0.004480703759264008	0.02177399843344824
1333	DC	ENDOD1	2.819927	1.9156692	0.004803459135543936	0.023151098128687164
1334	DC	MGLL	2.8090303	2.8064957	0.004969095704218246	0.02385165938024758
1335	DC	DENND1B	2.7958639	1.3236669	0.0051761215235007945	0.024744385819662332
1336	DC	ABI2	2.7895074	1.3773422	0.005278828011386984	0.02513320543073317
1337	DC	KIF20B	2.7550018	1.3042393	0.005869180629161213	0.02771950369435175
1338	DC	TRIB2	2.7513697	1.3273089	0.005934663084329144	0.027916655148684296
1339	DC	OXCT1	2.7495537	1.5690595	0.005967650583356895	0.02795998839054864
1340	DC	BDP1	2.7454674	0.5793992	0.006042477313993328	0.0281982274653022
1341	DC	ANKRD28	2.7438784	1.8043358	0.006071804123779645	0.02822308952397179
1342	DC	ATP8A1	2.7327547	1.1686696	0.006280707291606696	0.029079180216257775
1343	DC	ARHGAP18	2.715502	1.2016207	0.006617538200354199	0.030518529112221717
1344	DC	CFAP97	2.7132318	0.83221924	0.006663046665918056	0.03060837062156107
1345	DC	LINC00342	2.7021084	2.1525447	0.00689013067556662	0.03152838005628928
1346	DC	CARD11	2.6923468	1.6547214	0.007095110678067586	0.03234050448607551
1347	DC	ZFAT	2.6859906	3.0195816	0.00723151269847836	0.032834976576874716
1348	DC	LMNA	2.670327	2.8694713	0.007577744449051115	0.03427472104647735
1349	DC	FAM117B	2.6589763	0.9913765	0.007837847403618429	0.035251744395442895
1350	DC	GZMB	2.6582954	2.86968	0.007853704958848672	0.035251744395442895
1351	DC	TRERF1	2.6483068	1.0241538	0.008089607161856785	0.03617254000891095
1352	DC	NRF1	2.6294649	1.0598094	0.008551935495003046	0.03809498538683175
1353	DC	DOP1A	2.6194766	1.3242813	0.008806485351995385	0.039080855750741786
1354	DC	ATP2B4	2.609942	0.6403642	0.009055757523391491	0.039886033136735555
1355	DC	SLA2	2.6072178	1.8978118	0.009128125913255793	0.04005476147010751
1356	DC	ENSG00000268027	2.6029046	2.1168065	0.009243765362028799	0.04041140544886939
1357	DC	PARVB	2.5845168	0.871334	0.009751555346886223	0.042145169363564085
1358	DC	PCED1B-AS1	2.5838358	0.74714607	0.009770830842975956	0.042145169363564085
1359	DC	PCNX4	2.5833817	0.8934085	0.009783700030827376	0.042145169363564085
1360	DC	NUBPL	2.5729392	1.8730794	0.010083890467379385	0.043150674892201035
1361	DC	MIR181A1HG	2.5429738	0.98835874	0.010991345698306825	0.04683269036669865
1362	DC	FARS2	2.5352554	0.9812089	0.01123653442026922	0.047704564903381236
1363	DC	PDE4B	2.5093763	1.0677265	0.012094458140350794	0.05097879130126356
1364	DC	ALOX5AP	2.4975717	1.5183036	0.012504717320575263	0.052031605873104285
1365	DC	ENSG00000302489	2.4950745	0.5939951	0.012593065695474604	0.052031605873104285
1366	DC	CERS6	2.4948475	0.68507385	0.012601124702963581	0.052031605873104285
1367	DC	ATR	2.4943936	0.8335533	0.01261725641681852	0.052031605873104285
1368	DC	ETS1	2.4928045	0.51652986	0.01267386148160103	0.052031605873104285
1369	DC	ORC2	2.4671524	0.9544715	0.01361924288390915	0.05514336204688522
1370	DC	DBF4	2.4664712	1.3719167	0.013645168669764965	0.05514336204688522
1371	DC	ERCC8	2.437187	1.0621072	0.014802028319797272	0.05961364830164929
1372	DC	CDK14	2.4337816	1.7901201	0.014942003699042087	0.059972001194790084
1373	DC	HIVEP2	2.4278793	1.1930763	0.01518739175419543	0.06074956701678172
1374	DC	TNFAIP3	2.4253824	0.50029737	0.015292273519482615	0.060961741216649344
1375	DC	GABPB1-AS1	2.4222043	1.1508062	0.015426681307449404	0.06128978789716385
1376	DC	RALGPS2	2.416529	2.4161649	0.015669282996318947	0.062044029641990184
1377	DC	FOXP1	2.4099455	0.5327736	0.015954900459097605	0.06296296288556638
1378	DC	ENSG00000291203	2.4031353	1.3131338	0.016255174057654156	0.06393339361806451
1379	DC	EPB41	2.3813422	0.586431	0.01724967828345042	0.06739409189813188
1380	DC	ZBTB20	2.3795261	0.7415994	0.01733491348623017	0.06750284191988967
1381	DC	IGF2BP2	2.37544	1.227092	0.01752804434349086	0.06802963745196454
1382	DC	UST	2.3713539	2.3773544	0.01772305895130162	0.06856025436424575
1383	DC	WRN	2.357733	1.5513103	0.018386906825755733	0.0707066268998341
1384	DC	DIPK1A	2.354555	1.1835747	0.018544900923149404	0.07103844783590782
1385	DC	THEM4	2.3200493	0.92962176	0.020338208544989012	0.0771539782222809
1386	DC	ARHGAP15	2.3130121	0.5164804	0.020721979088872428	0.07835706562223144
1387	DC	NUCB2	2.3018885	1.0337101	0.021341461973193813	0.08044089512973052
1388	DC	LDLRAD4	2.2610266	0.689452	0.023757612699220353	0.08799833209816342
1389	DC	SFMBT2	2.2571673	0.75526714	0.02399761827030761	0.08819124714338046
1390	DC	DUSP5	2.24786	1.3282516	0.02458512263940633	0.09006886051072226
1391	DC	RGS7	2.2401416	3.3352396	0.025081733451315556	0.09131925244194147
1392	DC	SFXN1	2.2337854	1.4144009	0.025497205096454298	0.09254541109083413
1393	DC	SLC12A2	2.2231157	2.0090258	0.026207994611783466	0.09454172289404097
1394	DC	ATP10A	2.2206187	1.3697779	0.026376801457946523	0.09457048327605218
1395	DC	COMMD10	2.2124462	0.5221706	0.02693584510497134	0.09628131867308905
1396	DC	CCDC91	2.202458	0.5852144	0.027632987225111552	0.09817641382698243
1397	DC	WDR7	2.1990526	0.6089135	0.027874179899442138	0.09873504687272276
1398	DC	LRBA	2.1942854	0.8462708	0.028214897661017445	0.09934347200406143
1399	DC	CD83	2.1908803	0.54735196	0.028460459326902027	0.09990895572667696
1400	DC	MTAP	2.184524	1.0387337	0.02892376935529826	0.10123319274354392
1401	DC	P2RY10	2.1793027	1.5686228	0.02930918848751707	0.10227776160629101
1402	DC	KANTR	2.1765785	1.3530592	0.02951202511917081	0.10268089213060613
1403	DC	HOXB2	2.1568286	0.89325565	0.031019018322687518	0.10760579807516378
1404	DC	PIP4K2A	2.14003	0.32185867	0.03235235422887511	0.11157292836702971
1405	DC	PIM2	2.1357167	0.98568547	0.03270251644433896	0.11245075829983223
1406	DC	H1-3	2.1343546	0.99869347	0.032813766118535384	0.1125043409778356
1407	DC	SAV1	2.1329925	1.2022934	0.03292533968028221	0.11255871937212757
1408	DC	NEK1	2.1266363	0.9158116	0.033450320446824715	0.11402196187091554
1409	DC	TLK1	2.124366	0.5284734	0.033639541141887296	0.11433555023947821
1410	DC	LMO4	2.0921307	0.5422904	0.0364268348830775	0.12345232801872949
1411	DC	PPP1R16B	2.082596	1.5405662	0.037288050763466515	0.12592624157277094
1412	DC	SLC35F3	2.0816882	2.695887	0.0373709679497424	0.12592624157277094
1413	DC	ARHGAP21	2.0553548	0.6866793	0.03984474182917675	0.13311766020202231
1414	DC	PCNX2	2.038783	1.1718037	0.04147168154207529	0.13816061612884006
1415	DC	STAG1	2.035151	0.44530246	0.04183569068110272	0.13897958260162938
1416	DC	SP140	2.0301566	1.2269593	0.042340616123738864	0.1402607452437096
1417	DC	ENSG00000262879	2.0274324	1.1401094	0.04261819624570624	0.14078370445210825
1418	DC	HLTF	2.0235734	1.5495938	0.04301406785913025	0.14142309874304504
1419	DC	BIN1	2.0213032	0.90978163	0.04324838211486754	0.14142309874304504
1420	DC	LINC01588	2.0208492	1.2559395	0.04329537416312148	0.14142309874304504
1421	DC	GEN1	2.019941	2.1314394	0.043389487695726994	0.14142309874304504
1422	DC	CAMK1D	2.019714	0.5018884	0.04341304306652998	0.14142309874304504
1423	DC	MGAT5	2.015855	0.9966926	0.04381514021118819	0.14233868753689863
1424	DC	ZNF10	2.0094986	2.0625432	0.04448427223445969	0.1441143364951091
1425	DC	TBC1D4	1.9981482	1.1449336	0.04570059907158332	0.14740218985453568
1426	DC	SSX2IP	1.9976941	1.3177018	0.045749829334103334	0.14740218985453568
1427	DC	HIBCH	1.9904298	1.2347699	0.046543609585472774	0.14954995866807644
1428	DC	SELL	1.9756742	0.46334192	0.04819169928367987	0.15317145502056087
1429	DC	MAP4K5	1.9690908	0.64296275	0.04894266543016338	0.15513901494844243
1430	DC	VTI1A	1.9532001	0.62901217	0.050795895342945596	0.16015006145657915
1431	DC	LDAH	1.9382174	1.3573898	0.0525967117981087	0.163892771120534
1432	DC	CD226	1.9379903	0.83791757	0.052624402108794606	0.163892771120534
1433	DC	TSPOAP1-AS1	1.9375364	0.83709097	0.052679819288743074	0.163892771120534
1434	DC	INVS	1.9280019	0.48057187	0.0538548946992472	0.16701656916003754
1435	DC	ZNF91	1.9270939	0.43836856	0.053967939014297854	0.16701656916003754
1436	DC	TPM4	1.9159703	0.27802426	0.05536887695625834	0.1690445565724222
1437	DC	STAMBPL1	1.9159703	2.8033175	0.05536887695625834	0.1690445565724222
1438	DC	ATF7IP2	1.9157432	1.331905	0.05539778015237978	0.1690445565724222
1439	DC	MAN1A1	1.9141542	0.7645289	0.0556004547798995	0.1690445565724222
1440	DC	ENSG00000287190	1.9139272	1.4755051	0.055629458667965474	0.1690445565724222
1441	DC	OCIAD2	1.90916	1.5236804	0.05624145806941574	0.17002559046178126
1442	DC	SMC4	1.9030306	0.58406585	0.05703654152121659	0.17198710981782234
1443	DC	LPP	1.8978094	0.54564494	0.05772118947563219	0.17360644200343595
1444	DC	GCC2	1.8966744	0.36789295	0.05787092647382901	0.17361277942148703
1445	DC	SLC16A1-AS1	1.8937232	1.2133462	0.05826175418114029	0.17434051632829767
1446	DC	CLOCK	1.8898641	0.7393119	0.05877614283804452	0.17498922525959582
1447	DC	ATP8B1-AS1	1.8880479	0.8639791	0.05901950975800322	0.1752700592813429
1448	DC	MLLT6	1.8796486	0.19912842	0.060155987464168996	0.17739312507943775
1449	DC	DISP1	1.8764704	1.6009172	0.060590711065353804	0.17813669053214018
1450	DC	CD69	1.8732923	0.8004729	0.06102803497328974	0.17837680392119024
1451	DC	ANKH	1.8717033	0.8942846	0.06124767551367871	0.17837680392119024
1452	DC	NIPAL3	1.8717033	0.94558865	0.06124767551367871	0.17837680392119024
1453	DC	BIRC3	1.8714762	1.1075462	0.06127910610898032	0.17837680392119024
1454	DC	TNRC6B	1.868298	0.48735026	0.06172053866542564	0.17921815671738406
1455	DC	BRCA2	1.8308413	1.4513134	0.06712423660471888	0.1940490638660548
1456	DC	BACH2	1.8306143	1.2757709	0.06715813689922136	0.1940490638660548
1457	DC	SCAI	1.8165396	0.98001325	0.06928763786790065	0.19865217525742038
1458	DC	CMSS1	1.8156315	1.6300573	0.0694269081894556	0.19865217525742038
1459	DC	TOGARAM1	1.8101833	1.1476741	0.0702673651663371	0.20056898406702045
1460	DC	MBTD1	1.803146	0.53595984	0.07136529213153305	0.20282006685638618
1461	DC	NFAT5	1.8029189	0.5035552	0.07140094190352371	0.20282006685638618
1462	DC	H2BC5	1.7929305	0.718666	0.07298403843596263	0.20681741976070375
1463	DC	PLEKHA5	1.7856661	1.5975852	0.07415332876791426	0.20912305666922584
1464	DC	FAF1	1.7856661	0.3379591	0.07415332876791426	0.20912305666922584
1465	DC	ADK	1.7747697	0.30366606	0.07593593127114553	0.2126206075592075
1466	DC	RBL1	1.7652352	1.4994409	0.07752424663770295	0.215634448795561
1467	DC	DDX10	1.761603	0.56148934	0.07813639348816995	0.21671792156152797
1468	DC	FHIT	1.7511605	1.1199898	0.07991826267240687	0.22105143919225123
1469	DC	DISC1	1.7502525	0.5693649	0.08007475603392775	0.22105143919225123
1470	DC	PKD2	1.7411721	1.1536117	0.08165342385041698	0.22394223086823228
1471	DC	FCMR	1.7409451	1.1498027	0.08169321177080922	0.22394223086823228
1472	DC	COX10-DT	1.7366319	1.6263012	0.08245217529172899	0.22549711196063554
1473	DC	ACYP2	1.7339077	0.72371215	0.08293445895946998	0.22628984625600163
1474	DC	KIAA1958	1.7239193	1.0636888	0.0847224228993288	0.23054624373109917
1475	DC	MTURN	1.7230113	1.1737956	0.08488649960507308	0.23054624373109917
1476	DC	BCAS3	1.7102987	0.4999576	0.0872106703120816	0.23545520517782065
1477	DC	TUT4	1.7098446	0.6774868	0.0872946168856546	0.23545520517782065
1478	DC	RICTOR	1.6857815	0.35757095	0.09183790276557346	0.24625123205212557
1479	DC	ANKRD36	1.6853274	1.2880704	0.09192541740721354	0.24625123205212557
1480	DC	ARB2A	1.676928	0.3607576	0.09355655646357568	0.2500511600026477
1481	DC	CSTPP1	1.6707988	1.859284	0.09476143755886388	0.252697166823637
1482	DC	ATP8B4	1.6630803	0.54782015	0.09629634749965307	0.25620928656016295
1483	DC	ST6GAL1	1.6608102	0.51066434	0.09675155808497912	0.25683935058224705
1484	DC	GPHN	1.6456006	1.1697904	0.09984602537992528	0.2644570401954778
1485	DC	KCNA3	1.6247156	0.68463826	0.10422317862145603	0.2754302428288366
1486	DC	SCMH1	1.6181322	1.4073524	0.1056340979994867	0.2785329579538035
1487	DC	LIMA1	1.6147271	1.4991136	0.10636980675081192	0.2795017398988906
1488	DC	HIVEP1	1.6140461	0.87411535	0.10651743482459246	0.2795017398988906
1489	DC	DENND4A	1.6131381	0.5067891	0.10671452484234853	0.2795017398988906
1490	DC	CLYBL	1.6104139	1.3685156	0.1073075293895442	0.2804303434713422
1491	DC	XRRA1	1.6063277	0.8760501	0.108201926921862	0.2821407229714184
1492	DC	OSBPL3	1.5874858	0.7318401	0.11240265748991528	0.2918002763976608
1493	DC	NARS2	1.5797675	0.942742	0.1141601325029736	0.2950600347769164
1494	DC	ITFG1	1.5713681	0.48040882	0.11609718195437885	0.2981010610880994
1495	DC	SLC4A7	1.5620606	0.8279274	0.11827370991373419	0.3030280672299595
1496	DC	PLA2G12A	1.5586555	1.0537258	0.11907795020035687	0.30442536833830364
1497	DC	ZBTB38	1.5550233	0.42006552	0.11994052415270506	0.30596541519215
1498	DC	SUPT3H	1.5536612	1.1932299	0.12026524810836718	0.3061297224576619
1499	DC	FMN1	1.5404946	1.2151126	0.12343983833397014	0.3119618271363922
1500	DC	MX1	1.5389055	0.39353782	0.1238273623976095	0.3119618271363922
1501	DC	LINC00630	1.5386785	1.2090092	0.12388280040195168	0.3119618271363922
1502	DC	ENTPD3-AS1	1.5366354	1.2638168	0.12438261445547695	0.3121638028772324
1503	DC	PHLPP1	1.5361814	1.4140356	0.12449389757603911	0.3121638028772324
1504	DC	HSPA5	1.528009	0.25532654	0.12651030080810224	0.3152036308269666
1505	DC	MAILR	1.526647	1.0838838	0.12684882649988444	0.3153789005578522
1506	DC	ERC1	1.5209717	0.3887035	0.12826694458778284	0.3182319131544992
1507	DC	ENSG00000291015	1.5182476	1.0152928	0.1289520044037714	0.3192580151133372
1508	DC	PAN3	1.5168855	0.4083677	0.12929559859833387	0.31943618477235425
1509	DC	LRRCC1	1.505535	1.4268775	0.1321865979764643	0.32589400255832707
1510	DC	ATP8B2	1.4910063	1.0435847	0.1359598496270455	0.33379704209061695
1511	DC	MSH6	1.4873741	1.3520328	0.13691603470148322	0.3354442850186339
1512	DC	SLC12A2-DT	1.4812448	1.2000122	0.138541350265344	0.33801790023245754
1513	DC	RABGAP1L	1.4778396	0.40142313	0.1394507038209834	0.3388306357303233
1514	DC	AFG2A	1.4764776	1.3798654	0.13981572908511286	0.3390171080496757
1515	DC	ZNF37A	1.4503714	0.54363835	0.14695499154555702	0.35486462024142723
1516	DC	AGO3	1.441291	0.21714349	0.1495025103686666	0.35880602488479985
1517	DC	SACS	1.4383398	0.89756763	0.15033766877306004	0.360075556979875
1518	DC	DUSP2	1.4342536	0.33070034	0.15149990847703423	0.36212173245730134
1519	DC	KAT6B	1.4306214	0.39486355	0.15253874484460017	0.3631286719377526
1520	DC	SIT1	1.4272163	2.0364077	0.1535175689617378	0.36472052747273465
1521	DC	MRTFB	1.4129146	1.6456417	0.15768083970015034	0.3731039587271163
1522	DC	GAN	1.400656	1.4338012	0.16131696360819592	0.38094126346031804
1523	DC	ABCA2	1.3809061	0.9556345	0.16730784090170725	0.3940705745623157
1524	DC	CYLD	1.3781819	0.19945289	0.1681471188014786	0.3940705745623157
1525	DC	FTX	1.377955	0.49713868	0.16821720104615856	0.3940705745623157
1526	DC	SOX4	1.3725067	0.7774309	0.16990576013572622	0.39487979035496845
1527	DC	NIBAN1	1.3629723	0.5005869	0.17289126187173842	0.40011176992770076
1528	DC	ENSG00000287100	1.3620642	2.182775	0.17317762831054395	0.40011176992770076
1529	DC	XKR6	1.3529837	1.6706384	0.17606081793858586	0.4055149740039062
1530	DC	STON2	1.3525298	1.9076339	0.1762059113231259	0.4055149740039062
1531	DC	SMG6	1.3459464	0.5171115	0.17831979343354132	0.40894774416807256
1532	DC	MMS22L	1.3457195	1.1400703	0.17839302105290922	0.40894774416807256
1533	DC	LLGL2	1.3411793	0.78861594	0.1798622760253481	0.41151368989457077
1534	DC	FKBP11	1.3393631	0.80934685	0.18045248935599434	0.4116006090106944
1535	DC	KPNA5	1.3389091	0.7089217	0.18060026721897815	0.4116006090106944
1536	DC	LCORL	1.3230183	0.28754586	0.1858292755844988	0.42106980363655216
1537	DC	CCNH	1.3093977	0.35902843	0.19039966745589876	0.43059617101564795
1538	DC	PATJ	1.3050845	0.99233615	0.19186407446347076	0.43224550109011806
1539	DC	CD2	1.3030415	0.074169196	0.19256062503227978	0.432506914851735
1540	DC	ZDHHC14	1.3025874	1.3313333	0.19271566614141933	0.432506914851735
1541	DC	CEACAM21	1.2876047	1.2841983	0.19788360906398272	0.4422832130492178
1542	DC	MMD	1.2848805	1.3750117	0.19883402775081793	0.4428576072631854
1543	DC	MINDY2	1.2748921	0.4856705	0.20234744207998756	0.4489822488416328
1544	DC	H2BC4	1.2639955	1.0300386	0.2062316175905009	0.4566012902662813
1545	DC	VPS13A	1.2630875	0.69557637	0.20655772654903204	0.4566012902662813
1546	DC	GUSBP1--chr5:21341811(+)	1.2590014	0.6598669	0.20802985040230149	0.4584944053680524
1547	DC	TRAF5	1.2585473	1.6687791	0.20819388815181972	0.4584944053680524
1548	DC	DENND11	1.2512829	1.114332	0.21083125674704128	0.4625700707733592
1549	DC	MBD5	1.249921	0.66964304	0.21132844200207923	0.4627974819263411
1550	DC	SLC38A4-AS1	1.2446997	2.0209727	0.2132421713785072	0.4646758791868884
1551	DC	IMMP1L	1.2435646	0.89619225	0.2136598496094152	0.4646758791868884
1552	DC	INSIG1	1.2381164	0.18255784	0.21567292272358485	0.46696227252685973
1553	DC	FBXL17	1.230625	0.51411027	0.21846315214335355	0.47022390006920456
1554	DC	TBC1D32	1.229944	2.424477	0.21871808957300587	0.47022390006920456
1555	DC	PPP3CC	1.229944	0.47808957	0.21871808957300587	0.47022390006920456
1556	DC	ZNF626	1.2285819	0.762226	0.2192286053919703	0.4704613867535713
1557	DC	RFC3	1.2104211	1.0931641	0.22611737108323127	0.4828421379938426
1558	DC	RFX3	1.209967	0.46325415	0.22629154741359214	0.4828421379938426
1559	DC	CCDC26	1.209059	1.4873652	0.22664018722159962	0.4828421379938426
1560	DC	DPH6	1.2054268	1.1022197	0.2280385775160192	0.48494279775558513
1561	DC	SCFD2	1.1992975	0.6537383	0.23041227934853936	0.4891062103138669
1562	DC	VWA8	1.1931683	0.53972375	0.23280349411934498	0.49329172807990934
1563	DC	LINC01215	1.188174	1.5471847	0.2347648667541965	0.494773267567984
1564	DC	ENTPD1-AS1	1.1859039	0.5830821	0.23566025753479503	0.4957718476939516
1565	DC	GPRIN3	1.1781856	0.3702961	0.23872265220176936	0.5004239554176128
1566	DC	GNPTAB	1.1750073	0.27786595	0.2399917654195971	0.5021891746146729
1567	DC	ZNF654	1.1731913	0.37273508	0.24071910449049838	0.5028164598238474
1568	DC	ZSCAN30	1.169105	1.2285794	0.242361290826536	0.5041336489530706
1569	DC	MFHAS1	1.168424	0.4040024	0.2426357528124472	0.5041336489530706
1570	DC	ENSG00000293268	1.1657	1.2353181	0.2437357860767383	0.5055260748258276
1571	DC	SLC25A43	1.1643379	1.1121128	0.24428711454717278	0.5057775470202028
1572	DC	ELP4	1.1618408	0.48213273	0.24530015636289615	0.5069823969820139
1573	DC	BEX3	1.1523063	1.4835818	0.24919522709688446	0.5123314459194688
1574	DC	TTLL5	1.146631	0.85134804	0.25153414329100854	0.5144420043656105
1575	DC	UBR1	1.1407287	0.48304933	0.25398281481963125	0.5176495497883645
1576	DC	C3orf20	1.1382316	1.4937674	0.2550237695488141	0.5182364596767696
1577	DC	DLG2	1.1377776	1.0787609	0.25521335231806963	0.5182364596767696
1578	DC	PLPP5	1.1368695	0.9311566	0.25559281174534554	0.5182364596767696
1579	DC	CENPK	1.1355075	1.2474786	0.2561627357800985	0.5184980676030909
1580	DC	CARMIL1	1.1289243	1.1729956	0.25892980987510406	0.5231983787167052
1581	DC	PIBF1	1.125065	0.35599834	0.26056148243328026	0.5249564726509677
1582	DC	CCR7	1.124157	0.89447033	0.2609464369592742	0.5249564726509677
1583	DC	PCED1B	1.123703	0.5387554	0.26113906165035383	0.5249564726509677
1584	DC	TNRC6C	1.1218868	0.26974496	0.26191054351201337	0.5256088723039722
1585	DC	MAP3K4	1.1191628	0.60669005	0.2630707167316598	0.5270377561779079
1586	DC	MYO1D	1.1137145	1.0903902	0.26540169272057623	0.5308033854411525
1587	DC	KLHL20	1.0994128	0.48353142	0.2715880448654957	0.5413348148505475
1588	DC	SLX4IP	1.0867002	1.128928	0.27716931987421034	0.5515247380238094
1589	DC	CDKAL1	1.082841	0.11117801	0.27887898978375114	0.5533220799587574
1590	DC	IGFBP7	1.081479	0.22206093	0.27948411181590294	0.5533220799587574
1591	DC	CHD7	1.081479	1.0869954	0.27948411181590294	0.5533220799587574
1592	DC	ACRBP	1.0780739	0.661706	0.2810008199311712	0.555389855863962
1593	DC	AIM2	1.0758038	1.5869699	0.28201505743510236	0.5556139026115617
1594	DC	CST7	1.0737606	-0.92018944	0.2829299915535016	0.5556139026115617
1595	DC	ZNF569	1.0723985	0.9181263	0.28354106391964107	0.5556139026115617
1596	DC	ODF2L	1.0714905	0.5856242	0.28394894172580665	0.5556139026115617
1597	DC	NCALD	1.0683123	1.3146527	0.2853796410732503	0.5565612900533041
1598	DC	MLLT3	1.061956	0.37977773	0.2882556392969061	0.5612394566443073
1599	DC	MAST4	1.0560538	0.86203104	0.29094365034025005	0.564879776025747
1600	DC	TMEM241	1.0524216	1.0051657	0.29260616406874695	0.5654347535256237
1601	DC	MAP4K3	1.0519676	0.65054697	0.2928144259329123	0.5654347535256237
1602	DC	ARHGAP22	1.0458382	0.72456175	0.2956357007815996	0.569215836318491
1603	DC	RFX7	1.0456113	0.46646053	0.2957405408083317	0.569215836318491
1604	DC	TTTY14	1.0424331	0.9634137	0.29721091467966765	0.5707851816982735
1605	DC	ZNF544	1.0333527	0.7640833	0.30143887373660905	0.5768161783898423
1606	DC	UBA6-DT	1.0328987	0.7617078	0.3016513177804022	0.5768161783898423
1607	DC	ZNF75D	1.0249532	0.6519041	0.30538522195992046	0.5820632431521335
1608	DC	BTG3	1.0145109	1.060867	0.3103390734734365	0.5895941040464642
1609	DC	ARMH4	1.0101976	0.46543127	0.31240062525232337	0.5920111908654873
1610	DC	ANKRD17-DT	1.0097436	1.3842344	0.31261815436009144	0.5920111908654873
1611	DC	RIC8B	1.0015712	0.6574047	0.3165507358870677	0.5975339733598581
1612	DC	CEP250-AS1	0.997712	0.64847726	0.3184190232887165	0.5983870237600153
1613	DC	TSEN54	0.997485	0.34190607	0.3185291470015047	0.5983870237600153
1614	DC	EHBP1	0.99249077	0.3313806	0.3209581782277088	0.6019885448098653
1615	DC	CEP290	0.99022067	0.52808887	0.32206627344614636	0.6021461646624295
1616	DC	SNX25	0.98295635	1.8781872	0.3256289351281625	0.6054576101845471
1617	DC	ZNF107	0.98136723	1.1271834	0.32641167079677114	0.6054576101845471
1618	DC	LMF1	0.9784161	0.7255683	0.3278685636793477	0.6057102922597543
1619	DC	XYLT1	0.976146	0.20423183	0.32899211721893284	0.6064180718643652
1620	DC	ZHX2	0.97069776	0.5623613	0.3316988145823666	0.6094965717950986
1621	DC	ENSG00000290879	0.9679736	1.2113069	0.3330575457686238	0.6103828770062942
1622	DC	SIMC1	0.96661156	0.47080693	0.3337382567304823	0.6103828770062942
1623	DC	TOX	0.9588932	0.9056873	0.33761255592169914	0.6132731326022208
1624	DC	TTC27	0.95639604	0.5047145	0.33887216843640877	0.6132731326022208
1625	DC	TENT5C	0.95571506	1.7800293	0.33921622186701694	0.6132731326022208
1626	DC	MGMT	0.9529909	0.40269226	0.3405946755274327	0.6132731326022208
1627	DC	EXOC4	0.9525369	0.29373866	0.34082476619712265	0.6132731326022208
1628	DC	ANKAR	0.9520829	1.1446147	0.34105495639613304	0.6132731326022208
1629	DC	FMNL2	0.9443645	0.8477378	0.34498341331772076	0.6193900672696787
1630	DC	SYNJ2	0.9402783	0.6701093	0.34707482100784914	0.6208179319368201
1631	DC	EVL	0.9402783	0.1423078	0.34707482100784914	0.6208179319368201
1632	DC	ATP9B	0.93868923	0.24120742	0.3478903207026909	0.6208179319368201
1633	DC	TASP1	0.9284738	0.8306125	0.35316187493408613	0.6251596788994329
1634	DC	RTTN	0.92801976	0.6128182	0.35339733279480523	0.6251596788994329
1635	DC	YPEL1	0.9275657	0.62454367	0.3536328898844332	0.6251596788994329
1636	DC	ARID5B	0.92643064	0.3284414	0.3542222166905138	0.6251596788994329
1637	DC	RUFY1	0.9257496	0.26301128	0.35457611039619197	0.6251596788994329
1638	DC	ENSG00000293612	0.9230255	1.0004216	0.3559939168620061	0.6256799392199499
1639	DC	TRAF3IP2-AS1	0.9227985	0.9768347	0.35611222854438174	0.6256799392199499
1640	DC	EFCAB13-DT	0.9171232	0.29163355	0.35907807402433456	0.6276682164512387
1641	DC	RGCC	0.91553414	0.28588945	0.35991128492878743	0.6276682164512387
1642	DC	ZNF708	0.90736175	0.06599602	0.3642155236881177	0.6318460419807594
1643	DC	ANKRD26	0.9062267	0.7151263	0.3648158694769861	0.6318460419807594
1644	DC	DTX3	0.9062267	0.6706703	0.3648158694769861	0.6318460419807594
1645	DC	PTBP2	0.89079	0.8249193	0.37304185149546	0.6451429667039131
1646	DC	GLCCI1	0.8871578	0.4004354	0.37499394390577434	0.646933618348044
1647	DC	ENSG00000293497	0.8857958	0.95703065	0.3757276031732262	0.646933618348044
1648	DC	SATB1-AS1	0.88102853	0.05211807	0.37830238356513257	0.6504146243751402
1649	DC	APLF	0.8780774	1.3471097	0.379901726841544	0.652210847833074
1650	DC	PARP15	0.870359	0.49481675	0.3841042358228989	0.6575059407972768
1651	DC	RNF11	0.8640027	0.32221544	0.3875863975192999	0.660475323494649
1652	DC	FOCAD	0.8571924	0.65770334	0.39133856368165654	0.6612272282896955
1653	DC	FUT8	0.8571924	1.1101803	0.39133856368165654	0.6612272282896955
1654	DC	AP3M2	0.8476579	1.1824173	0.3966284923400667	0.6682451389569032
1655	DC	MIR646HG	0.8462959	0.4189431	0.3973877037625896	0.6685664372314812
1656	DC	MAML3	0.8360804	0.26268375	0.40310967281813315	0.6752948365158469
1657	DC	LBH	0.8322212	0.42617822	0.4052840882935642	0.6779716754384517
1658	DC	RBMS3	0.8304051	1.750776	0.4063097635821795	0.6787219914384135
1659	DC	MED13L	0.827227	0.20734973	0.4081084195141057	0.6800096339954917
1660	DC	CD27	0.82699996	0.779393	0.408237076191171	0.6800096339954917
1661	DC	HDX	0.8208707	0.59758323	0.4117199305081011	0.6809882394901925
1662	DC	ENSG00000273784	0.8077041	1.1747767	0.419260963138149	0.6900117324404687
1663	DC	SPOPL-DT	0.80725	0.3743675	0.4195224393664414	0.6900117324404687
1664	DC	LINC00987	0.80725	0.6928794	0.4195224393664414	0.6900117324404687
1665	DC	ENSG00000290924	0.8020288	0.74627936	0.4225363005174604	0.6939981695649908
1666	DC	PLEK	0.79612654	0.22009614	0.4259585017368628	0.6986432329742687
1667	DC	CPLANE1	0.7945374	0.67623764	0.4268826194168853	0.6991837889056507
1668	DC	SLFN13	0.79272133	0.37134197	0.4279401834604808	0.6999411067448198
1669	DC	PDSS2	0.7904512	0.33144248	0.42926428095028957	0.7011316588854729
1670	DC	C2orf88	0.7890892	0.8905178	0.43005988109852056	0.701456893442247
1671	DC	GAS2L3	0.785911	0.6187652	0.4319196076658759	0.7035144856164406
1672	DC	PLCL1	0.7806898	-0.00848977	0.43498496614411974	0.7047151794064052
1673	DC	RPAP2	0.7795547	0.26213104	0.4356530063167148	0.7047151794064052
1674	DC	ASH1L	0.77569556	0.103040315	0.437928764303679	0.706133351905774
1675	DC	FRS2	0.7750145	0.316972	0.4383310772884481	0.706133351905774
1676	DC	DLGAP1	0.77297145	1.2953681	0.43953929034847405	0.7070225077003861
1677	DC	PHTF2	0.77138233	0.15312058	0.4404803319274099	0.7070225077003861
1678	DC	POC1B-AS1	0.7704743	1.040787	0.44101858825603424	0.7070225077003861
1679	DC	TRG-AS1	0.7700203	0.024956536	0.4412878576973498	0.7070225077003861
1680	DC	ENSG00000290853	0.75889677	0.78299415	0.44791431454978636	0.7147180921445709
1681	DC	ENSG00000305271	0.75639963	1.19434	0.44940961966177917	0.7148457770872315
1682	DC	CMC1	0.7557186	-0.13812158	0.44981792095625117	0.7148457770872315
1683	DC	FKTN	0.75458354	0.8762747	0.45049889017119427	0.7149618014052962
1684	DC	CTSW	0.75231344	-0.66838074	0.4518625787070666	0.7161595587055395
1685	DC	STK39	0.7484543	0.11221896	0.4541861970835147	0.7175919569722219
1686	DC	FAM168A	0.74777323	0.051427532	0.4545969455308718	0.7175919569722219
1687	DC	PTK2	0.7445951	0.9119812	0.45651653674238146	0.7186927004137089
1688	DC	APOLD1	0.74118996	1.1995206	0.45857828822874724	0.7209733515468004
1689	DC	SLC38A9	0.7384658	0.5249045	0.4602314412530565	0.722606375051528
1690	DC	SPN	0.73528767	0.023182275	0.46216432681469544	0.7245748004385206
1691	DC	ERCC6L2-AS1	0.7343796	0.23787497	0.4627174108242593	0.7245748004385206
1692	DC	FBXO33	0.7248452	0.110379465	0.46854702748366106	0.7298162971136231
1693	DC	PIGL	0.7153107	0.07397551	0.47441707185134696	0.7360349294158101
1694	DC	TSC22D1	0.71235955	0.73764443	0.47624214376183827	0.736922054031476
1695	DC	BRAF	0.7080464	0.09485096	0.4789164633270787	0.7391151717488774
1696	DC	SHLD1	0.7041872	0.64682466	0.48131620979975887	0.7403403660301141
1697	DC	PACS1	0.70373315	0.12899919	0.4815989625961201	0.7403403660301141
1698	DC	TESPA1	0.7023711	0.04242572	0.48244776300789105	0.7406769834168144
1699	DC	ATM	0.69692284	-0.009504365	0.4858510807762254	0.7449294276308227
1700	DC	CAMKMT	0.6941987	0.53094643	0.4875575980386997	0.746572571996759
1701	DC	ZNF331	0.68693435	0.7727496	0.49212408499375115	0.7485931389455471
1702	DC	COG5	0.68648034	0.12750043	0.4924102502514751	0.7485931389455471
1703	DC	HLCS	0.68602633	0.55374795	0.49269650471416115	0.7485931389455471
1704	DC	FER	0.68466425	0.374078	0.49355580301957735	0.7489311281948683
1705	DC	ZNF568	0.6814861	0.736124	0.4955639487229315	0.7500427332022748
1706	DC	SLC39A8	0.67785394	0.16957785	0.49786430327715436	0.7510302468404202
1707	DC	ANKRD44	0.67240566	0.119895495	0.501325462389226	0.7510302468404202
1708	DC	SNCA	0.66968155	0.23291834	0.5030608090899766	0.7526711342109574
1709	DC	DTNB	0.66695744	1.167289	0.504799324468655	0.7543125864995404
1710	DC	ENPP4	0.66332525	-0.02876612	0.507122261680603	0.7568220555030319
1711	DC	ENSG00000290548	0.65696895	0.8486292	0.5112008746430399	0.7609775045319176
1712	DC	PPBP	0.65424484	2.0129077	0.5129540818247675	0.7626219977571764
1713	DC	CSGALNACT1	0.64970464	0.22215168	0.515883039953438	0.7640786586715907
1714	DC	ABCC4	0.64289427	0.5679796	0.5202926897519395	0.7677091632977175
1715	DC	THADA	0.64107823	0.22190715	0.5214718691829668	0.7684848598485827
1716	DC	ANK3	0.63835406	0.9055593	0.5232432132284488	0.769601943654553
1717	DC	DNAAF9	0.63790005	0.21479444	0.523538737179968	0.769601943654553
1718	DC	SESN3	0.63335985	0.011201693	0.5264986788308255	0.7719632344990421
1719	DC	GPR171	0.63108975	0.17159516	0.5279818483760432	0.7719632344990421
1720	DC	KIFAP3	0.63063574	0.33752993	0.5282787375970195	0.7719632344990421
1721	DC	PTGS1	0.62745756	0.31971127	0.530359340582204	0.7738245465566649
1722	DC	CD38	0.62609553	0.36719018	0.5312522997016217	0.7741669200112852
1723	DC	L3MBTL4	0.61883116	0.6835818	0.5360275900037292	0.776395136127225
1724	DC	RETREG1	0.61792314	0.30662203	0.5366260172681532	0.776395136127225
1725	DC	BCKDHB	0.61565304	0.7617746	0.5381235542013058	0.776395136127225
1726	DC	GMDS	0.61474496	0.13836256	0.5387231556801153	0.776395136127225
1727	DC	RUNX1	0.61202085	0.20632282	0.5405239676825807	0.7780369473619522
1728	DC	CFAP44	0.60021627	1.0693548	0.5483621009497286	0.7845180422346482
1729	DC	TCF12	0.59885424	0.10938188	0.5492701005624667	0.7848622579118602
1730	DC	ZNF37BP--chr10:42513510(-)	0.59658414	0.4827064	0.550785079243052	0.7856801702359707
1731	DC	TANGO6	0.59386	0.1927023	0.5526057633603696	0.7858094047301024
1732	DC	ZRANB3	0.5863686	1.2473905	0.5576278178043531	0.7881854732426914
1733	DC	TRABD2A	0.58523357	-0.014678586	0.5583906684009536	0.7883162377425228
1734	DC	CEP78	0.58023936	-0.16715933	0.5617532243656129	0.7921124602565478
1735	DC	MIPEP	0.57751524	0.54819345	0.5635914623673957	0.7931490092198955
1736	DC	GALM	0.57615316	0.09270843	0.5645116672764052	0.7931490092198955
1737	DC	TPM1	0.57615316	0.44708362	0.5645116672764052	0.7931490092198955
1738	DC	POLG2	0.56162447	0.32972434	0.5743719062949726	0.8022106434713632
1739	DC	LINC-PINT	0.55935436	-0.032446	0.5759199024138812	0.8024665938847445
1740	DC	ABCA5	0.55072796	0.98269737	0.5818201787419507	0.8044625356093903
1741	DC	CEP97	0.54891187	0.6000457	0.5830659327708819	0.8044625356093903
1742	DC	EEIG1	0.54800385	-0.0746816	0.5836892758930057	0.8044625356093903
1743	DC	SUMF1	0.54028547	0.2790995	0.5890001827025888	0.8076473818611669
1744	DC	ZNF33B	0.53983146	0.18130094	0.5893132823186278	0.8076473818611669
1745	DC	COMMD1	0.530751	0.48538998	0.595591330721159	0.8143503744138765
1746	DC	CDR2	0.52257866	0.13951206	0.6012675167029975	0.8193402081607475
1747	DC	SCML4	0.5180384	0.19126026	0.6044314680820588	0.821962632677167
1748	DC	SP4	0.5178114	0.19221134	0.6045898616205352	0.821962632677167
1749	DC	TMEM135	0.5139522	0.37349895	0.607285395758636	0.8221700402997157
1750	DC	CEP162	0.5134982	0.3472183	0.6076028698367738	0.8221700402997157
1751	DC	ENSG00000298831	0.509412	0.78148824	0.6104634618378364	0.8242308049613037
1752	DC	TEX14	0.5044178	0.21706872	0.6139678321233861	0.8274049485313291
1753	DC	ENSG00000259135	0.5030557	-0.04391604	0.6149251063064469	0.8274049485313291
1754	DC	PNISR-AS1	0.50169367	0.89312357	0.6158830366328576	0.8277468012345606
1755	DC	ENSG00000268081	0.48943508	0.5533696	0.6245337156951629	0.8361986725176478
1756	DC	RAB33B-AS1	0.47354433	0.29504427	0.6358248914323013	0.8409918904756827
1757	DC	BTRC	0.47354433	0.33309224	0.6358248914323013	0.8409918904756827
1758	DC	PHACTR2	0.4712742	0.06580064	0.6374449303693642	0.8409918904756827
1759	DC	ZNF56P--chr19:19776000(+)	0.46991214	1.5330347	0.6384177865223399	0.8409918904756827
1760	DC	ZSCAN5A	0.4690041	0.5323342	0.6390667034202451	0.8409918904756827
1761	DC	IKZF2	0.4685501	-0.11433051	0.6393912655516072	0.8409918904756827
1762	DC	TRBC2	0.46764204	-0.57279074	0.6400405969181429	0.8409918904756827
1763	DC	HERC2P3--chr15:20370222(-)	0.4585616	0.4338611	0.6465490097335891	0.8456303875843473
1764	DC	FBXO22	0.45538345	0.28565454	0.648833391809351	0.8456303875843473
1765	DC	DYNC2H1	0.45470244	0.6290556	0.6493233333236953	0.8456303875843473
1766	DC	FAM241A	0.45311335	0.1809864	0.6504671199871821	0.8460976717273242
1767	DC	TOM1L2	0.4522053	0.09448964	0.6511210824092079	0.8460976717273242
1768	DC	SPDL1	0.45107025	0.2065638	0.6519389130859672	0.8462253441380766
1769	DC	CCDC191	0.4474381	1.6305891	0.6545587816285907	0.8483913734289875
1770	DC	H2AC6	0.44675705	0.17261828	0.6550504822053747	0.8483913734289875
1771	DC	TYW1B	0.4408548	0.37052834	0.659318135264058	0.8524667350988182
1772	DC	TBC1D12	0.44040075	0.19218537	0.659646878350276	0.8524667350988182
1773	DC	ENSG00000226824	0.43404445	-0.048792217	0.6642561592572783	0.855602676107951
1774	DC	MPZL3	0.42995825	0.00215136	0.6672260023448506	0.8584877229294795
1775	DC	CRY1	0.4267801	0.16004942	0.6695394928366016	0.8595834536854187
1776	DC	ENSG00000227598	0.4079382	0.6895268	0.6833190284945649	0.8679536718882018
1777	DC	NR6A1	0.40680316	0.19124345	0.6841525572637955	0.8679536718882018
1778	DC	NR3C2	0.4058951	0.519952	0.6848196574971661	0.8679536718882018
1779	DC	CCDC7	0.4054411	0.3536627	0.6851532998620243	0.8679536718882018
1780	DC	TBCK	0.40476006	-0.103693195	0.6856538785579418	0.8679536718882018
1781	DC	ZNF600	0.403625	0.18265218	0.686488482968187	0.8680757591081589
1782	DC	MED27	0.4011279	0.07233578	0.6883259576256014	0.8694643675270756
1783	DC	ENSG00000274422	0.39772275	0.7919886	0.690834570634768	0.870186277434076
1784	DC	CCDC138	0.39567965	0.50884616	0.6923413718835116	0.870186277434076
1785	DC	SLC40A1	0.39386356	0.411296	0.6936817739650951	0.870186277434076
1786	DC	PPP1R12B	0.39136645	0.19397056	0.6955263921252675	0.870186277434076
1787	DC	C1orf21	0.3859182	0.06528772	0.6995572606582834	0.8710193435592031
1788	DC	UBASH3B	0.38342106	-0.108021125	0.7014075836314331	0.8710193435592031
1789	DC	ZNF133	0.37865385	0.5616882	0.7049449319021606	0.8718558910318837
1790	DC	C1QTNF7-AS1	0.3777458	-0.14042182	0.7056194392514034	0.8718558910318837
1791	DC	PTGDS	0.3775188	2.050878	0.7057881022639059	0.8718558910318837
1792	DC	AQP3	0.3775188	0.19578634	0.7057881022639059	0.8718558910318837
1793	DC	RUFY2	0.37524867	0.38786268	0.7074755261928758	0.8730233145884805
1794	DC	WDPCP	0.3693464	-0.17466013	0.7118695397993262	0.8757306009012842
1795	DC	IFT88	0.36775732	0.6034264	0.7130541873824403	0.8757306009012842
1796	DC	IL1B	0.3650332	0.10025813	0.7150866215056282	0.8768945431601864
1797	DC	SLC35D1	0.36230907	0.18979055	0.7171210776797803	0.8779743713510335
1798	DC	GRAP2	0.36185506	-0.09093895	0.7174603493778429	0.8779743713510335
1799	DC	GFOD1	0.35776886	0.21847287	0.7205162958151603	0.8796334886486659
1800	DC	DTNBP1	0.34914246	0.11949201	0.7269823658443488	0.8841067861767883
1801	DC	SIGLEC1	0.34709936	0.5410766	0.728516675978347	0.8850574493290662
1802	DC	AHCYL2	0.34028903	0.0473793	0.7336388724262379	0.8886467386103772
1803	DC	ZNF155	0.33552182	0.64290553	0.7372314936247972	0.8889586093627911
1804	DC	SGO1-AS1	0.33415976	0.6435248	0.7382590163052627	0.8889586093627911
1805	DC	ZGRF1	0.33347872	0.32714632	0.7387729531689777	0.8889586093627911
1806	DC	STK17A	0.33347872	0.17111719	0.7387729531689777	0.8889586093627911
1807	DC	KIAA1328	0.33279768	0.16007172	0.7392870067659947	0.8889586093627911
1808	DC	BABAM2	0.32871148	0.06902056	0.7423737678667451	0.8917584790718001
1809	DC	NEXN	0.32598737	0.344274	0.7444339163594206	0.892410077103648
1810	DC	CASK	0.31645292	-0.010681852	0.7516587596710329	0.8949992805496134
1811	DC	ENSG00000227240	0.31486383	0.21767756	0.752865038729293	0.8949992805496134
1812	DC	RRAGC-DT	0.31327477	-0.052896626	0.7540719214907835	0.8949992805496134
1813	DC	RFX3-DT	0.31009662	-0.30918506	0.7564874871312208	0.8949992805496134
1814	DC	SEMA6A-AS1	0.30419433	0.81302845	0.7609798398981116	0.8976051070413031
1815	DC	CASP8AP2	0.30192423	-0.07707391	0.7627098252609564	0.8978751602912217
1816	DC	ITM2A	0.29693	0.33414844	0.7665199568403815	0.8978751602912217
1817	DC	CLEC2D	0.29624897	-0.1318335	0.7670399602689565	0.8978751602912217
1818	DC	ZC3H12D	0.29352483	-0.030483032	0.7691210210204689	0.8981989282225138
1819	DC	CDK17	0.28830358	-0.056240093	0.7731143617309787	0.8992902961381116
1820	DC	LINC00299	0.27922317	0.01026492	0.7800735718777606	0.9055938011137675
1821	DC	GMDS-DT	0.2737749	0.060857978	0.7842576121211854	0.9086570954231665
1822	DC	PAG1	0.27014273	0.024132276	0.7870504491299835	0.9109954017488785
1823	DC	ABTB3	0.25743014	-0.013354514	0.7968467445792023	0.9214275040561868
1824	DC	RHOH	0.25334394	-0.113958865	0.8000024446143502	0.9227602529427535
1825	DC	FAM66A	0.24993879	-0.20567766	0.8026346935140498	0.9238042659599901
1826	DC	ARHGAP10	0.24903074	-0.40721998	0.8033370062515008	0.9238042659599901
1827	DC	DZIP3	0.24834971	0.0796696	0.8038638450680131	0.9238042659599901
1828	DC	ZNF767P--chr7:149547154(-)	0.24653362	0.38431597	0.8052691836239143	0.9238042659599901
1829	DC	ZNF782	0.2460796	0.40614063	0.8056206167685457	0.9238042659599901
1830	DC	SLF1	0.24380949	-0.35845688	0.8073783701229453	0.9245150567327981
1831	DC	PAM	0.233367	-0.0011739226	0.8154764376028032	0.929167007053365
1832	DC	DIS3L2	0.23268597	0.066501796	0.8160052678003689	0.929167007053365
1833	DC	CDK8	0.22564864	-0.05202784	0.8214747116457246	0.9333857593192002
1834	DC	AOPEP	0.22201647	0.29029185	0.8243010675319378	0.9339947902305757
1835	DC	BMERB1	0.22020037	0.57388556	0.8257151027278975	0.9339947902305757
1836	DC	KIF9-AS1	0.21883832	-0.23741855	0.8267760005357393	0.9339947902305757
1837	DC	SPEF2	0.2165682	0.34458166	0.8285448654469909	0.935094780965126
1838	DC	LAX1	0.20884985	0.4618079	0.8345654605224658	0.940284864201643
1839	DC	SEMA3C	0.20862283	0.3089184	0.8347426855667647	0.940284864201643
1840	DC	PLEKHA1	0.20748778	-0.26421502	0.8356289365161389	0.9403824204239036
1841	DC	MIATNB	0.20408262	0.37647462	0.838288937462459	0.9424739870514836
1842	DC	ST3GAL3	0.2015855	0.022000423	0.8402407817418786	0.9437661502659496
1843	DC	TSPOAP1	0.18841888	-0.04651505	0.8505483009475692	0.9517077087672134
1844	DC	DGKG	0.1847867	0.007661367	0.8533963334455816	0.9521765542049373
1845	DC	WDR49	0.18001948	0.54668814	0.8571372722290338	0.9554440115083828
1846	DC	LRMDA	0.16753389	-0.14246053	0.8669499797454391	0.9618237511138079
1847	DC	CDC14A	0.16095059	-0.011453359	0.8721323204626522	0.9648425295052484
1848	DC	RNGTT	0.15754542	0.16132447	0.874815011155372	0.9669008018033058
1849	DC	MMP25-AS1	0.15572934	0.061155267	0.8762463700756358	0.9672580520971963
1850	DC	CDKL1	0.15028109	-0.023198668	0.8805428576220763	0.9690735689245404
1851	DC	MICU2	0.14483282	0.0058883834	0.8848428644351254	0.9694483421153541
1852	DC	TSGA10	0.14256272	0.31268904	0.8866355429382127	0.9694483421153541
1853	DC	STXBP5	0.1421087	0.013420456	0.8869941485600572	0.9694483421153541
1854	DC	PVT1	0.13983859	-0.0062857866	0.8887875222921132	0.9694483421153541
1855	DC	IMMP2L	0.1380225	0.016333312	0.8902226316765557	0.9694483421153541
1856	DC	TGFBR1	0.13552539	-0.3257229	0.8921964935698875	0.9694483421153541
1857	DC	PTPRM	0.13348229	-0.32579955	0.8938119689707601	0.9694483421153541
1858	DC	ZHX3	0.13075817	0.39945722	0.8959666204477341	0.9694483421153541
1859	DC	NFATC3	0.13007712	-0.0066515696	0.8965054038728233	0.9694483421153541
1860	DC	NUSAP1	0.12576392	-0.08536846	0.899918797175309	0.9694483421153541
1861	DC	PF4	0.12258577	1.6148984	0.9024351177176749	0.9694483421153541
1862	DC	ANKMY1	0.121904746	-0.10627925	0.9029744576857802	0.9694483421153541
1863	DC	AMMECR1	0.11986165	-0.528735	0.9045927452746908	0.9694483421153541
1864	DC	TBC1D5	0.11713752	-0.014931627	0.9067510774516547	0.9694483421153541
1865	DC	SFMBT1	0.11691051	0.43100673	0.9069309697772581	0.9694483421153541
1866	DC	CBLB	0.11395937	0.16322647	0.9092700011507105	0.9694483421153541
1867	DC	CAMK2D	0.11395937	0.26645583	0.9092700011507105	0.9694483421153541
1868	DC	CENPE	0.1103272	-0.05449996	0.912149886935389	0.9703123265560247
1869	DC	ARHGEF12	0.10805709	-0.20541188	0.9139504040912613	0.9703123265560247
1870	DC	KLRG1	0.10714905	-0.58518994	0.9146707351496758	0.9703123265560247
1871	DC	SMC2	0.106695026	-0.16706873	0.9150309269988363	0.9703123265560247
1872	DC	CENPP	0.101246774	0.30929187	0.9193545691901468	0.9721551518709345
1873	DC	ATAD5	0.10033873	0.13870166	0.9200754115921344	0.9721551518709345
1874	DC	WWOX	0.098976664	0.06117109	0.9211567981617429	0.9724240526375311
1875	DC	CCDC30	0.08353994	0.108674385	0.9334222232322853	0.9834857890279035
1876	DC	MAPK8	0.08126983	-0.07122817	0.9352273667707242	0.9837454233652698
1877	DC	SLC2A13	0.072189406	-0.50395626	0.9424511790910397	0.9860521233194508
1878	DC	ENSG00000269825	0.061973922	-0.27147165	0.9505836003781944	0.9919771956576818
1879	DC	CDC25B	0.05902278	-0.50093126	0.9529339626738805	0.9919771956576818
1880	DC	KCNQ1OT1	0.057660718	-0.06770308	0.9540188845993522	0.9919771956576818
1881	DC	PRR5L	0.05266648	-0.1587802	0.9579976454226151	0.9934770792890208
1882	DC	TSHZ2	0.05221246	-0.35967684	0.9583594043399991	0.9934770792890208
1883	DC	ENSG00000272368	0.049715344	-0.15522845	0.960349229683904	0.9934770792890208
1884	DC	SOX2-OT	0.044040076	-0.28041226	0.964872459229594	0.9937812799666358
1885	DC	LINC01182	0.038137797	-0.06764815	0.9695778153153018	0.9937812799666358
1886	DC	ENSG00000259363	0.038137797	-0.17559965	0.9695778153153018	0.9937812799666358
1887	DC	DUSP16	0.037683778	-0.6575755	0.9699398117457304	0.9937812799666358
1888	DC	VCL	0.035413668	-0.0029982864	0.9717498853105326	0.9937812799666358
1889	DC	DLEU1	0.034278616	-0.0295108	0.9726549772462566	0.9937812799666358
1890	DC	OAS3	0.030419433	-0.35254908	0.9757325462734183	0.9947030278336986
1891	DC	TCF7	0.028149327	-0.44463813	0.9775430527093226	0.995316562758583
1892	DC	RAB28	0.024971176	-0.13821732	0.9800779540047124	0.9954238291275775
1893	DC	PPM1L	0.023836123	-0.0910928	0.9809833259809202	0.9954238291275775
1894	DC	ENSG00000297373	0.021793026	0.074068725	0.9826130564831076	0.9954238291275775
1895	DC	TESK2	0.016798792	-0.069037646	0.9865971338638418	0.9954238291275775
1896	DC	METTL25	0.01634477	0.02003938	0.986959340784656	0.9954238291275775
1897	DC	LINC01934	0.013620642	-0.28825858	0.9891326361428662	0.9959665730596033
1898	DC	UMAD1	0.012712599	-0.19459349	0.989857086645291	0.9959665730596033
1899	DC	RAPGEF6	0.0054482566	-0.014223222	0.9956529415538052	0.9985509741457911
1900	DC	GCNT2	0.0024971177	0.13500838	0.9980075904258895	0.9985509741457911
1901	DC	PGM2L1	-0.0018160855	0.20991468	0.9985509741457911	0.9985509741457911
1902	DC	ENSG00000226571	-0.0031781497	0.22173584	0.9974642076300749	0.9985509741457911
1903	DC	ABLIM1	-0.004540214	-0.18113382	0.9963774458187906	0.9985509741457911
1904	DC	SHPRH	-0.006129289	-0.115340754	0.9951095656745914	0.9985509741457911
1905	DC	TXK	-0.010896513	-0.7206337	0.9913060121412931	0.9963896327163766
1906	DC	NLK	-0.012485588	-0.1220952	0.9900382006009153	0.9959665730596033
1907	DC	RASA2	-0.016798792	-0.053666133	0.9865971338638418	0.9954238291275775
1908	DC	RORA	-0.017479824	-0.5963873	0.9860538286857189	0.9954238291275775
1909	DC	EIF2AK3	-0.018614877	-0.11889336	0.9851483345524462	0.9954238291275775
1910	DC	PTPN13	-0.01952292	-0.6226187	0.9844239529648017	0.9954238291275775
1911	DC	PRKCA	-0.019976942	-0.15477921	0.9840617669492139	0.9954238291275775
1912	DC	RAD51-AS1	-0.025198188	-0.4271375	0.9798968826515075	0.9954238291275775
1913	DC	FAM222B	-0.029965412	-0.35340443	0.9760946378572178	0.9947030278336986
1914	DC	MYBL1	-0.030873455	-1.0039647	0.9753704596904578	0.9947030278336986
1915	DC	KIAA0586	-0.034505624	-0.30543506	0.9724739560045564	0.9937812799666358
1916	DC	ARHGAP6	-0.034959648	0.25514683	0.9721119177843546	0.9937812799666358
1917	DC	RPS6KA5	-0.03632171	-0.5215058	0.9710258379001662	0.9937812799666358
1918	DC	CROCCP3--chr1:16458753(-)	-0.038591817	-0.0032405902	0.9692158251529234	0.9937812799666358
1919	DC	LINC01278	-0.039272852	-0.55389786	0.9686728518249368	0.9937812799666358
1920	DC	INPP4B	-0.040407903	-1.3418498	0.9677679286740324	0.9937812799666358
1921	DC	H1-10	-0.043132033	0.051173646	0.9655962846619226	0.9937812799666358
1922	DC	CNST	-0.046764202	0.15495159	0.9627011589873862	0.9937812799666358
1923	DC	IFI44L	-0.049488332	-0.03627707	0.9605301353330074	0.9934770792890208
1924	DC	ARL17B	-0.049488332	-0.35754266	0.9605301353330074	0.9934770792890208
1925	DC	RABGEF1	-0.05584463	-0.10353256	0.9554655793695375	0.9926038174369047
1926	DC	CRACR2A	-0.05856876	-0.23757972	0.9532955937240398	0.9919771956576818
1927	DC	HMGA1P4	-0.059476804	-0.7780849	0.9525723413144375	0.9919771956576818
1928	DC	ENSG00000298678	-0.060838867	-0.42081705	0.9514875361231887	0.9919771956576818
1929	DC	ZFYVE28	-0.064471036	-0.8941202	0.9485951671879147	0.9915981481004336
1930	DC	TBC1D31	-0.07264342	-0.59547323	0.9420898710489853	0.9860521233194508
1931	DC	ANGPT1	-0.074005485	-0.10723942	0.9410060187172092	0.9860521233194508
1932	DC	MACF1	-0.077410646	-0.08700496	0.9382968702169893	0.984332845116128
1933	DC	NME8	-0.07809168	-0.2027041	0.9377551252009321	0.984332845116128
1934	DC	ENSG00000272908	-0.07831869	-0.5393306	0.9375745499189867	0.984332845116128
1935	DC	KIF3A	-0.08263189	-0.5388557	0.9341442400885784	0.9834857890279035
1936	DC	AP4E1	-0.09511748	0.27475145	0.9242215119246633	0.9747843031600035
1937	DC	AKT3	-0.10033873	-0.4537478	0.9200754115921344	0.9721551518709345
1938	DC	CNNM2	-0.101246774	-0.5698637	0.9193545691901468	0.9721551518709345
1939	DC	ARHGEF18	-0.10851111	-0.1279578	0.9135902650287737	0.9703123265560247
1940	DC	BICDL1	-0.11168926	-1.7906456	0.9110697924830958	0.9703123265560247
1941	DC	RNF157	-0.114413396	-1.0100795	0.9089100984568003	0.9694483421153541
1942	DC	JAKMIP2	-0.115321435	-0.54451305	0.9081903492273863	0.9694483421153541
1943	DC	GRK5	-0.12122371	-0.16771355	0.9035138424323097	0.9694483421153541
1944	DC	S1PR1	-0.121677734	-0.66960096	0.9031542476380798	0.9694483421153541
1945	DC	LINC00662	-0.12213176	-0.38592887	0.9027946727088616	0.9694483421153541
1946	DC	ZNF101	-0.12440186	-0.2796882	0.9009970985932045	0.9694483421153541
1947	DC	SPON2	-0.12462887	-0.5550915	0.900817368947694	0.9694483421153541
1948	DC	SLAMF1	-0.12485588	-1.3211749	0.9006376443870384	0.9694483421153541
1949	DC	SEC22A	-0.1293961	0.43398863	0.8970442350290707	0.9694483421153541
1950	DC	HOPX	-0.1316662	-0.5263153	0.8952483172206367	0.9694483421153541
1951	DC	TGFBR3	-0.13280126	-1.1212678	0.8943505590154827	0.9694483421153541
1952	DC	TMEM140	-0.13393632	-0.33695963	0.893452936125074	0.9694483421153541
1953	DC	PBXIP1	-0.1380225	-0.23568167	0.8902226316765557	0.9694483421153541
1954	DC	NLRC3	-0.13915756	-0.86799216	0.889325645855948	0.9694483421153541
1955	DC	KIAA0825	-0.13983859	-0.53920794	0.8887875222921132	0.9694483421153541
1956	DC	SYCP2	-0.14301674	-1.0716457	0.8862769605269123	0.9694483421153541
1957	DC	TRAPPC9	-0.14664891	0.033074502	0.8834091455022147	0.9694483421153541
1958	DC	ENSG00000290008	-0.14982706	-0.12049201	0.8809010588268145	0.9690735689245404
1959	DC	NT5C3A	-0.15345924	-0.13825063	0.8780361375356812	0.9677324252501979
1960	DC	LINC03009	-0.15504831	-0.43018526	0.8767832342989891	0.9672580520971963
1961	DC	PRKN	-0.16208564	-0.028624462	0.8712384153756323	0.9647611831278189
1962	DC	IFIT2	-0.16571781	-0.35925877	0.8683790296694808	0.9625011676638165
1963	DC	PTGS2	-0.16957699	-0.33117017	0.8653428184478743	0.9609472658118038
1964	DC	IKZF3	-0.17525226	-0.0076359715	0.8608814228330743	0.9568965531679541
1965	DC	FEZ1	-0.17729536	-0.68069875	0.8592763988563507	0.9560161258799132
1966	DC	HELB	-0.17797638	-0.60054266	0.8587415197181281	0.9560161258799132
1967	DC	NCK2	-0.18501373	-0.107336596	0.8532182750170931	0.9521765542049373
1968	DC	LINC01619	-0.18524073	-0.3740263	0.8530402240669182	0.9521765542049373
1969	DC	HSPA1B	-0.19432116	-0.19533218	0.8459244198742386	0.9474353502591472
1970	DC	TNFRSF25	-0.19477518	-1.4702042	0.8455689542774747	0.9474353502591472
1971	DC	FRMD4B	-0.1995424	-0.13943326	0.841838476756943	0.9446584433837453
1972	DC	ENOX2	-0.21929233	-0.025020868	0.8264223326993745	0.9339947902305757
1973	DC	LINC02631	-0.21974635	-0.6879319	0.8260687000736329	0.9339947902305757
1974	DC	ULK4	-0.22156245	-0.37638795	0.8246545230642427	0.9339947902305757
1975	DC	LINC00649	-0.2310969	-1.4856241	0.817239530449099	0.9294716516519733
1976	DC	CYP4F22	-0.23245895	-1.3623158	0.8161815631684745	0.929167007053365
1977	DC	NME7	-0.233367	-0.7563799	0.8154764376028032	0.929167007053365
1978	DC	LINGO2	-0.23881525	-1.9809632	0.8112488409410942	0.9271415325041076
1979	DC	SNHG22	-0.24108537	-1.0323886	0.8094889579413334	0.9260301697850273
1980	DC	HDAC8	-0.24562557	-0.3476154	0.8059720891793791	0.9238042659599901
1981	DC	ENOSF1	-0.25288993	-1.0179762	0.8003532806136128	0.9227602529427535
1982	DC	PRIM2	-0.25629508	-0.33429632	0.7977229972236841	0.9215346215472029
1983	DC	THBS1	-0.27422893	-0.68229806	0.7839087019703999	0.9086570954231665
1984	DC	THEMIS	-0.27967718	-0.77183884	0.7797251873735603	0.9055938011137675
1985	DC	TASOR2	-0.28921163	-0.38097948	0.7724194327571396	0.8992902961381116
1986	DC	TNIK	-0.28966564	-0.897142	0.7720720366658607	0.8992902961381116
1987	DC	ENSG00000293372	-0.28966564	-1.4735756	0.7720720366658607	0.8992902961381116
1988	DC	OXNAD1	-0.2948869	-0.9360036	0.7680802816776948	0.8978751602912217
1989	DC	SMYD3	-0.29534093	-1.0771532	0.7677334613506368	0.8978751602912217
1990	DC	CISH	-0.29738402	-1.4474639	0.7661733462876831	0.8978751602912217
1991	DC	HS2ST1	-0.29874608	-0.6649879	0.7651337956644949	0.8978751602912217
1992	DC	GDAP1	-0.29897308	-0.5351712	0.7649605782969807	0.8978751602912217
1993	DC	ENSG00000293909	-0.30147022	0.07088654	0.7630559649295359	0.8978751602912217
1994	DC	RAP2C-AS1	-0.30737248	-0.33376545	0.7585598685149046	0.895649001379044
1995	DC	BTBD9	-0.30737248	-0.46037963	0.7585598685149046	0.895649001379044
1996	DC	NFIA	-0.31009662	-0.5216393	0.7564874871312208	0.8949992805496134
1997	DC	CHST2	-0.31032363	-1.094639	0.7563148674790175	0.8949992805496134
1998	DC	DOCK9	-0.31145868	-1.8660576	0.7554519517797933	0.8949992805496134
1999	DC	PCCA	-0.31531787	-0.36131546	0.7525203258474007	0.8949992805496134
2000	DC	SPARC	-0.31645292	0.5121916	0.7516587596710329	0.8949992805496134
2001	DC	TANC2	-0.32053912	-0.6382696	0.7485596905197183	0.8937118741636434
2002	DC	NMT2	-0.32144713	-1.3958921	0.7478715577288179	0.8937118741636434
2003	DC	SESN1	-0.32371727	-0.6857552	0.7461521054871316	0.8926499247740252
2004	DC	LEF1	-0.32417127	-1.0751103	0.7458083663587569	0.8926499247740252
2005	DC	MIR4435-2HG	-0.32621437	-0.6115715	0.7442621672230048	0.892410077103648
2006	DC	DGKH	-0.33688387	-1.1726341	0.7362044404171479	0.8889586093627911
2007	DC	RUNX3	-0.33915398	-0.34790573	0.734493732933067	0.8886467386103772
2008	DC	MAP2K5	-0.34006202	-0.50642186	0.7338098181489316	0.8886467386103772
2009	DC	LINC01473	-0.34074306	-0.8547877	0.7332970206033957	0.8886467386103772
2010	DC	CD9	-0.35504472	-1.0194602	0.722556079961404	0.8796334886486659
2011	DC	MSC-AS1	-0.35504472	-0.24370421	0.722556079961404	0.8796334886486659
2012	DC	CD5	-0.35686082	-1.8848765	0.7211960037354904	0.8796334886486659
2013	DC	EXT1	-0.36072	-0.020309517	0.7183087723678189	0.8780988734974584
2014	DC	F2R	-0.3673033	-0.7919196	0.7133927854280869	0.8757306009012842
2015	DC	GPR174	-0.36866537	-1.1605115	0.7123771609441603	0.8757306009012842
2016	DC	NSMCE2	-0.3736596	-0.27377596	0.7086575790288996	0.8735653175450586
2017	DC	SYNE2	-0.37819982	-1.4778864	0.7052821566217314	0.8718558910318837
2018	DC	STAM	-0.38364807	-0.7321374	0.7012392990630121	0.8710193435592031
2019	DC	BBS9	-0.3841021	-0.36695465	0.7009027739004794	0.8710193435592031
2020	DC	ENSG00000306766	-0.38773426	-0.75095624	0.6982126901024702	0.8707297174554666
2021	DC	CDKN1A	-0.38932335	-0.29841742	0.6970369671283159	0.870186277434076
2022	DC	ARHGAP24	-0.38977736	-0.13413289	0.6967011797270415	0.870186277434076
2023	DC	CD7	-0.39000437	-0.89760506	0.6965333083045309	0.870186277434076
2024	DC	EML4	-0.3904584	-0.30052558	0.6961976100524425	0.870186277434076
2025	DC	WDFY2	-0.3927285	-0.17538331	0.6945200125558841	0.870186277434076
2026	DC	TNF	-0.39545265	-1.3428104	0.6925088695642563	0.870186277434076
2027	DC	ZNF804A	-0.39590666	-0.47131836	0.6921738892473215	0.870186277434076
2028	DC	TMTC3	-0.40816525	-1.2072945	0.6831523690153865	0.8679536718882018
2029	DC	PITPNM2	-0.4090733	-1.9393761	0.6824858855862016	0.8679536718882018
2030	DC	RDUR	-0.41111636	-1.123394	0.6809872035740927	0.8679536718882018
2031	DC	ZNF407	-0.41270545	-0.17714916	0.6798224316716975	0.8679536718882018
2032	DC	TPT1-AS1	-0.41452155	-1.1997716	0.6784921989824957	0.8672900282645815
2033	DC	RELL1	-0.41520256	-0.2964222	0.6779936196072658	0.8672900282645815
2034	DC	COLQ	-0.4158836	-3.155455	0.6774951811935321	0.8672900282645815
2035	DC	ATAD2	-0.42133185	-0.93783766	0.6735127714097102	0.8637415694414604
2036	DC	FBXO32	-0.4285962	-1.0073701	0.6682171125447018	0.8588233053033546
2037	DC	ENSG00000232053	-0.4365416	-0.8367212	0.6624438432811979	0.8542039031783868
2038	DC	CRADD	-0.4369956	-0.5113215	0.662114543156266	0.8542039031783868
2039	DC	NKG7	-0.45538345	-1.9147228	0.648833391809351	0.8456303875843473
2040	DC	MAP3K5	-0.4558375	-0.16543566	0.6485068485233212	0.8456303875843473
2041	DC	CHST11	-0.4603777	-0.15099014	0.6452451410364698	0.8449980911568914
2042	DC	ID2	-0.46173975	0.0035798664	0.6442679544372456	0.8446589904327768
2043	DC	FCRL3	-0.4644639	-25.559572	0.6423154257974232	0.8430389963591179
2044	DC	FRMD3	-0.46809605	-0.36474064	0.6397158967349867	0.8409918904756827
2045	DC	PIK3IP1-DT	-0.47150123	-1.3513741	0.6372828483333306	0.8409918904756827
2046	DC	CCSER2	-0.47172824	-0.269106	0.6371207836449524	0.8409918904756827
2047	DC	NOL4L	-0.47581443	-0.79998463	0.6342065930945534	0.8409918904756827
2048	DC	TRAT1	-0.47649544	-1.7716398	0.6337214439766077	0.8409918904756827
2049	DC	CAMK4	-0.47808453	-2.1200383	0.6325900418167191	0.8409918904756827
2050	DC	PRKCQ-AS1	-0.4814897	-1.7846048	0.630168504708394	0.8402246729445254
2051	DC	IGF1R	-0.48671094	-0.2968571	0.6264631933109185	0.8362323670075371
2052	DC	FBXL20	-0.48693794	-0.40087163	0.6263023055841623	0.8362323670075371
2053	DC	SYTL3	-0.48875403	-0.41955602	0.6250158445093643	0.8361986725176478
2054	DC	ARL15	-0.49669942	-0.1956329	0.6194010399930374	0.8305765370944265
2055	DC	TC2N	-0.49942353	-1.7396986	0.6174810416630268	0.8289471518215975
2056	DC	KMT2A	-0.50396377	-0.10327089	0.6142868505310453	0.8274049485313291
2057	DC	METTL15	-0.51259017	-0.13450453	0.6082380400176468	0.8221700402997157
2058	DC	NR4A1	-0.5130442	-0.43465272	0.6079204179391818	0.8221700402997157
2059	DC	SLAMF6	-0.51463324	-1.6600009	0.6068093235423002	0.8221700402997157
2060	DC	RSAD2	-0.5284809	-0.7505217	0.5971655963881222	0.8146945955364636
2061	DC	PRICKLE1	-0.529843	-1.3428667	0.5962208098387309	0.8143503744138765
2062	DC	PLA2G4A	-0.5389234	-0.61284053	0.5899397117506313	0.8076473818611669
2063	DC	PEAK1	-0.5452797	-0.4854403	0.5855611653755426	0.8044625356093903
2064	DC	ZNF831	-0.5452797	-1.8772142	0.5855611653755426	0.8044625356093903
2065	DC	ENSG00000301476	-0.5455067	-0.8170677	0.5854050681710916	0.8044625356093903
2066	DC	ANO10	-0.54618776	-0.64240885	0.5849368925557381	0.8044625356093903
2067	DC	NEK7	-0.5470958	-0.35511807	0.5843129292746434	0.8044625356093903
2068	DC	AK9	-0.5482308	-0.72397965	0.5835334110115957	0.8044625356093903
2069	DC	STAT4	-0.54868484	-2.1907487	0.5832217394449188	0.8044625356093903
2070	DC	LINC01871	-0.54891187	-25.487122	0.5830659327708819	0.8044625356093903
2071	DC	HERC5	-0.55072796	-1.1426402	0.5818201787419507	0.8044625356093903
2072	DC	CD28	-0.55935436	-3.6152582	0.5759199024138812	0.8024665938847445
2073	DC	LCLAT1	-0.56162447	-1.3519562	0.5743719062949726	0.8022106434713632
2074	DC	SPOCK2	-0.5627595	-1.2211183	0.5735986475279526	0.8022106434713632
2075	DC	PBX4	-0.56366754	-2.3142545	0.5729803959965707	0.8022106434713632
2076	DC	SMURF1	-0.56798077	-0.3016117	0.5700480274533994	0.7999719335145559
2077	DC	TAFA2	-0.58659565	-0.14814708	0.5574753085708484	0.7881854732426914
2078	DC	HES1	-0.5875037	-3.20872	0.5568654747614394	0.7881854732426914
2079	DC	FAR2	-0.5895468	-0.5635196	0.5554945383734275	0.7880115526262373
2080	DC	TRDC	-0.59113586	-25.853067	0.5544293952728877	0.7874504454600434
2081	DC	PRLR	-0.594995	-2.4245908	0.5518467862371699	0.7856801702359707
2082	DC	NCAM1	-0.5959031	-2.8889256	0.5512399734384843	0.7856801702359707
2083	DC	EREG	-0.6004433	-1.4437758	0.5482108397923228	0.7845180422346482
2084	DC	CCL4	-0.60112435	-1.9843613	0.5477571800393781	0.7845180422346482
2085	DC	SIRPG	-0.60521054	-25.671581	0.5450391255647552	0.7826202828622126
2086	DC	CD3E	-0.60702664	-2.1104295	0.5438332545838476	0.7818434075679764
2087	DC	GTDC1	-0.61610705	-0.7009977	0.5378238791078791	0.776395136127225
2088	DC	ADGRG1	-0.61610705	-3.5403345	0.5378238791078791	0.776395136127225
2089	DC	SH2D1A	-0.61656106	-3.7752407	0.5375242878295758	0.776395136127225
2090	DC	SNED1	-0.62200934	0.15578511	0.5339357439643848	0.7761538132288214
2091	DC	EXOC6B	-0.62337136	-1.0682745	0.5330405024040672	0.7758114242910681
2092	DC	CD6	-0.6304087	-3.5699852	0.5284272140916062	0.7719632344990421
2093	DC	GK5	-0.63199776	-0.9902974	0.5273883251357687	0.7719632344990421
2094	DC	CD8A	-0.64380234	-3.4968905	0.5197036158746537	0.7677091632977175
2095	DC	PPM1N	-0.64425635	-1.8627218	0.5194092080202352	0.7677091632977175
2096	DC	PRKCQ	-0.65015864	-2.083239	0.5155897541983283	0.7640786586715907
2097	DC	LAT	-0.65106666	-1.3880943	0.5150034424061365	0.7640786586715907
2098	DC	PLCG1	-0.6594661	-3.8205187	0.5095965217588996	0.7595507092375994
2099	DC	PLEKHG2	-0.67240566	-0.4234693	0.501325462389226	0.7510302468404202
2100	DC	PYHIN1	-0.67240566	-1.5943027	0.501325462389226	0.7510302468404202
2101	DC	GZMM	-0.67376775	-3.8070118	0.5004589795075818	0.7510302468404202
2102	DC	PRKCH	-0.67512983	-0.93958896	0.49959329144532594	0.7510302468404202
2103	DC	MAL	-0.67558384	-26.052277	0.49930490553586415	0.7510302468404202
2104	DC	SYTL2	-0.678535	-2.5164506	0.49743255436062306	0.7510302468404202
2105	DC	ITK	-0.68194014	-1.6682547	0.4952768039352926	0.7500427332022748
2106	DC	S1PR5	-0.6896585	-26.153929	0.49040896849396376	0.7480167924110264
2107	DC	PTGDR	-0.6896585	-26.194975	0.49040896849396376	0.7480167924110264
2108	DC	LINC02328	-0.69102055	-1.4234524	0.48955261702549324	0.7480167924110264
2109	DC	GZMH	-0.70373315	-26.465038	0.4815989625961201	0.7403403660301141
2110	DC	KLRF1	-0.7105435	-2.7671084	0.4773671744898086	0.7376922433640144
2111	DC	STOM	-0.7132676	-0.46648243	0.4756801737278521	0.736922054031476
2112	DC	OPTN	-0.71644574	-0.9032402	0.4737161454756529	0.7359183448868796
2113	DC	GBP1	-0.72007793	-0.66761553	0.47147701204910786	0.7334086854097233
2114	DC	ENSG00000287124	-0.72915834	-0.5781374	0.4659047972470205	0.7266631850961487
2115	DC	PRSS23	-0.7318825	-26.272257	0.46424029359471664	0.7250286656937408
2116	DC	EOMES	-0.7318825	-26.079706	0.46424029359471664	0.7250286656937408
2117	DC	LINC02580	-0.74595714	-25.324284	0.4556932973975678	0.718358334771501
2118	DC	ENSG00000269514	-0.7486813	-1.5398256	0.4540493274444617	0.7175919569722219
2119	DC	NAALADL2	-0.75685364	-2.8725052	0.4491375356132823	0.7148457770872315
2120	DC	DLEU2	-0.76525307	-0.27915433	0.4441208670701292	0.7096279071664021
2121	DC	SNTB2	-0.7684312	-1.0416226	0.44223104206072994	0.7075696672971679
2122	DC	KLRK1	-0.77751166	-2.5818422	0.4368569686465549	0.705692026275204
2123	DC	PRDM1	-0.78000873	-0.8167407	0.4353857192646421	0.7047151794064052
2124	DC	CXCR2	-0.7831869	-1.1228571	0.4335173610362819	0.7041663212412534
2125	DC	IFIT1	-0.784549	-3.0208898	0.4327180575089512	0.7038401599315721
2126	DC	NCR1	-0.8163305	-26.511913	0.4143111511393205	0.6843116766009001
2127	DC	CCL3L3	-0.82245976	-1.4172851	0.4108152796846565	0.680448970294586
2128	DC	MSR1	-0.8231408	-1.448705	0.41042793384821263	0.680448970294586
2129	DC	ISG15	-0.82427585	-0.5256645	0.40978283988162556	0.680448970294586
2130	DC	CD247	-0.8258649	-1.7715492	0.40888072187442137	0.6801184284643841
2131	DC	PTX3	-0.8394856	-3.0947175	0.4011968876016273	0.6730492722104332
2132	DC	SCAPER	-0.8444798	-0.54365706	0.398401347719225	0.669314264168298
2133	DC	CD3D	-0.8526522	-3.8672736	0.3938522152284957	0.6645196629967157
2134	DC	CD96	-0.8581004	-1.325645	0.3908370045773155	0.6612272282896955
2135	DC	TRGC2	-0.8585545	-26.247726	0.39058637151529685	0.6612272282896955
2136	DC	ZAP70	-0.85968953	-3.9772081	0.3899602162322461	0.6612272282896955
2137	DC	G0S2	-0.8630947	-3.1193762	0.38808541542075037	0.660475323494649
2138	DC	IL7R	-0.8671809	-2.7591152	0.38584291743851973	0.6585649795467332
2139	DC	SLCO4C1	-0.8676349	-1.486645	0.3855942404653623	0.6585649795467332
2140	DC	FLT3LG	-0.870359	-1.0749595	0.3841042358228989	0.6575059407972768
2141	DC	SH2D2A	-0.8867038	-26.24806	0.37523839856554675	0.646933618348044
2142	DC	SAMD3	-0.90895087	-3.5270681	0.36337607782099934	0.6318460419807594
2143	DC	FGFBP2	-0.9148531	-27.442333	0.36026874668757325	0.6276682164512387
2144	DC	KLRB1	-0.9164422	-3.8762462	0.3594350158496643	0.6276682164512387
2145	DC	PRF1	-0.9168962	-5.2664294	0.35919702987043267	0.6276682164512387
2146	DC	LINC00278	-0.9221175	-0.43266904	0.35646731231068574	0.6256799392199499
2147	DC	USP32	-0.9293818	-0.6058927	0.3526912569261913	0.6251596788994329
2148	DC	ITGA6	-0.9311979	-4.5535283	0.35175121194985215	0.6251596788994329
2149	DC	CD3G	-0.933468	-3.0785344	0.3505783894634895	0.6246669484985814
2150	DC	HCG18	-0.93891627	-0.75346774	0.34777374620921864	0.6208179319368201
2151	DC	KLRD1	-0.95344496	-3.9675775	0.3403646843914382	0.6132731326022208
2152	DC	MAX	-0.954807	-0.1640659	0.3396753082287328	0.6132731326022208
2153	DC	TBX21	-0.9570771	-26.712667	0.338528339027357	0.6132731326022208
2154	DC	SYNGAP1	-0.96002823	-1.8713734	0.3370410006066087	0.6132731326022208
2155	DC	SVIL	-0.9616173	-0.6958828	0.33624186893637775	0.6132731326022208
2156	DC	CCM2	-0.9670656	-0.8106096	0.3335112534274143	0.6103828770062942
2157	DC	GATA3	-0.97115177	-26.297226	0.3314727082170923	0.6094965717950986
2158	DC	RAP1GAP2	-0.9779621	-0.3977616	0.3280930749740335	0.6057102922597543
2159	DC	TTC38	-0.97887015	-2.027344	0.32764415209533415	0.6057102922597543
2160	DC	LCK	-0.98136723	-2.5302787	0.32641167079677114	0.6054576101845471
2161	DC	CCL5	-0.9822753	-2.0337086	0.3259642436833412	0.6054576101845471
2162	DC	MCU	-0.9843184	-0.7562777	0.32495899118917726	0.6054576101845471
2163	DC	FOXO1	-0.9911287	-0.5758974	0.32162273610922454	0.6021461646624295
2164	DC	SBK1	-0.9993011	-26.466202	0.31764885559908207	0.5983870237600153
2165	DC	GNLY	-1.0049764	-2.6968772	0.3149082324267217	0.5953891982858919
2166	DC	RASGRP1	-1.016781	-1.9511352	0.309257661734899	0.5884903077673806
2167	DC	UICLM	-1.0260884	-1.4335911	0.3048499380804187	0.5819862454262539
2168	DC	MCTP2	-1.0417521	-2.0149968	0.29752662957571574	0.5707851816982735
2169	DC	TRBC1	-1.0546917	-2.943206	0.29156634697927586	0.564879776025747
2170	DC	ENSG00000308356	-1.0555997	-26.088629	0.29115111642993086	0.564879776025747
2171	DC	TRAC	-1.0692204	-2.7011766	0.2849703734062503	0.5565612900533041
2172	DC	CRTAM	-1.0719445	-1.9688388	0.28374495319564685	0.5556139026115617
2173	DC	SERINC5	-1.0751227	-0.6020589	0.28231981224619895	0.5556139026115617
2174	DC	SLC16A7	-1.1025909	-0.7768188	0.2702048369812322	0.5394921702715264
2175	DC	PDE8A	-1.1407287	-0.7332663	0.25398281481963125	0.5176495497883645
2176	DC	TRPS1	-1.1482201	-0.48267633	0.25087770857222635	0.513993354147976
2177	DC	SKAP1	-1.1500362	-1.9468269	0.2501289627120764	0.5133536826342091
2178	DC	ENSG00000285534	-1.1550305	-3.9115622	0.24807796413166916	0.5109276459174131
2179	DC	DOCK4	-1.1582086	-2.073696	0.2467789265836806	0.5091438906358042
2180	DC	SH2D1B	-1.1704671	-3.3312151	0.24181302212534483	0.5041336489530706
2181	DC	BCL11B	-1.1815907	-2.6665006	0.23736815145368562	0.4984731180527398
2182	DC	GZMA	-1.188628	-4.9642344	0.23458607808277787	0.494773267567984
2183	DC	BCL2L1	-1.1911252	-0.68105143	0.23360446419487246	0.4940986508869964
2184	DC	DHRS7B	-1.2185935	-1.0338026	0.22299854442168154	0.47767994214917575
2185	DC	RAD51B	-1.2372082	-1.1378244	0.2160097587199079	0.46696227252685973
2186	DC	DENND2D	-1.2422025	-1.5531917	0.2141618422783108	0.4646758791868884
2187	DC	SLC8A1	-1.2426566	-0.42447868	0.2139944169614496	0.4646758791868884
2188	DC	ENSG00000291236	-1.2471968	-1.7948084	0.21232535452521217	0.4641163883302036
2189	DC	IL2RB	-1.2546881	-4.070748	0.20959199653689164	0.46071063163997117
2190	DC	ST6GALNAC3	-1.2830645	-2.2180293	0.199469491293348	0.44343312242150706
2191	DC	PARP8	-1.2866967	-0.44980443	0.19820004530351854	0.4422832130492178
2192	DC	GCLM	-1.2948691	-26.19536	0.19536541606645852	0.4376185319888671
2193	DC	FOXN3	-1.3057655	-0.31289348	0.1916323032229943	0.43224550109011806
2194	DC	ZFAND3	-1.3248345	-0.43181178	0.18522607071379027	0.42051324162049686
2195	DC	TPTEP1--chr22:16601307(+)	-1.3311907	-1.011295	0.18312625917696834	0.41655025298281384
2196	DC	ELL2	-1.3656963	-0.86301315	0.17203428693561718	0.3990381093417866
2197	DC	PDE4D	-1.3734148	-0.48776644	0.16962345468658102	0.39487979035496845
2198	DC	CASP5	-1.3736417	-4.115704	0.16955293330877352	0.39487979035496845
2199	DC	PATL2	-1.3763659	-0.501935	0.16870839086557265	0.3944355221827305
2200	DC	IFITM1	-1.3784089	-1.3057368	0.16807705847944376	0.3940705745623157
2201	DC	ABCC3	-1.419725	-0.90420926	0.1556877839239177	0.36913071349703064
2202	DC	ENSG00000289424	-1.4310755	-2.3326046	0.1524085946189276	0.3631286719377526
2203	DC	IPCEF1	-1.4442421	-0.5899361	0.14867089672211978	0.35753982524583405
2204	DC	PTPN4	-1.4456041	-2.068012	0.14828826844151788	0.3573504173918545
2205	DC	TMTC2	-1.4583167	-0.70927584	0.14475326198170235	0.35026715244955137
2206	DC	LINC00861	-1.4789747	-4.0140557	0.1391470768482503	0.3387928827609573
2207	DC	HEG1	-1.4837419	-1.8279438	0.13787739944060973	0.337097342499287
2208	DC	CDC42EP3-AS1	-1.5041729	-2.576772	0.13253685691339623	0.3260739408580627
2209	DC	H1-0	-1.5305061	-0.70034575	0.12589149775236752	0.31432781604412785
2210	DC	LONRF3	-1.5341383	-26.468027	0.12499563289499382	0.3127550303925803
2211	DC	SASH1	-1.549575	-1.3689094	0.12124355080709888	0.30728968911454374
2212	DC	FAM13A	-1.5520722	-0.77751195	0.12064496221724838	0.3064329925863587
2213	DC	IL32	-1.5713681	-3.4967535	0.11609718195437885	0.2981010610880994
2214	DC	PCNX1	-1.5772704	-0.59603256	0.11473333583495486	0.2958912345217257
2215	DC	LINC02384	-1.5852157	-2.7828362	0.11291733311331134	0.29249071308646285
2216	DC	SAMD9L	-1.590891	-0.550225	0.1116341142277168	0.2904462794951216
2217	DC	SLFN12L	-1.7066665	-3.4039838	0.08788407018418933	0.23650266942015252
2218	DC	SLC9A9	-1.7207412	-1.0901186	0.08529781593400895	0.2311295657566694
2219	DC	LUCAT1	-1.7434422	-1.4020538	0.08125640876014474	0.22378814215908716
2220	DC	MTSS1	-1.7650082	-0.9538448	0.0775623910208523	0.215634448795561
2221	DC	UTRN	-1.7713645	-0.42632225	0.07650011143010706	0.2136915226646221
2222	DC	RGS18	-1.7774937	-0.40892363	0.07548703528942398	0.21186814677890836
2223	DC	LYN	-1.782942	-0.24086715	0.07459574121141443	0.20986744417374012
2224	DC	ZBTB16	-1.8192637	-2.2494655	0.06887120306640225	0.19802575747210036
2225	DC	DIAPH2	-1.8197178	-0.5618034	0.0688019976103754	0.19802575747210036
2226	DC	MAF	-1.8794216	-1.5655915	0.0601869531519521	0.17739312507943775
2227	DC	IFIT3	-1.8821456	-1.5958624	0.05981623588622176	0.17718864836825388
2228	DC	CDKN1C	-1.8914531	-2.958711	0.05856388086367802	0.174799806841841
2229	DC	CPVL	-1.9114301	-0.5177027	0.055949334203504314	0.16957839439000277
2230	DC	XRCC4	-1.9161973	-1.6769576	0.055339986328725804	0.1690445565724222
2231	DC	ENSG00000291143	-1.9184674	-1.0409657	0.0550517704510045	0.1690445565724222
2232	DC	MAP3K7CL	-1.9427576	-2.1367612	0.052045458355872584	0.1632145574040164
2233	DC	HBEGF	-1.9441196	-1.4658306	0.0518810277383471	0.1631339267922358
2234	DC	MAML2	-1.9631885	-0.95697653	0.049624272884968096	0.15687673363635074
2235	DC	IFI6	-1.9799873	-1.8288195	0.04770495452706093	0.15203530223258443
2236	DC	F13A1	-1.9808954	-0.749182	0.047603010254235696	0.15203530223258443
2237	DC	HIPK2	-1.9836195	-0.7943494	0.0472982756910271	0.15156068722792335
2238	DC	ARAP2	-2.057625	-0.76454806	0.03962614781528429	0.1327645294324055
2239	DC	BCL9L	-2.0687485	-1.1608955	0.038569693984553295	0.12959417178809907
2240	DC	CHN2	-2.1466131	-0.7358613	0.03182409106885169	0.11007391499108701
2241	DC	ITGB1	-2.1974635	-0.21588087	0.027987356225930834	0.09883823099608006
2242	DC	ZSWIM6	-2.204274	-0.6465385	0.027505088677073315	0.09801813419466128
2243	DC	ENSG00000306779	-2.2215266	-2.1015346	0.0263153087633408	0.09457048327605218
2244	DC	TMEM176B	-2.2237968	-27.193708	0.02616211874354039	0.09454172289404097
2245	DC	ATG7	-2.2424116	-0.76598364	0.02493477773443769	0.09106614476925068
2246	DC	KIF13A	-2.2592106	-1.0700041	0.023870295866763716	0.08799833209816342
2247	DC	TUBA4A	-2.2592106	-1.1604134	0.023870295866763716	0.08799833209816342
2248	DC	FOSB	-2.2660208	-0.5615615	0.023450110320664345	0.08727003081361161
2249	DC	ARHGEF3	-2.2778254	-1.030899	0.022736985507479074	0.08488474589458854
2250	DC	GBP4	-2.2855437	-1.0826303	0.022280966444694107	0.08344718642980978
2251	DC	GPR141	-2.2987103	-1.2413403	0.021521393477965504	0.08085993204500777
2252	DC	DENND1A	-2.3254976	-1.0187293	0.02004536843111002	0.07628916917470999
2253	DC	SYNE1	-2.3284488	-1.4377242	0.01988828851414527	0.07593710159946375
2254	DC	AAK1	-2.357506	-1.144917	0.01839815291781398	0.0707066268998341
2255	DC	SIRPD	-2.396779	-1.4800276	0.016539898336178284	0.06483640147781887
2256	DC	PID1	-2.4732816	-1.0613036	0.013387862082491056	0.054477943975811356
2257	DC	BTG2	-2.4907613	-0.5542384	0.012746969656365827	0.052050126096827125
2258	DC	GAB2	-2.4921234	-0.83417577	0.012698189528555212	0.052031605873104285
2259	DC	GPR155	-2.4953015	-1.6910366	0.01258501125138446	0.052031605873104285
2260	DC	ADM	-2.4989338	-3.3243692	0.012456759000455644	0.052031605873104285
2261	DC	CXCL8	-2.525721	-5.245732	0.01154611254258069	0.048842548021852124
2262	DC	STEAP4	-2.5727122	-4.8788314	0.010090506458635446	0.043150674892201035
2263	DC	CCL3	-2.58656	-2.1618788	0.009693932042108156	0.042145169363564085
2264	DC	ACTN1	-2.610169	-0.7785939	0.009049750009877847	0.039886033136735555
2265	DC	FAM110A	-2.7718005	-1.3202308	0.005574716929361205	0.0264349480198741
2266	DC	SIPA1L1	-2.8303695	-1.0677209	0.004649429056620137	0.022500940619692513
2267	DC	PITPNC1	-2.8730474	-1.3767539	0.004065331190433353	0.02000347062740428
2268	DC	LIMS1	-2.886668	-0.7413004	0.0038934477641690978	0.01948380668367174
2269	DC	MARCKS	-2.9011967	-0.7930987	0.0037174042119291874	0.018843393763916916
2270	DC	PIM1	-2.9139094	-1.8082149	0.003569335656233758	0.01830332191887655
2271	DC	SOCS3	-2.949096	-1.6694651	0.003187049781538261	0.016510883449731256
2272	DC	PELI1	-2.9981303	-1.2638702	0.0027164151356032042	0.014800391705971019
2273	DC	SBF2	-3.0700927	-1.4395672	0.002139923517490014	0.011926777519280837
2274	DC	FCGR3A	-3.098242	-3.6531086	0.0019467238400470844	0.010901653504263673
2275	DC	NAMPT	-3.2142444	-0.81817114	0.0013078826382309598	0.0075766994214759055
2276	DC	PLCB1	-3.2167416	-1.42628	0.001296553185649377	0.007548250229325085
2277	DC	SIK3	-3.2344484	-0.9784595	0.0012187792871521106	0.007202434380356192
2278	DC	XAF1	-3.246934	-0.8798782	0.0011665543088595278	0.006963796280298501
2279	DC	HMGB2	-3.290293	-0.6911478	0.0010008308707140081	0.006098326963521625
2280	DC	SLC49A4	-3.350451	-2.267986	0.0008068011227505018	0.005040708671368371
2281	DC	ATXN1	-3.3556721	-1.3908547	0.0007917236634646438	0.004978968065424712
2282	DC	PDE3B	-3.3652065	-2.0290663	0.0007648636679279066	0.0048620522890984764
2283	DC	IL1RN	-3.5050452	-1.5685034	0.00045652979869608063	0.0029993242640591667
2284	DC	CMIP	-3.5066342	-0.66152227	0.0004538124380471097	0.0029982215008056237
2285	DC	SPIDR	-3.5736024	-1.0388414	0.00035210343745790875	0.0023797335773017283
2286	DC	EGR1	-3.582002	-1.7948912	0.0003409714310321256	0.0023312930400801145
2287	DC	RPH3A	-3.5947144	-4.0925417	0.00032474761162606773	0.002233351995744185
2288	DC	FRY	-3.6026597	-1.7515318	0.0003149776661700557	0.0022048436631903904
2289	DC	ARHGAP26	-3.6423867	-0.9131572	0.00027012192814687285	0.0019369718750044055
2290	DC	GBP5	-3.691648	-3.2325473	0.00022280570541166885	0.0016479214437995129
2291	DC	SLC22A15	-3.7656534	-2.5655951	0.0001661140548498055	0.001252244413483149
2292	DC	CATIP	-3.8800669	-3.5192528	0.00010442775681917822	0.0008132916690023415
2293	DC	TLN1	-3.8800669	-0.41980395	0.00010442775681917822	0.0008132916690023415
2294	DC	POU2F2	-3.8859692	-0.82455325	0.00010192245706354038	0.0008044349631323724
2295	DC	MIR23AHG	-3.9188857	-1.4236976	8.89592910857933e-05	0.0007068657183573846
2296	DC	RBM47	-3.9220638	-1.14207	8.77937236972049e-05	0.0007023497895776392
2297	DC	SIGLEC10	-3.9658768	-1.4745095	7.312659853874402e-05	0.0005890197252161847
2298	DC	SSH2	-4.056227	-1.0736643	4.987175836966874e-05	0.00041013418071839466
2299	DC	ADGRE2	-4.1320486	-1.3590333	3.595441681295124e-05	0.00030639416066688884
2300	DC	PLXDC2	-4.134319	-0.9977557	3.560089488317224e-05	0.0003055960027927778
2301	DC	GNG2	-4.1765428	-1.1666609	2.9597303729792857e-05	0.00026569793271936183
2302	DC	ACSL1	-4.300945	-1.8534861	1.700715094583861e-05	0.00015748353946697802
2303	DC	PADI4	-4.3638268	-3.2407765	1.2780686454070332e-05	0.00012319743663923534
2304	DC	SLFN5	-4.4410105	-2.2966206	8.95375120656106e-06	8.702158197451078e-05
2305	DC	STAT1	-4.5275016	-1.1802803	5.968521494854126e-06	5.948289218600383e-05
2306	DC	IFITM2	-4.6562166	-0.9543482	3.2207335720352316e-06	3.322440947994239e-05
2307	DC	NFKBIA	-4.6750584	-1.0582963	2.938700935671802e-06	3.0856359824553925e-05
2308	DC	SLC2A3	-4.8321495	-1.7325361	1.3506661285179676e-06	1.4984748746576697e-05
2309	DC	CD36	-4.8453164	-1.1337065	1.2641009808816224e-06	1.4255385953160283e-05
2310	DC	ZFP36L1	-4.859845	-1.1540637	1.1747767504765932e-06	1.3412985034567705e-05
2311	DC	MT2A	-4.882546	-1.7454346	1.0472474534445898e-06	1.207414711030233e-05
2312	DC	JUN	-4.942931	-0.8977146	7.695674807569917e-07	9.050113573702222e-06
2313	DC	LST1	-4.9601836	-1.2349907	7.042652651407685e-07	8.365817695005492e-06
2314	DC	CX3CR1	-4.9919653	-1.6563641	5.976800817998647e-07	7.246100785532381e-06
2315	DC	MCL1	-5.157683	-0.8008187	2.5002435575007397e-07	3.095038340653547e-06
2316	DC	HMOX1	-5.1683526	-2.2798052	2.361664778280512e-07	2.954593382189236e-06
2317	DC	IFITM3	-5.2128468	-1.7435147	1.8596460416709583e-07	2.3515524139839212e-06
2318	DC	TCF7L2	-5.2920732	-3.3193789	1.2093733184980468e-07	1.5458945897322859e-06
2319	DC	MS4A6A	-5.386964	-1.6380719	7.165783107812995e-08	9.68616199400929e-07
2320	DC	IRF1	-5.4092107	-1.1924503	6.33030413401263e-08	8.75816195482218e-07
2321	DC	NRGN	-5.445306	-1.5908631	5.171651153782914e-08	7.327544285359889e-07
2322	DC	PLAUR	-5.5522275	-1.5759743	2.8205192931073996e-08	4.2524752419157714e-07
2323	DC	ZEB2	-5.553136	-1.21471	2.8059007658167955e-08	4.2524752419157714e-07
2324	DC	IER2	-5.727253	-1.0768628	1.020699463256101e-08	1.6671424566516318e-07
2325	DC	PLBD1	-6.093194	-1.8516862	1.1067968850707819e-09	2.066020852132126e-08
2326	DC	AOAH	-6.152444	-1.469003	7.629794219400535e-10	1.4954396670025048e-08
2327	DC	IRS2	-6.15653	-2.2511697	7.435602973194549e-10	1.482079507877422e-08
2328	DC	CYP1B1	-6.349943	-5.6801214	2.1539436684208643e-10	4.77931651709988e-09
2329	DC	DPYD	-6.4178195	-1.5675575	1.3824006262865892e-10	3.1685737312682803e-09
2330	DC	PELATON	-6.739948	-3.7205083	1.5844372547564133e-11	4.050648286072917e-10
2331	DC	MAFB	-6.7737722	-2.9066024	1.2546715201685815e-11	3.3533947902687543e-10
2332	DC	CEBPD	-6.9251885	-1.8091208	4.353957965212393e-12	1.1907568760673893e-10
2333	DC	CSF3R	-7.0400558	-1.8277936	1.921628936587615e-12	5.5117942181147204e-11
2334	DC	MS4A7	-7.0691133	-2.7901626	1.5592697600560397e-12	4.5842530945647565e-11
2335	DC	PECAM1	-7.125639	-1.496049	1.0359906363283185e-12	3.1239102264669296e-11
2336	DC	S100A12	-7.595324	-4.473385	3.070233928872401e-14	9.75836513609174e-13
2337	DC	FOS	-7.638002	-1.7059178	2.2061851054344524e-14	7.206871344419211e-13
2338	DC	LYZ	-7.8159785	-2.181039	5.453775181089808e-15	1.8324684608461756e-13
2339	DC	RGS2	-7.8606997	-2.2776947	3.8199434278419855e-15	1.321251020924169e-13
2340	DC	APOBEC3A	-7.919495	-4.3767123	2.3847672943797924e-15	8.498443449062533e-14
2341	DC	RHOB	-8.141512	-2.4392033	3.903728560613897e-16	1.6395659954578368e-14
2342	DC	MNDA	-8.283393	-2.21556	1.1971416373124228e-16	5.4147637133823435e-15
2343	DC	AIF1	-8.345821	-1.6983073	7.072066605428921e-17	3.4653126366601718e-15
2344	DC	MEGF9	-8.608473	-2.4432507	7.404039147016526e-18	4.837305576050797e-16
2345	DC	S100A8	-9.296088	-4.323174	1.457081116871679e-20	1.2239481381722106e-18
2346	DC	VCAN	-9.362375	-3.7216983	7.796396445787775e-21	7.052740169420326e-19
2347	DC	CD14	-9.405053	-4.987941	5.200387555055132e-21	5.09637980395403e-19
2348	DC	S100A9	-9.630021	-4.3508797	5.971736979417896e-22	7.022762687795445e-20
2349	DC	DUSP6	-9.813445	-3.4954085	9.854509287358756e-23	1.2876558802148774e-20
2350	DC	FCN1	-10.120137	-3.4360912	4.497859114799889e-24	1.003773957022073e-21
2351	DC	C5AR1	-10.144881	-5.2190294	3.492034071904923e-24	1.003773957022073e-21
2352	T cells	ETS1	18.388897	6.6698036	1.612254382282087e-75	4.740027883909336e-73
2353	T cells	ARL4C	17.457457	4.395984	3.0209240739792683e-68	3.2296424645451087e-66
2354	T cells	SYNE2	17.112005	7.192215	1.2076982083080464e-65	1.0925023792078943e-63
2355	T cells	TRBC2	17.025602	7.8663645	5.304389186576785e-65	4.4556869167245e-63
2356	T cells	IL2RG	16.965628	3.8020036	1.475172226285995e-64	1.15653502540822e-62
2357	T cells	SLFN5	16.624922	3.805306	4.599673601476117e-62	2.7046080776679563e-60
2358	T cells	TLE5	16.289597	2.089813	1.169977279863562e-59	6.551872767235948e-58
2359	T cells	PRKCH	16.053019	4.954397	5.4450535404332904e-58	2.56135318541982e-56
2360	T cells	IFITM1	16.030231	4.90062	7.859053305263824e-58	3.554710264227022e-56
2361	T cells	SPOCK2	15.946835	7.439357	2.9970747184236173e-57	1.2587713817379193e-55
2362	T cells	IKZF3	15.377622	6.5989313	2.3128984734090604e-53	7.771338870654443e-52
2363	T cells	MLLT6	15.147531	3.2821462	7.866724914892445e-52	2.569796805531532e-50
2364	T cells	PCED1B-AS1	14.730392	4.828451	4.113106675203982e-49	1.2402598589845854e-47
2365	T cells	IL32	14.24869	8.0819025	4.567726481874275e-46	1.2492200796939878e-44
2366	T cells	SLC38A1	14.174947	4.535803	1.3094283197095925e-45	3.421972675507735e-44
2367	T cells	FCMR	14.135068	5.4815445	2.30909611763362e-45	5.903254422472037e-44
2368	T cells	BCL9L	13.966694	3.3538115	2.489160801581681e-44	6.098443963875119e-43
2369	T cells	ATM	13.903396	2.655783	6.040653767436756e-44	1.4497569041848214e-42
2370	T cells	CD96	13.843894	6.3424344	1.384951027326309e-43	3.257404816271479e-42
2371	T cells	LINC00861	13.7874	7.769014	3.0350085655193524e-43	6.998372692256389e-42
2372	T cells	BCL11B	13.759391	6.5211306	4.472802290578911e-43	1.0115414411001538e-41
2373	T cells	RASGRP1	13.717139	6.8501954	8.01669427858939e-43	1.778798579551155e-41
2374	T cells	GBP5	13.518539	3.674454	1.2156561729361083e-41	2.5992939261324786e-40
2375	T cells	TRBC1	13.501132	8.040354	1.539913517436212e-41	3.2338183866160453e-40
2376	T cells	SKAP1	13.480719	5.8368406	2.0311955645006155e-41	4.190677164653901e-40
2377	T cells	PIM1	13.463944	3.3214843	2.5493621112585056e-41	5.169051453172418e-40
2378	T cells	RUNX3	13.407291	2.9381666	5.480372710936127e-41	1.0923590352645568e-39
2379	T cells	LBH	13.299051	5.9658504	2.3442432012792287e-40	4.5193934503350376e-39
2380	T cells	CD2	13.218504	5.802461	6.861544956810633e-40	1.2808217252713181e-38
2381	T cells	CYFIP2	13.190335	3.0409577	9.9740123724895e-40	1.8327247734449456e-38
2382	T cells	IL2RB	13.163117	9.010984	1.4305945980648142e-39	2.588275765114187e-38
2383	T cells	TRAC	13.14571	8.889471	1.8010669469541655e-39	3.209173832754695e-38
2384	T cells	EVL	13.0221195	2.877764	9.159281008003675e-39	1.584016833148871e-37
2385	T cells	LAT	12.9824	5.4847374	1.5397976244902604e-38	2.6243507339138348e-37
2386	T cells	ENSG00000291143	12.945053	3.2775686	2.5058917391549683e-38	4.1506037820369616e-37
2387	T cells	ABLIM1	12.910872	5.9495845	3.908494492512193e-38	6.296424004375806e-37
2388	T cells	SLFN12L	12.900744	5.7696056	4.4577098090757675e-38	7.084144237125814e-37
2389	T cells	LCK	12.890458	6.739328	5.094023846251099e-38	7.987429390921723e-37
2390	T cells	CD7	12.864189	6.5323257	7.158910950541003e-38	1.1077472733995025e-36
2391	T cells	LIME1	12.687269	4.431601	6.95691236076964e-37	1.0488883251621917e-35
2392	T cells	CLEC2D	12.529972	3.58975	5.1180562814113306e-36	7.523542733674656e-35
2393	T cells	CD69	12.439297	5.4332724	1.5990518900819521e-35	2.321586447822686e-34
2394	T cells	CD247	12.433284	5.510459	1.7240435326258253e-35	2.4725307248389887e-34
2395	T cells	MACF1	12.294026	2.0511417	9.752461215697246e-35	1.3653445701976145e-33
2396	T cells	CTSW	12.256364	6.731507	1.553142772735527e-34	2.1238324427174183e-33
2397	T cells	GZMA	12.041465	8.582985	2.1510197886872913e-33	2.907585369535925e-32
2398	T cells	CD3E	11.903157	7.4779425	1.1395291166203168e-32	1.5057148776915646e-31
2399	T cells	TCF7	11.779092	6.8892713	5.002922059075053e-32	6.465314660958529e-31
2400	T cells	CCND2	11.65471	4.134326	2.171186388922906e-31	2.775342601492758e-30
2401	T cells	PYHIN1	11.617364	6.6857	3.3635584642524256e-31	4.253273928990164e-30
2402	T cells	PTPN4	11.608501	3.9097738	3.730951565594226e-31	4.667658554402989e-30
2403	T cells	SYNE1	11.487285	2.9336667	1.528403727199439e-30	1.872294565819313e-29
2404	T cells	CD3G	11.473676	7.7319884	1.7889561199300228e-30	2.1688787598326877e-29
2405	T cells	RHOH	11.298338	6.0264373	1.337242869086521e-29	1.5884824384300494e-28
2406	T cells	RORA	11.297389	5.165768	1.3517767025273373e-29	1.5896894021721486e-28
2407	T cells	PIP4K2A	11.211936	1.5325944	3.5631469191164593e-29	4.148773046416788e-28
2408	T cells	CST7	11.13756	7.600715	8.234475443599756e-29	9.493865805562072e-28
2409	T cells	CD3D	11.094358	8.339906	1.3361533766989366e-28	1.5255498747552908e-27
2410	T cells	KLRK1	10.858096	7.5433645	1.8251474011464534e-27	2.044165089284028e-26
2411	T cells	SAMD3	10.745266	7.0514545	6.238170975168373e-27	6.92083874226227e-26
2412	T cells	ACAP1	10.739253	2.955411	6.658103803082756e-27	7.317691656472262e-26
2413	T cells	PRKACB	10.737196	2.9475057	6.808105373077911e-27	7.41327029512928e-26
2414	T cells	ITK	10.703331	5.5368414	9.81841358324777e-27	1.0593077407247134e-25
2415	T cells	CCL5	10.691304	7.050664	1.1178797837602078e-26	1.1951151142745493e-25
2416	T cells	KLF12	10.582114	3.513821	3.607265113543033e-26	3.787628369220185e-25
2417	T cells	KLRB1	10.460581	9.417352	1.3105040554681517e-25	1.3518883940618829e-24
2418	T cells	CDC42SE2	10.328286	1.6894014	5.248999746270032e-25	5.3676727840117894e-24
2419	T cells	OPTN	10.124307	4.3252325	4.3102454647393465e-24	4.295634463163959e-23
2420	T cells	PRF1	10.018281	9.377717	1.2668721434672034e-23	1.2519677653087657e-22
2421	T cells	IL7R	9.739925	7.7012615	2.037045869498655e-22	1.9635786414183757e-21
2422	T cells	SPN	9.673619	1.5467703	3.9032310935153953e-22	3.731869728434232e-21
2423	T cells	PIM2	9.59323	3.4293332	8.536944447440615e-22	8.093403924318187e-21
2424	T cells	ATP2B4	9.592439	2.3201787	8.602682742685146e-22	8.093403924318187e-21
2425	T cells	SLAMF6	9.546231	6.840457	1.3450050732466345e-21	1.2553380683635256e-20
2426	T cells	TC2N	9.534521	6.7574844	1.5057932837716849e-21	1.3943408674925208e-20
2427	T cells	KCNA3	9.514582	4.169215	1.8244531723471757e-21	1.6762163520939677e-20
2428	T cells	STK17A	9.365829	3.1733685	7.545497002420458e-21	6.722351874883681e-20
2429	T cells	TXK	9.293986	4.8781104	1.4861614664558405e-20	1.3042730481731855e-19
2430	T cells	SBK1	9.23132	8.916597	2.673165394337937e-20	2.328624076845492e-19
2431	T cells	NKG7	9.203468	5.390106	3.465771088117146e-20	2.9749976639604114e-19
2432	T cells	KIF2A	9.199196	2.028508	3.6063756500944024e-20	3.0732592496456644e-19
2433	T cells	NLRC3	9.190493	5.9446106	3.910466356552272e-20	3.2847917395039083e-19
2434	T cells	GNG2	9.167547	1.605016	4.839057712376651e-20	4.03598004947159e-19
2435	T cells	ITGB7	9.101399	3.087818	8.91750814396997e-20	7.333559144971109e-19
2436	T cells	TNIK	9.0255995	4.324231	1.7871411745192553e-19	1.4594986258573918e-18
2437	T cells	ZAP70	9.020852	6.992053	1.8663189898798453e-19	1.513649056619792e-18
2438	T cells	AAK1	8.92084	2.1814318	4.627639036066156e-19	3.727468155077945e-18
2439	T cells	ITGA6	8.776519	6.1562004	1.6861195194336611e-18	1.3307896341301916e-17
2440	T cells	TNRC6C	8.7205	3.3924305	2.7697618208521102e-18	2.1429209877118956e-17
2441	T cells	PLAC8	8.703251	1.8343343	3.225094949569318e-18	2.4788965102572012e-17
2442	T cells	LTB	8.652138	3.747301	5.054376738936002e-18	3.85970587336931e-17
2443	T cells	KLRD1	8.643275	7.2566137	5.462398288865578e-18	4.1443744436812385e-17
2444	T cells	BCL2	8.612576	3.9567006	7.143711593912019e-18	5.385259509256752e-17
2445	T cells	CCSER2	8.561936	2.1942303	1.1098710726322368e-17	8.313429180990512e-17
2446	T cells	GATA3	8.510665	7.666065	1.729389099610061e-17	1.2871908741401467e-16
2447	T cells	MYBL1	8.496106	5.535023	1.9605678394381376e-17	1.450080364263679e-16
2448	T cells	S1PR1	8.456861	6.6034083	2.746711598910795e-17	2.0188330251994343e-16
2449	T cells	CYLD	8.446733	1.8802952	2.995674163008759e-17	2.188144606023789e-16
2450	T cells	SH2D2A	8.435023	10.114748	3.311379921412149e-17	2.4038165355436345e-16
2451	T cells	TGFBR3	8.414609	5.7962475	3.942073444901826e-17	2.844097160248189e-16
2452	T cells	TRIB2	8.394828	5.166754	4.665758335731301e-17	3.345690123670738e-16
2453	T cells	TBX21	8.372516	8.057928	5.640112633568519e-17	3.995646058479867e-16
2454	T cells	MAF	8.371091	3.2126293	5.708709021276011e-17	4.0200250353416703e-16
2455	T cells	NFATC2	8.367135	4.5923276	5.903601587058412e-17	4.1325211109408886e-16
2456	T cells	PBXIP1	8.317287	2.3500326	8.999936443848904e-17	6.225838387039007e-16
2457	T cells	STAT4	8.272029	5.548449	1.316984709409614e-16	9.057158001553837e-16
2458	T cells	C12orf75	8.138785	3.4217603	3.99263922087053e-16	2.7140715166148804e-15
2459	T cells	ITM2A	8.083715	5.7861314	6.282291831912249e-16	4.2217001110450316e-15
2460	T cells	KMT2A	8.075803	1.546668	6.703407342583213e-16	4.479094906180601e-15
2461	T cells	GZMM	7.987501	8.02268	1.3770123511382603e-15	9.069987832865436e-15
2462	T cells	CDC25B	7.987185	3.7497702	1.3805508691181235e-15	9.069987832865436e-15
2463	T cells	FGFBP2	7.961549	8.837602	1.6989900731884699e-15	1.110006847816467e-14
2464	T cells	DENND2D	7.8754625	3.1711173	3.394843567739435e-15	2.205710516940097e-14
2465	T cells	DGKA	7.786053	2.617141	6.913482336935758e-15	4.467173202327721e-14
2466	T cells	TESPA1	7.7732353	5.1755037	7.6506453731525e-15	4.9164803053701304e-14
2467	T cells	SH2D1A	7.7403197	9.387016	9.916693958845465e-15	6.33806092152297e-14
2468	T cells	SPTBN1	7.6893644	3.5560205	1.4786761480610596e-14	9.399584595242195e-14
2469	T cells	EEIG1	7.6298637	4.522483	2.350019075293153e-14	1.485818512120832e-13
2470	T cells	KLRF1	7.607076	6.3971767	2.803659212092538e-14	1.7537783156493747e-13
2471	T cells	PCED1B	7.58872	4.169239	3.2308196694748076e-14	2.01028779433988e-13
2472	T cells	PACS1	7.584605	1.5096933	3.335009319857623e-14	2.0641952421855602e-13
2473	T cells	NFATC3	7.577009	2.0383227	3.536112248788557e-14	2.177208379358818e-13
2474	T cells	EPB41	7.5578613	1.6464908	4.097498973299679e-14	2.5097181211460535e-13
2475	T cells	BIN1	7.4896574	3.8231366	6.90537256877407e-14	4.132143567270587e-13
2476	T cells	SLAMF7	7.489341	2.7313826	6.922043220682871e-14	4.132143567270587e-13
2477	T cells	ARHGEF3	7.4249344	1.808055	1.1283589413502316e-13	6.701768257716527e-13
2478	T cells	CCL4	7.4165473	7.2972884	1.2021301239303616e-13	7.104045355487966e-13
2479	T cells	GZMB	7.401039	4.594834	1.3512296578880426e-13	7.945230388381691e-13
2480	T cells	SPON2	7.338057	5.731663	2.1671705578808814e-13	1.2679565055064262e-12
2481	T cells	PRDM1	7.3234982	3.4257724	2.4158884483136126e-13	1.4064776312954498e-12
2482	T cells	GCC2	7.312579	1.6112765	2.620627681315904e-13	1.518156725727834e-12
2483	T cells	CEP78	7.311313	3.9031677	2.6454410158370003e-13	1.5250189385413296e-12
2484	T cells	PRKCQ	7.308623	5.2237267	2.6989380911574764e-13	1.5482688757078988e-12
2485	T cells	CD8A	7.256718	7.4260025	3.965950461340469e-13	2.264057156571064e-12
2486	T cells	PDE7A	7.172373	2.1930263	7.370899140544879e-13	4.167392975615759e-12
2487	T cells	GPRIN3	7.1567063	2.7808933	8.263854632427678e-13	4.6499009797774874e-12
2488	T cells	PRKCQ-AS1	7.141198	5.228859	9.25209516144454e-13	5.132294297103197e-12
2489	T cells	TRGC2	7.110182	6.854999	1.1589030730609838e-12	6.398450769576136e-12
2490	T cells	CFAP97	7.069354	2.640271	1.5565657578097753e-12	8.553837996188298e-12
2491	T cells	ST6GAL1	7.066347	1.6995114	1.5906498365109184e-12	8.689867147391908e-12
2492	T cells	FKBP11	6.978204	3.8427465	2.989774645546359e-12	1.620264969199317e-11
2493	T cells	LY9	6.9218683	4.574401	4.4572612160461195e-12	2.4044675183808424e-11
2494	T cells	FOXP1	6.9183865	1.1119342	4.568159572415237e-12	2.4530391128585925e-11
2495	T cells	CD226	6.905727	4.4664125	4.994698570956318e-12	2.669893417929377e-11
2496	T cells	CD5	6.878825	7.308496	6.03482310691221e-12	3.2112904858501175e-11
2497	T cells	PARP15	6.860785	4.224665	6.848321752146693e-12	3.611491650459422e-11
2498	T cells	FLT3LG	6.844011	3.1570466	7.70061394400449e-12	4.042822320602358e-11
2499	T cells	DOCK10	6.811095	1.8021488	9.685834431802922e-12	5.0624627963556605e-11
2500	T cells	GNLY	6.747164	5.5663753	1.50763066864002e-11	7.810456679826711e-11
2501	T cells	ARHGAP15	6.731339	1.3913162	1.6810865115354873e-11	8.633003220811061e-11
2502	T cells	HOPX	6.6993732	6.7952223	2.0931528580926675e-11	1.0702381570073813e-10
2503	T cells	NCR1	6.695101	6.944363	2.1552328233151185e-11	1.0972094373240604e-10
2504	T cells	ADGRG1	6.685764	6.9886055	2.2972287535129234e-11	1.1644573336772405e-10
2505	T cells	LAX1	6.669623	5.155279	2.5646152909071954e-11	1.2944152712904987e-10
2506	T cells	PLCG1	6.633701	5.940383	3.2737285850012275e-11	1.6330663298460032e-10
2507	T cells	EOMES	6.6335425	8.589707	3.2772419544528636e-11	1.6330663298460032e-10
2508	T cells	RCAN3	6.6123376	2.7348504	3.7829801812413676e-11	1.8771243430969824e-10
2509	T cells	GRAP2	6.580372	4.4599967	4.692733781753178e-11	2.30906063905512e-10
2510	T cells	CAMK4	6.5648637	5.631608	5.2080512508960665e-11	2.5519451129390725e-10
2511	T cells	PTGDR	6.519922	9.045648	7.034417552655596e-11	3.4183781164970993e-10
2512	T cells	SLA2	6.5004573	4.027141	8.00762684924278e-11	3.87529595667058e-10
2513	T cells	PITPNC1	6.415637	1.6009172	1.4023525417682414e-10	6.75887946360431e-10
2514	T cells	ZNF91	6.379082	1.8278837	1.7815263706447218e-10	8.551326579094664e-10
2515	T cells	S1PR5	6.374651	9.515907	1.8337995225015282e-10	8.766456253909744e-10
2516	T cells	GZMH	6.356611	8.048757	2.0625346055583277e-10	9.780406032808844e-10
2517	T cells	CD6	6.3520217	5.8366256	2.1250317816793137e-10	1.0036294679738446e-09
2518	T cells	TRAT1	6.348066	7.327849	2.180390445053297e-10	1.025655665353071e-09
2519	T cells	THEM4	6.3241706	3.1667418	2.545966578454676e-10	1.192851273411434e-09
2520	T cells	CD28	6.2749557	6.392033	3.497338994277223e-10	1.6256405759960532e-09
2521	T cells	LEF1	6.272107	6.6231647	3.56194101072187e-10	1.649150641184614e-09
2522	T cells	ENSG00000268027	6.267043	4.381862	3.6796775069681217e-10	1.6969806855664751e-09
2523	T cells	OXNAD1	6.2247915	3.3797002	4.821968852793997e-10	2.200140153009248e-09
2524	T cells	ATP8B2	6.224633	5.068747	4.826838090785595e-10	2.200140153009248e-09
2525	T cells	ARAP2	6.2156134	1.4073354	5.112460897553083e-10	2.3213335967268056e-09
2526	T cells	F2R	6.1970983	5.558235	5.751357956540367e-10	2.6013834449582587e-09
2527	T cells	PDE3B	6.1695633	1.904236	6.847881880402462e-10	3.08548241048019e-09
2528	T cells	TTC39C	6.131901	2.1852417	8.683531184672538e-10	3.897646058463704e-09
2529	T cells	GOLGA8B	6.0779386	3.358399	1.2173737732887286e-09	5.443465997671273e-09
2530	T cells	GLCCI1	5.983782	3.1454878	2.180153532936017e-09	9.531080129118053e-09
2531	T cells	ZNF831	5.9540315	5.7201366	2.616165598934411e-09	1.1311068913039953e-08
2532	T cells	SATB1-AS1	5.93884	4.6587214	2.870463111068451e-09	1.2365071863064096e-08
2533	T cells	MAL	5.9348836	7.9387407	2.940541143059726e-09	1.2620716730796488e-08
2534	T cells	STOM	5.9160523	1.8050926	3.297605820407412e-09	1.4050668278257666e-08
2535	T cells	GBP4	5.9136786	1.5314833	3.345505862859473e-09	1.4203302869035163e-08
2536	T cells	INPP4B	5.9071903	4.8166556	3.479914971371567e-09	1.4720791389686915e-08
2537	T cells	PRSS23	5.86842	6.7635994	4.3996771517275685e-09	1.847864403725579e-08
2538	T cells	SCML4	5.7521086	5.1313267	8.813712585233856e-09	3.649621831068668e-08
2539	T cells	TUT4	5.729005	1.9584291	1.0102163921587129e-08	4.1684718497496366e-08
2540	T cells	SIRPG	5.7071667	9.396555	1.1487234287393818e-08	4.7069642933711254e-08
2541	T cells	THEMIS	5.6970387	5.7226896	1.2190619368200503e-08	4.960611895157021e-08
2542	T cells	SYTL2	5.67979	5.256286	1.3486028628910412e-08	5.468817126758154e-08
2543	T cells	PLEKHA1	5.649723	2.5680287	1.6070654747964226e-08	6.494532640414408e-08
2544	T cells	ANKH	5.645134	2.5359561	1.6505275195105774e-08	6.647330010083695e-08
2545	T cells	C1orf21	5.6264606	4.988217	1.8394458728280142e-08	7.357783491312057e-08
2546	T cells	HCG18	5.572182	2.2985516	2.515681665274866e-08	9.994735264740684e-08
2547	T cells	CD27	5.544964	5.60402	2.940150992736562e-08	1.1641809991441741e-07
2548	T cells	TFDP2	5.5096745	2.5895596	3.5949738978381926e-08	1.4186876858582934e-07
2549	T cells	SH2D1B	5.4696383	3.285987	4.509548808358529e-08	1.773655317267435e-07
2550	T cells	VOPP1	5.423272	1.3737986	5.851783016426136e-08	2.286278015719979e-07
2551	T cells	TRDC	5.418683	8.830261	6.003970259961982e-08	2.3379698760646656e-07
2552	T cells	ZNF101	5.403333	2.5141842	6.541387318567719e-08	2.538835474137174e-07
2553	T cells	AQP3	5.3966866	5.6888986	6.788281014933355e-08	2.625992918934745e-07
2554	T cells	TRAF5	5.365987	3.9961967	8.050785672378443e-08	3.104171787120344e-07
2555	T cells	KLRG1	5.3549094	5.6686587	8.559926318411652e-08	3.278981547378535e-07
2556	T cells	CBLB	5.3416166	2.3777766	9.21212554198135e-08	3.517357025120152e-07
2557	T cells	SP140	5.3082266	2.1020036	1.1069690957943613e-07	4.212930927683395e-07
2558	T cells	AUTS2	5.2887626	2.9866264	1.2314675962857887e-07	4.671631913651895e-07
2559	T cells	ALOX5AP	5.2681904	1.3128638	1.3777524888784435e-07	5.193067073464902e-07
2560	T cells	CEACAM21	5.248884	4.115973	1.5302322794754416e-07	5.749371120329455e-07
2561	T cells	NIPAL3	5.2227736	3.074262	1.7626294733953095e-07	6.580483367342489e-07
2562	T cells	P2RY10	5.2123294	3.2786553	1.8648422805457605e-07	6.940045955448779e-07
2563	T cells	ABCA2	5.1990366	4.0438523	2.0032420094168676e-07	7.431585498656897e-07
2564	T cells	AKT3	5.1947637	2.4017234	2.04979890508865e-07	7.580388403724064e-07
2565	T cells	GPR171	5.1498218	6.0562396	2.607341033540049e-07	9.598160100986156e-07
2566	T cells	TRG-AS1	5.149505	3.2496507	2.6117442451663013e-07	9.598160100986156e-07
2567	T cells	PPM1K	5.138586	1.8036497	2.7681312393027336e-07	1.0141191082305342e-06
2568	T cells	TSPOAP1-AS1	5.0887384	2.6611292	3.604531502170415e-07	1.3083114341211139e-06
2569	T cells	PPP3CC	5.040948	1.6913596	4.632312054303401e-07	1.6761843002648614e-06
2570	T cells	LINC01871	5.006767	7.9701624	5.535192837685896e-07	1.9939124964303458e-06
2571	T cells	CXCR4	4.9849286	1.4099581	6.198465688654274e-07	2.215621778072166e-06
2572	T cells	LINC00649	4.973535	3.8704808	6.574290844444478e-07	2.342838191838396e-06
2573	T cells	NUCB2	4.940145	1.6396991	7.806453014101998e-07	2.7651773327060093e-06
2574	T cells	ARB2A	4.8877654	1.2406827	1.019870272733658e-06	3.5909204812418616e-06
2575	T cells	ENPP4	4.8461466	3.9282465	1.2588264664144894e-06	4.392818767072521e-06
2576	T cells	KPNA5	4.808009	2.2223399	1.5244095126339167e-06	5.288217070376065e-06
2577	T cells	SYTL3	4.7602186	1.5988338	1.9338354194150418e-06	6.649679687813126e-06
2578	T cells	HIPK2	4.741862	1.3778212	2.1176303990913577e-06	7.26044708259894e-06
2579	T cells	H1-3	4.715593	2.2039444	2.410079228072554e-06	8.239108058759662e-06
2580	T cells	CARMIL2	4.7140102	3.9111454	2.428882465566164e-06	8.279321100016837e-06
2581	T cells	JAKMIP2	4.702775	4.6411633	2.5664932855050883e-06	8.697971480559031e-06
2582	T cells	SYNGAP1	4.6427994	2.8371162	3.4372002829592367e-06	1.1615366473448455e-05
2583	T cells	DENND11	4.624601	3.01684	3.753201086479262e-06	1.2574827571793766e-05
2584	T cells	SLFN13	4.6111503	4.8802757	4.004473130770003e-06	1.3378580686890692e-05
2585	T cells	TNFRSF25	4.6022882	5.5944066	4.178743192206959e-06	1.3921252107748964e-05
2586	T cells	TNRC6B	4.5798173	0.9500686	4.653824439675552e-06	1.546016254536285e-05
2587	T cells	CCR7	4.5760193	5.5515375	4.739068380094937e-06	1.5698998352089144e-05
2588	T cells	SVIP	4.5715885	2.7358491	4.840410183899839e-06	1.5989669596253402e-05
2589	T cells	HIVEP2	4.539623	2.4374425	5.63550144525188e-06	1.8512149998927963e-05
2590	T cells	PAG1	4.512088	1.2007519	6.419265084802863e-06	2.0969599277022685e-05
2591	T cells	LLGL2	4.5073404	3.722117	6.564532260341892e-06	2.1384736670809048e-05
2592	T cells	CARD11	4.4714184	3.118297	7.770256415536626e-06	2.5242600952130032e-05
2593	T cells	SFXN1	4.4560685	2.7230465	8.347643987159572e-06	2.6969311343130922e-05
2594	T cells	VPS13A	4.455277	2.6625495	8.378491243603965e-06	2.6994810143776065e-05
2595	T cells	OCIAD2	4.4440417	4.496029	8.828453503727814e-06	2.8289540382517464e-05
2596	T cells	LINC00299	4.4434085	3.822199	8.854478758801875e-06	2.829583429443208e-05
2597	T cells	IKZF2	4.4377117	5.533998	9.09202827212263e-06	2.897622018432578e-05
2598	T cells	PRR5L	4.408594	2.676701	1.0404371048038993e-05	3.297989313340662e-05
2599	T cells	RASA2	4.4051127	1.3788648	1.0572880433949235e-05	3.342394459764597e-05
2600	T cells	H4C3	4.3858066	1.1780947	1.1555666007027592e-05	3.643287727684839e-05
2601	T cells	SLAMF1	4.378844	6.0516267	1.1931053058133121e-05	3.7515824589210026e-05
2602	T cells	FCRL3	4.34308	9.243541	1.4049882281305302e-05	4.3943248837274024e-05
2603	T cells	SNHG22	4.323774	3.513927	1.5338236345836874e-05	4.7593049980749774e-05
2604	T cells	ARHGEF18	4.3202925	1.1198069	1.558224022923105e-05	4.8096363542193475e-05
2605	T cells	SIDT1	4.310956	3.0935662	1.6255016978788444e-05	4.9910965971423525e-05
2606	T cells	BIRC3	4.2924414	2.0478806	1.767193190108822e-05	5.412029144708268e-05
2607	T cells	SIT1	4.26459	4.6248655	2.0026975806407843e-05	6.117330791775487e-05
2608	T cells	OFD1	4.246233	1.5699588	2.1739435064382435e-05	6.610756817395136e-05
2609	T cells	NCK2	4.246075	2.0625708	2.1754786465407463e-05	6.610756817395136e-05
2610	T cells	MLLT3	4.238004	2.964513	2.2551536064151454e-05	6.835207838000545e-05
2611	T cells	ODF2L	4.2008166	2.2860203	2.6595418279604487e-05	8.040157299952411e-05
2612	T cells	YPEL1	4.197493	3.6015897	2.6988571130381784e-05	8.138092217776661e-05
2613	T cells	GPR174	4.1963854	3.9815893	2.71208457158726e-05	8.141937699789834e-05
2614	T cells	LRBA	4.196227	1.962542	2.7139792332632778e-05	8.141937699789834e-05
2615	T cells	MFHAS1	4.192904	2.3453262	2.75405907050342e-05	8.241153859827028e-05
2616	T cells	TOX	4.172174	4.2640314	3.0170739535727565e-05	8.959795377276671e-05
2617	T cells	NMT2	4.1667933	3.6596365	3.089142490345621e-05	9.127717509161936e-05
2618	T cells	SACS	4.160147	2.6054747	3.1804279526501476e-05	9.373892913074119e-05
2619	T cells	CCDC7	4.1484365	2.7582898	3.3475327821507604e-05	9.817203371095496e-05
2620	T cells	DTX3	4.137043	4.954944	3.5181018967929394e-05	0.00010291760772707704
2621	T cells	FBXO32	4.092734	3.7251892	4.2631679058755616e-05	0.0001237897643780163
2622	T cells	ARID5B	4.0783334	2.6057155	4.535967150277403e-05	0.00013138663469769028
2623	T cells	ANKRD44	4.0150347	0.75221574	5.9437020413339246e-05	0.00017089959903688741
2624	T cells	HOXB2	4.0142436	2.494126	5.963673581866993e-05	0.0001710556129823313
2625	T cells	ADGRG5	3.9810119	3.9011319	6.862254836899173e-05	0.00019587407010178222
2626	T cells	TENT5C	3.953477	4.3276677	7.702371730826247e-05	0.0002182647989265462
2627	T cells	UTRN	3.9454062	0.60795385	7.966478866509505e-05	0.00022520622949555717
2628	T cells	STK39	3.9428744	1.6501056	8.051084865815125e-05	0.0002265089904832198
2629	T cells	BICDL1	3.9196122	5.21922	8.869161370388398e-05	0.0002489292069588725
2630	T cells	DUSP16	3.9161305	3.4523509	8.998150180852888e-05	0.00025194820506388085
2631	T cells	PTGDS	3.9071107	3.8374467	9.340641318626875e-05	0.00026091672662007615
2632	T cells	TTC38	3.9044204	2.8644247	9.445147850172306e-05	0.00026321075525598654
2633	T cells	EML4	3.8809998	1.176616	0.00010402789420145655	0.0002878513025433245
2634	T cells	TBC1D31	3.8590035	3.0444252	0.00011385026701962694	0.00031429087796967434
2635	T cells	NOL4L	3.8578959	1.81861	0.00011436735485026393	0.0003149789445056449
2636	T cells	ZBTB16	3.8480844	2.3580868	0.00011904496284992297	0.0003270955054007229
2637	T cells	ARHGEF12	3.8173847	2.9821796	0.00013487377790064514	0.00036972392263673353
2638	T cells	NCALD	3.8126373	3.7987201	0.00013749180063463615	0.0003760240873170514
2639	T cells	ZEB1	3.8113713	3.3960586	0.00013819798263070432	0.0003770784862499032
2640	T cells	ZNF600	3.7907994	2.5049584	0.0001501632801258643	0.0004078337584942642
2641	T cells	TSPOAP1	3.7873178	3.8413413	0.00015228225109647242	0.0004126357771646349
2642	T cells	ENSG00000289424	3.7632644	2.1821384	0.00016770976148448933	0.0004513196327362917
2643	T cells	TSEN54	3.7325644	2.6268072	0.0001895401493655277	0.0005089023188444306
2644	T cells	ENSG00000293372	3.698858	4.462956	0.00021657176474785414	0.0005801557980489214
2645	T cells	SNHG14	3.6729054	2.2154608	0.00023980819506891137	0.0006409419031841812
2646	T cells	DOCK9	3.6692657	4.1201463	0.00024324805210763537	0.0006486614722870277
2647	T cells	KAT6B	3.6293876	1.3114411	0.0002840943423441131	0.0007524660959384618
2648	T cells	CDR2	3.6081827	1.801002	0.0003083494509366174	0.000814874054610027
2649	T cells	ANKRD36	3.6015363	2.5261757	0.0003163423196582722	0.0008285491490381472
2650	T cells	CDC14A	3.5703616	1.8108579	0.0003564887179193043	0.000931623849495782
2651	T cells	TLK1	3.5230458	1.1149387	0.00042661750054825314	0.0011099605766476674
2652	T cells	ABI2	3.508329	2.2723126	0.0004509311224865299	0.0011680506608902183
2653	T cells	ZBTB38	3.462121	1.4413298	0.0005359363313827188	0.0013791271897288342
2654	T cells	PATJ	3.4567406	3.0682876	0.0005467510393841834	0.0014038847648816587
2655	T cells	PARP8	3.450569	0.7729265	0.0005594063545597646	0.001430134506439746
2656	T cells	ITGB1	3.425566	0.47916952	0.0006135200242184062	0.0015583143595698612
2657	T cells	NCAM1	3.421135	3.8603785	0.0006236036489613611	0.0015805126965055187
2658	T cells	GNPTAB	3.3647993	1.1146262	0.0007659938347932833	0.0019289266589227003
2659	T cells	ZHX2	3.3568869	2.2788064	0.0007882535969155465	0.0019807398076339376
2660	T cells	RNF157	3.335682	3.886062	0.0008509049422699488	0.0021290727917222547
2661	T cells	PCNX1	3.3348906	0.8507854	0.0008533297080250149	0.002130606659527426
2662	T cells	ZFYVE28	3.3230221	2.9883606	0.0008904786733046305	0.002218650253826791
2663	T cells	CDK6	3.28441	1.9526279	0.0010219617442236034	0.002524846662199491
2664	T cells	MAGED1	3.2687435	2.1172376	0.0010802619605317706	0.0026577156183794186
2665	T cells	OSBPL3	3.2495956	2.0285745	0.0011556921988622917	0.002825559305326518
2666	T cells	SYNJ2	3.2401009	3.5284832	0.0011948744603349696	0.0029152953638048222
2667	T cells	LIMA1	3.216522	3.357143	0.0012975455862636533	0.0031592414274245473
2668	T cells	CAMK2D	3.2111416	1.2210147	0.0013220873888550057	0.003212344564655964
2669	T cells	PPP1R16B	3.208135	2.5193484	0.0013359877820635975	0.0032394260447562695
2670	T cells	MSI2	3.186297	1.5390232	0.001441066074173867	0.0034798638669989073
2671	T cells	USP9Y	3.1502166	1.8145758	0.0016314940173491796	0.003915585641638031
2672	T cells	RABGAP1L	3.1366074	0.6363312	0.00170914776294341	0.004076993446696654
2673	T cells	BACH2	3.082487	3.257164	0.002052786149054416	0.004867089740499986
2674	T cells	IL18R1	3.0649216	2.8360229	0.002177269637889856	0.005151849284021067
2675	T cells	UBR1	3.063814	1.6905526	0.002185347272537261	0.00516057910141329
2676	T cells	TMEM156	3.0198214	2.9737225	0.002529237556196708	0.005922561949841132
2677	T cells	MCTP2	3.0070035	2.1016428	0.002638367677333244	0.006156191247110903
2678	T cells	CASP8AP2	2.9843743	1.2770928	0.0028415904483123037	0.006604170686196184
2679	T cells	CMC1	2.982317	1.7643933	0.0028607564715940875	0.006629388738218214
2680	T cells	TNFAIP3	2.9820006	1.1526619	0.0028637155433799766	0.006629388738218214
2681	T cells	PBX4	2.981051	3.3343127	0.002872609532350104	0.006636913182797096
2682	T cells	TRERF1	2.966334	1.2178667	0.003013729504577716	0.006949305681143911
2683	T cells	SAMD9L	2.963169	0.817589	0.0030448922486131934	0.0070074232570824175
2684	T cells	DDIT4	2.957314	1.7052794	0.0031033192249327623	0.007127936344767439
2685	T cells	CRACR2A	2.9236073	1.7501388	0.003460007848865381	0.007916282549155036
2686	T cells	MAX	2.9049344	0.5064558	0.003673301486649935	0.008355517501548015
2687	T cells	IFITM2	2.8891096	0.25596783	0.0038633430509015364	0.008753933387013886
2688	T cells	RFX7	2.8780324	1.3115692	0.004001640309136894	0.00903249328895391
2689	T cells	DUSP2	2.843851	1.6775371	0.004457186898201606	0.009984098651971597
2690	T cells	ATP10A	2.8311913	2.3180041	0.004637496255805691	0.01034856849492883
2691	T cells	VEGFB	2.8210635	1.6035995	0.004786471237052052	0.01066077684616139
2692	T cells	GCLM	2.7944782	2.4839938	0.005198355242365034	0.011534463707587322
2693	T cells	MYO9A	2.7837174	1.2215506	0.005373983742285934	0.011901704107209527
2694	T cells	OXCT1	2.7593474	2.2093785	0.00579169306023393	0.012778669866482368
2695	T cells	KIF3A	2.7387753	2.8639226	0.006166850072613245	0.013555543337183508
2696	T cells	XKR6	2.714247	2.7223713	0.006642659994606917	0.014520015155497648
2697	T cells	CISH	2.6985807	2.6189163	0.006963585885845835	0.015193278296390913
2698	T cells	CHST2	2.6511066	1.254797	0.008022850029853063	0.017439688789477267
2699	T cells	SP4	2.631484	2.0002942	0.008501285131759177	0.01841162304778783
2700	T cells	HELB	2.629585	2.195	0.008548912861720489	0.018480738098131055
2701	T cells	TRABD2A	2.6267366	1.897963	0.008620801817876188	0.018601950344628252
2702	T cells	SLC16A7	2.6112285	1.1498786	0.009021759157668615	0.019395957530929236
2703	T cells	LINC02384	2.5917642	1.9988221	0.009548520491533832	0.020490985580371872
2704	T cells	TPD52	2.5840101	3.114361	0.009765894292172337	0.02091929269142927
2705	T cells	ZNF37BP--chr10:42513510(-)	2.5669193	1.8822432	0.010260645084128092	0.02185963517922941
2706	T cells	IPCEF1	2.5476134	0.87441975	0.010846261586706542	0.023065467678059483
2707	T cells	FCGR3A	2.5311556	0.7999277	0.01136873771428914	0.024132916158852036
2708	T cells	GK5	2.519287	1.6216242	0.011759270444571108	0.024916940617685807
2709	T cells	LINC00987	2.5156474	3.3532422	0.011881394820300057	0.025130432209843286
2710	T cells	SLC12A2-DT	2.4817827	2.0174694	0.013072696327652771	0.027501772596278458
2711	T cells	SFMBT1	2.4539313	2.4611278	0.014130397522141205	0.029463382067443363
2712	T cells	MAST4	2.430036	3.5417428	0.01509732115900817	0.0313403166755124
2713	T cells	RGCC	2.4297194	1.1425167	0.01511050982569348	0.0313403166755124
2714	T cells	ZNF626	2.4273458	2.7089107	0.015209748672893533	0.0314352626350137
2715	T cells	RAP1GAP2	2.4124706	0.8231136	0.015844812365508977	0.03263309867222164
2716	T cells	ANKRD36C	2.4058244	1.8038609	0.01613602287204768	0.03311686369551147
2717	T cells	CCDC186	2.3782895	0.8720082	0.017393169968512093	0.035511055352378855
2718	T cells	CCDC91	2.3692694	0.7979566	0.017823269440776203	0.036200630159504
2719	T cells	DIPK1A	2.365313	1.6097729	0.01801483089428656	0.0365266226408293
2720	T cells	PDE4D	2.3615153	1.0258405	0.018200424060208754	0.03677611459588573
2721	T cells	GALM	2.3602493	2.2674365	0.018262659405631584	0.03683857197431002
2722	T cells	LINGO2	2.3498049	3.7662756	0.018783249401047926	0.03782380358841158
2723	T cells	RAPGEF6	2.3414178	1.1431919	0.019210650249150956	0.038618332808549614
2724	T cells	MIATNB	2.3371453	1.8008578	0.01943163304733427	0.03899590522809744
2725	T cells	CDC42EP3-AS1	2.3197381	1.8995756	0.020355048832653867	0.04071009766530773
2726	T cells	XRRA1	2.2956846	1.2413545	0.02169392072149022	0.043240764014360174
2727	T cells	RFX3-DT	2.2934692	2.582243	0.0218210088020702	0.043420484519855425
2728	T cells	ANK3	2.278594	3.1738482	0.022691212499834162	0.04499977386139119
2729	T cells	PITPNM2	2.2431467	3.2113588	0.024887354945472943	0.0490243373800271
2730	T cells	COLQ	2.2409313	3.5631692	0.025030527771952985	0.04914173732857548
2731	T cells	LINC00342	2.2317529	1.9733548	0.025631295137257662	0.050070437012317295
2732	T cells	LINC01934	2.1969388	3.4172664	0.028024825471585697	0.05456489197778937
2733	T cells	ASH1L	2.1934574	0.64850813	0.028274450786692547	0.05495992417380237
2734	T cells	STAT1	2.1746259	0.45842725	0.029658161543323087	0.05727093263538251
2735	T cells	KIFAP3	2.1425018	1.574437	0.032153121784515556	0.0618855502759252
2736	T cells	CD38	2.125253	2.541547	0.03356551283893168	0.0644984364355942
2737	T cells	PCNX2	2.1231956	2.247277	0.033737453462277425	0.0646176633088571
2738	T cells	CEP250-AS1	2.121455	1.8233906	0.03388352945098704	0.0647919197306679
2739	T cells	TSHZ2	2.1178153	3.2110462	0.03419070924767703	0.06516738099719317
2740	T cells	SLCO4C1	2.087432	2.075636	0.03684910350242229	0.07012062414053175
2741	T cells	MMP25-AS1	2.085533	2.918809	0.03702094392654545	0.07033381269405081
2742	T cells	LINC01215	2.0814185	2.4979463	0.03739560690582094	0.07081246722947421
2743	T cells	STAMBPL1	2.0807855	2.4959173	0.03745353283735795	0.07081246722947421
2744	T cells	HEG1	2.0396414	1.4922951	0.04138604704344141	0.07787198611693937
2745	T cells	LCLAT1	2.0329952	1.9489621	0.04205301568722742	0.07900055343159657
2746	T cells	ATF7IP2	2.0220761	1.9824877	0.04316849042710292	0.0809667380259538
2747	T cells	GBP1	1.9981809	0.76744527	0.045697056534246605	0.08543678614351989
2748	T cells	ZC3H12D	1.9891608	2.657475	0.04668345798081064	0.0871424548975132
2749	T cells	FMNL3	1.9554542	1.5057869	0.05052947835867568	0.0939440316019276
2750	T cells	SEL1L3	1.9424781	1.4040812	0.052079258140930326	0.09644914578540797
2751	T cells	MGAT5	1.9204817	1.6360326	0.05479707840225064	0.10100527304239304
2752	T cells	RICTOR	1.9139936	0.8458344	0.05562097114012497	0.10236347740342248
2753	T cells	PIBF1	1.9070308	1.154626	0.05651660376438395	0.1036872480919119
2754	T cells	RBL1	1.9057648	1.6629002	0.05668072890923046	0.10382638192718852
2755	T cells	SLC39A8	1.9044988	2.2749012	0.05684525050822705	0.10396580808347591
2756	T cells	FAM222B	1.8945292	1.345921	0.05815479214718615	0.10619570739920949
2757	T cells	UGCG	1.8870916	0.8727592	0.05914799521598128	0.10767498819503714
2758	T cells	TBC1D4	1.8820277	1.6021289	0.05983224270040542	0.10875226803041232
2759	T cells	FOXO1	1.8726913	0.9908766	0.06111103447655018	0.11090521071670219
2760	T cells	GRK5	1.8698428	1.3477193	0.06150565169395594	0.11144937810800029
2761	T cells	FBXL17	1.8636712	0.9710634	0.06236789588268419	0.11283791624313325
2762	T cells	PRKCA	1.8601898	1.3030834	0.06285868518738678	0.11355117324173096
2763	T cells	TGFBR1	1.8573413	1.1404372	0.06326261118530833	0.11393082810707902
2764	T cells	GNB5	1.8342373	1.9714724	0.06661877818214211	0.11924457099269273
2765	T cells	SEPTIN11	1.8329713	1.2780385	0.06680683667912514	0.11939945278822366
2766	T cells	STXBP5	1.8226852	0.86137265	0.0683510705400325	0.12178918023496701
2767	T cells	SESN1	1.8184127	1.4316248	0.06900109053428184	0.1225759553902046
2768	T cells	KIAA0586	1.7918272	1.1681057	0.07316065352722803	0.12879779722757512
2769	T cells	SMYD3	1.754481	1.6854874	0.07934812906113287	0.13885922585698252
2770	T cells	RAD51-AS1	1.7405553	1.4767879	0.08176156661216653	0.14265816370312737
2771	T cells	BEX3	1.730744	2.531871	0.08349744079492032	0.14525590292134066
2772	T cells	IRF1	1.730744	0.23826818	0.08349744079492032	0.14525590292134066
2773	T cells	CEP290	1.7076399	1.1557691	0.08770317168272858	0.1512301024910393
2774	T cells	CDK17	1.6883339	1.1583825	0.09134716082465365	0.15682373887560977
2775	T cells	ATP8A1	1.6541525	1.3320814	0.09809651768175655	0.16743324353228695
2776	T cells	ENSG00000272908	1.6528866	2.121447	0.09835394615248623	0.16749641634937465
2777	T cells	UBA6-DT	1.6459237	1.9368913	0.09977946075118763	0.16956740728814546
2778	T cells	ZNF331	1.6421258	1.2599654	0.10056393194930466	0.17040804606971507
2779	T cells	CRY1	1.6359541	1.4758439	0.10184917354114362	0.17233759436602145
2780	T cells	NR3C2	1.630099	2.8888216	0.10308056002960073	0.1739207153440609
2781	T cells	ZNF107	1.6150657	1.9955525	0.10629648165840408	0.17857808918611887
2782	T cells	SSX2IP	1.6073116	2.2568161	0.107986042128205	0.1811577539839787
2783	T cells	SNTB2	1.6035136	1.47476	0.10882130269280503	0.1822989344255537
2784	T cells	LINC01278	1.5959178	1.2117853	0.11050714959106525	0.18459717033962036
2785	T cells	RUNX1	1.5911704	0.7122128	0.11157123526682218	0.1861103158493374
2786	T cells	CHD7	1.5685412	1.3606349	0.11675490327418786	0.1939318732350917
2787	T cells	MTMR1	1.5618948	1.3632829	0.11831278520599559	0.19624236304971904
2788	T cells	HLTF	1.5474943	1.8137186	0.12174409714140051	0.20120893446555227
2789	T cells	HLCS	1.5335686	1.5484723	0.12513581928644898	0.20639512409658345
2790	T cells	SMC4	1.5212253	0.6683802	0.12820329503519934	0.21086304190404814
2791	T cells	H2BC5	1.5196428	0.7158015	0.12860075293408185	0.2112213483945255
2792	T cells	GFOD1	1.515845	1.5928118	0.1295585587319534	0.21249771976119552
2793	T cells	VWA8	1.512047	1.2607918	0.13052189457027133	0.21377959333515195
2794	T cells	RTTN	1.4788152	1.9554316	0.13918970074334427	0.22608713822399568
2795	T cells	ENSG00000290879	1.4778658	2.6598616	0.13944371183486468	0.22618731740386325
2796	T cells	CXXC5	1.4735931	0.93394923	0.14059117956959477	0.2271777050391725
2797	T cells	PATL2	1.4734348	0.94465005	0.14063381740520203	0.2271777050391725
2798	T cells	FEZ1	1.4718524	2.2693217	0.1410607428248305	0.22755477854869774
2799	T cells	PRAG1	1.4565024	1.9963679	0.14525376981010404	0.23304015456573307
2800	T cells	MPZL3	1.4544452	1.7736276	0.145822901142949	0.2336345119129537
2801	T cells	CPLANE1	1.4313413	1.6888678	0.1523324404499295	0.2430704884248536
2802	T cells	ORC2	1.4114021	1.0450889	0.15812606744132052	0.2516322805290838
2803	T cells	ZNF568	1.3838673	1.827405	0.16639911134178142	0.26337194473477116
2804	T cells	PAM	1.3626622	1.2766385	0.1729890028276545	0.2723361008371107
2805	T cells	BDP1	1.3613962	0.51339185	0.1733885147389722	0.2726001247767798
2806	T cells	ABCA5	1.3575983	2.4948409	0.1745911875505568	0.27412448138779016
2807	T cells	SPEF2	1.345255	1.9784526	0.17854288618466607	0.27958246891233995
2808	T cells	AMMECR1	1.3325953	1.72945	0.18266464544324168	0.28565641361868643
2809	T cells	ENOSF1	1.3313293	2.1329222	0.1830806696802748	0.28592678292696305
2810	T cells	IMMP1L	1.3053769	1.5574278	0.19176454716061242	0.29751333438110844
2811	T cells	DENND4A	1.3037944	0.7156864	0.192303688118021	0.2979567025385938
2812	T cells	ENSG00000262879	1.3030032	1.2965446	0.1925736761038268	0.29798242512907935
2813	T cells	PALM2AKAP2	1.2806904	1.249096	0.2003024340096341	0.3087230175561333
2814	T cells	TMTC3	1.2787914	1.9478674	0.20097051010299793	0.3093472773313162
2815	T cells	AP3M2	1.2762595	2.111631	0.20186380519563785	0.310168648670973
2816	T cells	ZCCHC7	1.2700878	0.7069094	0.2040533320763731	0.3128640397937611
2817	T cells	ZBTB10	1.2667646	1.3346616	0.20523944150937845	0.31427289481123577
2818	T cells	RIC8B	1.2620173	1.1861645	0.2069425653523871	0.3164687345310887
2819	T cells	ENDOD1	1.2588524	1.4049501	0.2080836656967726	0.31780050760961637
2820	T cells	ZNF141	1.2577447	1.6576158	0.2084841266925297	0.3179991348773215
2821	T cells	LDAH	1.254105	1.464933	0.20980385970892246	0.31894655226088436
2822	T cells	SPDL1	1.2457179	1.6235392	0.2128679868551585	0.32259375327534334
2823	T cells	INVS	1.2409705	1.1080208	0.2146166542009874	0.32482520635825124
2824	T cells	TANC2	1.215651	1.2535326	0.22411789330552856	0.3353214281517832
2825	T cells	TASP1	1.2110618	1.3748269	0.2258716984374587	0.3375160322267489
2826	T cells	ATAD2	1.1971362	1.1520437	0.23125349206597023	0.3451194247075901
2827	T cells	GPR183	1.1890656	0.51557934	0.23441386619116233	0.34895026157064163
2828	T cells	RETREG1	1.1802038	1.7599036	0.2379191862541078	0.35372056009460273
2829	T cells	LINC01619	1.1740321	0.87986255	0.24038215491078208	0.35693107850388855
2830	T cells	ANKRD26	1.1613724	1.022664	0.24549048844791754	0.3622293781866387
2831	T cells	FUT8	1.1604229	1.3328211	0.24587665993434016	0.3623445514821855
2832	T cells	CNST	1.156625	1.0313951	0.24742560425693838	0.36417085182247755
2833	T cells	SMC2	1.1461807	1.0948149	0.25172038460966406	0.3691061998765149
2834	T cells	ENSG00000269825	1.1442817	1.9698666	0.25250680629518873	0.369167113641156
2835	T cells	ARID2	1.132888	0.69896084	0.257261291487038	0.37528132970787953
2836	T cells	ERCC6L2-AS1	1.1295648	1.5299053	0.2586596435391737	0.376465025745134
2837	T cells	ZNF544	1.1195953	1.9010991	0.2628862699894141	0.38167191791055677
2838	T cells	PVT1	1.1170633	1.0870119	0.2639672489094783	0.38276878510178364
2839	T cells	PTPRM	1.1107335	1.8596624	0.26668309489494313	0.38623068915819353
2840	T cells	CD2AP	1.0993397	0.6648973	0.2716199220834822	0.3924140397667998
2841	T cells	FRS2	1.0879459	1.0026203	0.2766189742798373	0.39914590644550757
2842	T cells	ENSG00000307088	1.0765522	1.7851794	0.2816803786877232	0.40595113399113053
2843	T cells	L3MBTL4	1.073229	1.4969125	0.28316838337143957	0.40759610629720067
2844	T cells	SHPRH	1.0602528	0.9968808	0.28902962006528665	0.4145107721911916
2845	T cells	ENSG00000293497	1.0524987	1.4308912	0.29257081497033743	0.4185684652130375
2846	T cells	SCAI	1.0439534	1.4631472	0.2965069682180481	0.4236843191062267
2847	T cells	STMN1	1.0072402	1.2690089	0.31381939233942735	0.44625345270999583
2848	T cells	ARHGAP10	0.9939474	1.3746012	0.32024847153350955	0.454296987362373
2849	T cells	LINC00630	0.988567	1.4291332	0.3228750276633915	0.45692061676552154
2850	T cells	SESN3	0.9790722	1.0646807	0.32754429596907353	0.4629712644947482
2851	T cells	SLC4A7	0.977648	0.76554126	0.32824844784179896	0.46340957342371614
2852	T cells	LINC02580	0.9607156	2.0467615	0.3366951820907337	0.4741958492679076
2853	T cells	SLC12A2	0.95280325	1.1922983	0.34068975606836693	0.4792477908330138
2854	T cells	ZSCAN30	0.94204247	1.6257919	0.3461708823838374	0.4848661128288417
2855	T cells	SLC35D1	0.941726	1.6252539	0.34633293773488694	0.4848661128288417
2856	T cells	LGR6	0.93666214	1.485458	0.3489323919355538	0.48792448622617274
2857	T cells	KLHL20	0.93302244	0.7073125	0.35080838390544156	0.48972594742754716
2858	T cells	TSGA10	0.9157736	1.570419	0.35978567984149645	0.5001276116945624
2859	T cells	SLF1	0.8983664	1.1868255	0.36899023617526194	0.5099089515183408
2860	T cells	CASK	0.89045405	0.970469	0.3732221151703261	0.514547722673275
2861	T cells	AK9	0.88760567	0.9190455	0.3747529191952139	0.5154496292088556
2862	T cells	NEK1	0.87193924	0.6951455	0.3832415374570717	0.5250252593939895
2863	T cells	ST3GAL3	0.86924905	1.6418978	0.3847109382173427	0.5260698410972034
2864	T cells	ENSG00000227240	0.8657676	2.1520371	0.3866176219285711	0.5268393086767087
2865	T cells	CEP97	0.8613367	1.7048827	0.38905263375182064	0.5289316731701054
2866	T cells	LINC01588	0.84456253	0.9946013	0.39835513056087235	0.5390858843953807
2867	T cells	RPAP2	0.83949864	1.0128417	0.40118954761905545	0.541674980482215
2868	T cells	CDKAL1	0.83649194	0.84200937	0.4028781974011747	0.5433311469538777
2869	T cells	FOXN3	0.8171859	0.18501878	0.41382221862076873	0.5568134200206225
2870	T cells	WDR7	0.79281586	0.8355102	0.42788510497055876	0.5715303824743163
2871	T cells	ENSG00000274422	0.7923411	1.6592791	0.42816179163254475	0.5715303824743163
2872	T cells	RFX3	0.7803144	1.0119941	0.43520584542271146	0.5802744605636153
2873	T cells	MTSS1	0.77904844	0.27889967	0.43595119527780735	0.5806099724198204
2874	T cells	WAKMAR2	0.7711361	1.139884	0.4406262760007268	0.5848493234501746
2875	T cells	MIPEP	0.76907885	1.5949765	0.4418464884522887	0.585807745681952
2876	T cells	BCKDHB	0.7665469	1.1645503	0.44335094050809076	0.5864799842941674
2877	T cells	RNGTT	0.7665469	0.7472873	0.44335094050809076	0.5864799842941674
2878	T cells	EXOC4	0.76401496	0.5680171	0.44485831532272957	0.5875265288864933
2879	T cells	DZIP3	0.76354027	1.4214871	0.44514127316145025	0.5875265288864933
2880	T cells	PHACTR2	0.76195776	0.5039983	0.4460852067066371	0.5881123352993333
2881	T cells	SPATS2	0.75325423	1.0753359	0.45129717139789693	0.5936526549932067
2882	T cells	DYNC2H1	0.7410692	1.869969	0.4586514762913406	0.6019800626323846
2883	T cells	MAP3K4	0.726194	0.9782373	0.46771983520215077	0.611833733256651
2884	T cells	PEAK1	0.7129013	0.6515152	0.47590683324165417	0.6204727670645069
2885	T cells	ZNF155	0.6989756	1.5990841	0.4845672831773824	0.6296697513995599
2886	T cells	UMAD1	0.692804	0.9638524	0.48843257813483976	0.6332929568760436
2887	T cells	ZBTB20	0.6894808	0.67860913	0.490520755815374	0.6344937092270667
2888	T cells	ATR	0.68853134	0.49004927	0.4911182583464697	0.6344937092270667
2889	T cells	SLC2A3	0.6883731	0.098402776	0.49121788009821243	0.6344937092270667
2890	T cells	LPP	0.68789834	0.6218903	0.49151681046416484	0.6344937092270667
2891	T cells	PGM2L1	0.680619	1.0671934	0.4961126145527547	0.6390234772333401
2892	T cells	ZNF569	0.6755551	1.609108	0.4993231662034473	0.6406111768135717
2893	T cells	CSGALNACT1	0.6670098	0.8929041	0.5047658962959494	0.645480934132361
2894	T cells	SEC22A	0.6353604	1.3543222	0.5251933706209551	0.6648303593651702
2895	T cells	ATAD5	0.6328285	0.9230997	0.526845655550966	0.6652969418943991
2896	T cells	DTNB	0.6321955	1.1811845	0.527259141025153	0.6652969418943991
2897	T cells	COX10-DT	0.6223842	1.1152033	0.5336892670549274	0.6726887224615161
2898	T cells	DAB2	0.6163708	0.80447674	0.5376498033387405	0.6762311964987795
2899	T cells	ZNF10	0.61510485	1.216062	0.5384854774331753	0.6765586767750151
2900	T cells	ANKMY1	0.6095662	0.9963786	0.5421491948533426	0.6789855731070616
2901	T cells	CENPK	0.59295034	1.8089391	0.553214402228926	0.6899047052186819
2902	T cells	IMMP2L	0.58535445	0.9764797	0.5583093918525689	0.695521022053624
2903	T cells	ZNF782	0.5783916	1.1746856	0.5629997485623512	0.6989930657330456
2904	T cells	LINC02328	0.57744217	0.9854586	0.5636408125161321	0.6989930657330456
2905	T cells	ANKRD28	0.57253647	1.1958064	0.5669585684705171	0.7018350279171874
2906	T cells	TPT1-AS1	0.5669979	1.2437617	0.5707156345005863	0.705001666147783
2907	T cells	BTRC	0.55402166	0.9642303	0.5795640403183565	0.7124577350468613
2908	T cells	DGKH	0.55402166	1.2249494	0.5795640403183565	0.7124577350468613
2909	T cells	TMEM140	0.55370516	0.9769206	0.579780656836604	0.7124577350468613
2910	T cells	FOCAD	0.5413619	1.3730923	0.5882581633754707	0.7191180874527583
2911	T cells	CAMKMT	0.53772223	0.88772565	0.5907688329201175	0.7206080538806443
2912	T cells	BTG3	0.5271197	0.8426552	0.5981104687679555	0.7281344837175111
2913	T cells	MBD5	0.52332175	0.47655794	0.6007503487263486	0.7305919442628603
2914	T cells	PLA2G12A	0.5117698	0.8081112	0.6088121500319081	0.7359643917669568
2915	T cells	ZRANB3	0.5090796	1.1646124	0.610696447225988	0.7373501251927741
2916	T cells	FHIT	0.5043322	0.8988825	0.6140279707820182	0.739899280540972
2917	T cells	BICD1	0.50354093	0.86012864	0.6145840026485743	0.739899280540972
2918	T cells	CROCCP3--chr1:16458753(-)	0.49958476	1.2367606	0.6173674804359077	0.7423559887450178
2919	T cells	ZNF37A	0.4938879	0.7865505	0.6213853543633833	0.7456624252360599
2920	T cells	STRBP	0.4858173	0.636626	0.6270966976374276	0.750983417944618
2921	T cells	GAN	0.4843931	1.0736269	0.6281069189676267	0.7514280129256653
2922	T cells	CCDC14	0.4796457	0.93611604	0.6314793497179056	0.753928644942393
2923	T cells	ZNF33B	0.4769555	0.7688104	0.6333938101869301	0.754588916555497
2924	T cells	DISP1	0.4742653	0.91213375	0.6353107286803452	0.755435204174
2925	T cells	CDKL1	0.46761894	1.2406584	0.6400571142957605	0.759354201936706
2926	T cells	ID2	0.46651122	0.06911228	0.6408496194067654	0.759354201936706
2927	T cells	NEK7	0.4546427	0.46098664	0.649366297587437	0.7659526238343289
2928	T cells	MMS22L	0.44894585	0.63517094	0.653470729277831	0.7692508284591885
2929	T cells	TTC27	0.44720513	0.78277314	0.6547269625992134	0.769958908016675
2930	T cells	ENSG00000290924	0.44593915	1.2313538	0.6556412014781923	0.7702637891492049
2931	T cells	CLYBL	0.44134998	0.98572326	0.6589596366362291	0.7733897531778497
2932	T cells	LMF1	0.42251864	1.3719312	0.6726464974578108	0.78363491129823
2933	T cells	ARL17B	0.41951194	0.74485344	0.6748420202475434	0.7839666307211823
2934	T cells	TASOR2	0.41887897	0.54548526	0.6753045892181613	0.7839666307211823
2935	T cells	ITM2C	0.4081182	0.29194793	0.6831869041181362	0.7899978360304112
2936	T cells	AGO3	0.40384552	0.55294955	0.6863263115199432	0.7920704046589334
2937	T cells	ANKAR	0.40020585	0.9876589	0.6890048997756104	0.794382119741292
2938	T cells	HIBCH	0.39482546	0.720498	0.6929716953919699	0.7981730791194482
2939	T cells	ZNF56P--chr19:19776000(+)	0.3786843	1.0692823	0.7049223059627949	0.809983284016825
2940	T cells	FAM168A	0.37741834	0.78734356	0.7058627421759351	0.809983284016825
2941	T cells	FLNB	0.37045547	0.7793352	0.7110431405132434	0.8126207320151353
2942	T cells	SLC38A4-AS1	0.3617519	1.0824126	0.7175374280828792	0.8176589296758392
2943	T cells	SCAPER	0.3600112	0.4139089	0.7188387568560806	0.8177260858829711
2944	T cells	ENSG00000307645	0.357954	0.29610145	0.7203777423254746	0.8177260858829711
2945	T cells	IGF1R	0.35304835	0.93035066	0.7240521952202237	0.8203134697292708
2946	T cells	MED27	0.34592724	0.6680033	0.72939739134526	0.822810115004917
2947	T cells	KANTR	0.34545252	0.914555	0.7297542091412657	0.822810115004917
2948	T cells	APLF	0.34450302	1.2962883	0.7304680202313274	0.822826045777817
2949	T cells	IGFBP7	0.34276232	1.0017549	0.7317772800030712	0.8235120395058485
2950	T cells	ULK4	0.3332675	0.9532616	0.7389323604523097	0.8298538805736119
2951	T cells	RPS6KA5	0.3324763	0.5791693	0.7395296486744433	0.8298538805736119
2952	T cells	FAM66A	0.32092428	1.0858648	0.7482677803670774	0.8364666442126265
2953	T cells	LINC-PINT	0.3169681	0.5573399	0.7512678045992784	0.8384946607083429
2954	T cells	NFAT5	0.3166516	0.3924443	0.751507969716491	0.8384946607083429
2955	T cells	DOP1A	0.31127122	0.8597322	0.7555944417481107	0.841725381901153
2956	T cells	TSC22D1	0.31095472	0.9862147	0.7558350368091986	0.841725381901153
2957	T cells	ENSG00000259363	0.3074733	1.2807679	0.7584831405248158	0.8430776684850504
2958	T cells	DIS3L2	0.30525786	0.5221019	0.7601697759525605	0.8441545387348548
2959	T cells	CLOCK	0.29212338	0.83145607	0.7701922951635747	0.8528683042489302
2960	T cells	WWOX	0.28974968	0.8840951	0.772007750694953	0.8540744259804937
2961	T cells	ENSG00000290548	0.2843693	0.94411564	0.7761273928631334	0.8570195436685867
2962	T cells	CRTAM	0.28215384	0.8473024	0.777825555810967	0.8580889808946504
2963	T cells	ENSG00000308356	0.2793054	0.46743104	0.7800104673685826	0.8588879303609112
2964	T cells	AOPEP	0.26348072	1.0166326	0.792180077681808	0.8698447911800244
2965	T cells	BCL2L1	0.26079053	0.63114345	0.7942540463060328	0.8713085433357225
2966	T cells	ENSG00000268081	0.2555684	1.0487558	0.7982841279949315	0.8732857065321298
2967	T cells	CXCR2	0.25145397	0.9108502	0.8014631397507906	0.8736368889207634
2968	T cells	ZNF75D	0.250821	0.8003922	0.8019525118154981	0.8736368889207634
2969	T cells	MMD	0.250821	0.8952559	0.8019525118154981	0.8736368889207634
2970	T cells	EGLN3	0.25034624	1.3485922	0.8023195918660072	0.8736368889207634
2971	T cells	KIAA1328	0.24923852	0.88138705	0.8031762815213628	0.8737606910907701
2972	T cells	SMG6	0.23657879	0.53532064	0.8129835766074975	0.8811692959358682
2973	T cells	CMSS1	0.23072366	0.90129876	0.8175294895583445	0.8840518912963016
2974	T cells	ENSG00000273784	0.23024893	0.6740749	0.8178983484101838	0.8840518912963016
2975	T cells	RRAGC-DT	0.22265308	1.5292784	0.8238055201642057	0.8879883517077047
2976	T cells	SLC16A1-AS1	0.22075412	0.9994089	0.8252838880888935	0.8887672640957315
2977	T cells	BMERB1	0.214266	1.4220028	0.8303396246126297	0.8929751061688839
2978	T cells	IFT88	0.21379127	0.9983214	0.8307098351605093	0.8929751061688839
2979	T cells	NRF1	0.20651191	0.66467017	0.8363910546139735	0.8974414965565992
2980	T cells	SHLD1	0.20397997	0.6200814	0.8383691490580696	0.8984552526305186
2981	T cells	PIK3IP1-DT	0.19654238	0.72904587	0.8441856657856776	0.9033324321783046
2982	T cells	FAF1	0.19416867	0.5569933	0.8460438068240048	0.9044161868986973
2983	T cells	NT5C3A	0.19258621	0.31317163	0.8472830440333741	0.9044161868986973
2984	T cells	ANKRD17-DT	0.19226971	0.8375995	0.8475309368983702	0.9044161868986973
2985	T cells	ENSG00000305271	0.19132024	1.289278	0.8482747059092374	0.9044161868986973
2986	T cells	PLCL1	0.18989602	0.7610559	0.8493906125763138	0.9047856525269429
2987	T cells	ZHX3	0.17644505	0.8185302	0.8599443147009648	0.9118746756722318
2988	T cells	KIAA0825	0.17169765	0.5784851	0.8636752334464928	0.9118746756722318
2989	T cells	CCDC138	0.1715394	1.10877	0.863799650254138	0.9118746756722318
2990	T cells	TMEM135	0.16726674	0.6797265	0.8671601708083887	0.9133568886113632
2991	T cells	GUSBP1--chr5:21341811(+)	0.166792	0.9011234	0.8675337113766094	0.9133568886113632
2992	T cells	ABTB3	0.15587299	1.0770357	0.8761331424077387	0.9193113222478247
2993	T cells	ARMH4	0.1549235	0.7650461	0.8768816256888056	0.9193113222478247
2994	T cells	SNX25	0.15365753	1.0063683	0.8778797745614857	0.9193113222478247
2995	T cells	PDE4B	0.14732766	0.429173	0.882873400436633	0.9237180773251605
2996	T cells	TBCK	0.1451122	0.66238195	0.884622280216437	0.9247251569195821
2997	T cells	CFAP44	0.14258026	0.5372089	0.8866216880497599	0.9259921004853621
2998	T cells	ZNF708	0.13371845	0.6708471	0.8936252181456313	0.93108732435182
2999	T cells	RGS1	0.13340196	0.55817974	0.8938755010146299	0.93108732435182
3000	T cells	AHI1	0.12295767	0.7758746	0.9021406164807384	0.9348995396599665
3001	T cells	NLK	0.12121696	0.7264207	0.9035191923043483	0.9348995396599665
3002	T cells	SLC7A5	0.11726079	0.42631668	0.9066533945969908	0.9369282882654316
3003	T cells	GEN1	0.11156391	0.7826512	0.9111691883415202	0.9402018402765622
3004	T cells	SCFD2	0.10824073	0.7330376	0.9138047364873144	0.9418355566249621
3005	T cells	ZNF654	0.10586703	0.46992016	0.9156878530767434	0.9429500133259634
3006	T cells	PNISR-AS1	0.0928908	0.960701	0.9259903128366983	0.9502308969423711
3007	T cells	NIBAN1	0.08624444	0.3722687	0.9312721029414085	0.9539860566716868
3008	T cells	DLG2	0.08307951	0.7637174	0.9337883197232224	0.955040693062719
3009	T cells	PLEKHA5	0.07421769	0.98018163	0.9408371670227487	0.9587734041756953
3010	T cells	SGO1-AS1	0.068520814	0.96608233	0.9453710523958252	0.9620481001854186
3011	T cells	ZNF407	0.060450234	0.52773666	0.9517970520121504	0.9650530582953676
3012	T cells	PTPN13	0.060291987	0.5954932	0.9519230847131177	0.9650530582953676
3013	T cells	MAP4K5	0.045100305	0.6447911	0.964027358823032	0.976482492657955
3014	T cells	POLG2	0.03956167	0.69183695	0.968442586013849	0.9801105689778713
3015	T cells	MYO1D	0.032757062	0.5941381	0.9738683184482833	0.9847542067886338
3016	T cells	DPH6	0.03149109	0.8240711	0.9748778980003107	0.9849281856085613
3017	T cells	ELP4	0.02294577	0.70992655	0.9816935317011264	0.9892644329738858
3018	T cells	XAF1	0.021838043	0.017172094	0.9825771481971278	0.9893071286642314
3019	T cells	DENND1B	0.020413822	0.55759615	0.9837132578062974	0.9896037563560357
3020	T cells	UST	0.016141161	0.27562654	0.9871217756078104	0.9921839385596454
3021	T cells	TMEM241	0.004589154	0.82803327	0.9963383979062477	0.9971863454789339
3022	T cells	LINC03009	-0.0020572068	0.7670748	0.9983585875612055	0.9983585875612055
3023	T cells	FBXO22	-0.006488114	0.7045403	0.9948232703612384	0.9965180289138129
3024	T cells	ENSG00000272368	-0.0066463607	0.81925803	0.9946970104997542	0.9965180289138129
3025	T cells	FMN1	-0.0068046073	0.36251613	0.9945707507710657	0.9965180289138129
3026	T cells	SMC6	-0.009494801	0.32834408	0.9924243587646835	0.9965180289138129
3027	T cells	EHBP1	-0.023578756	0.5990786	0.9811886180033249	0.9892644329738858
3028	T cells	HS2ST1	-0.023895249	0.47985896	0.9809361639677124	0.9892644329738858
3029	T cells	ENTPD3-AS1	-0.060924973	0.6066911	0.9514189611556015	0.9650530582953676
3030	T cells	XYLT1	-0.06709659	0.36825833	0.9465048060497698	0.9620481001854186
3031	T cells	KIF20B	-0.06788783	0.27426723	0.9458749293859607	0.9620481001854186
3032	T cells	CEP128	-0.07580016	0.61031723	0.9395780882990117	0.9583207561488619
3033	T cells	ZNF133	-0.08086406	0.86674035	0.9355500666736839	0.955040693062719
3034	T cells	RNF11	-0.08086406	0.15675882	0.9355500666736839	0.955040693062719
3035	T cells	HERC2P3--chr15:20370222(-)	-0.08118055	0.40037668	0.9352983690122567	0.955040693062719
3036	T cells	STAM	-0.0881434	0.78009444	0.929762700900627	0.9532702146984633
3037	T cells	LRRCC1	-0.09637223	0.5780323	0.9232249472291127	0.9482205571540931
3038	T cells	LMNA	-0.098587684	0.37525374	0.9214656500163696	0.9472409129538905
3039	T cells	SYCP2	-0.104601055	0.63248765	0.9166923761108403	0.9431585601980299
3040	T cells	COG5	-0.11124742	0.39952993	0.9114201512885041	0.9402018402765622
3041	T cells	EXOC6B	-0.12074222	0.5754928	0.9038952181916513	0.9348995396599665
3042	T cells	EFCAB13-DT	-0.12105871	0.6584033	0.9036445318666431	0.9348995396599665
3043	T cells	ACYP2	-0.12548962	0.38645303	0.900135943061239	0.9342982074492648
3044	T cells	CCDC191	-0.12723033	0.017364707	0.8987580987437183	0.9336921591189158
3045	T cells	MRTFB	-0.13023701	0.6066758	0.8963789068458209	0.9320438500890232
3046	T cells	ELMO1	-0.13087	0.20205927	0.895878142323084	0.9320438500890232
3047	T cells	EIF2AK3	-0.13435143	0.48900044	0.8931246842082461	0.93108732435182
3048	T cells	RUNX2	-0.15413226	0.083989166	0.8775054458942646	0.9193113222478247
3049	T cells	PIGL	-0.16362707	0.46150935	0.8700247337910838	0.9143423475766885
3050	T cells	FKTN	-0.16378531	0.37521592	0.8699001518224996	0.9143423475766885
3051	T cells	PRIM2	-0.16869096	0.6923784	0.8660397273970667	0.9133568886113632
3052	T cells	ENSG00000227598	-0.17169765	0.060095258	0.8636752334464928	0.9118746756722318
3053	T cells	GTDC1	-0.17233063	0.560647	0.8631776000504604	0.9118746756722318
3054	T cells	TNF	-0.17438784	0.699434	0.8615606673890274	0.9118746756722318
3055	T cells	IGKC	-0.17834401	-1.3102773	0.8584528173382322	0.9111376472831778
3056	T cells	CCDC26	-0.18467388	-0.06424016	0.8534848361727083	0.9066830779937715
3057	T cells	TTTY14	-0.18720582	0.53826517	0.8514992580599148	0.9053916161649727
3058	T cells	SCMH1	-0.18752232	0.31070375	0.8512511267032009	0.9053916161649727
3059	T cells	PPP1R12B	-0.20334698	0.2688786	0.8388638328131883	0.8984552526305186
3060	T cells	PTBP2	-0.20841087	0.2374818	0.834908161699286	0.8966684914688223
3061	T cells	TPM1	-0.22455204	0.48311532	0.8223277771749681	0.8872086843649197
3062	T cells	FBXO33	-0.22486854	0.3867354	0.8220815477899329	0.8872086843649197
3063	T cells	MGMT	-0.23278087	0.3488193	0.8159315690582367	0.8835502073779801
3064	T cells	PAN3	-0.23879424	0.087298065	0.8112651344485494	0.8801178949368027
3065	T cells	HERC5	-0.23926899	0.36884326	0.8108970148192381	0.8801178949368027
3066	T cells	ENSG00000293612	-0.24417463	0.09691837	0.8070955745746423	0.8772129350275225
3067	T cells	ENSG00000291015	-0.25097924	0.33782837	0.8018301615075822	0.8736368889207634
3068	T cells	ABCC4	-0.25841683	0.3308102	0.7960852278456783	0.8716910874734801
3069	T cells	NME7	-0.25873333	0.64186317	0.795841005177828	0.8716910874734801
3070	T cells	MSC-AS1	-0.26601267	0.48175138	0.790229449376012	0.8685138621179348
3071	T cells	ENSG00000293268	-0.27803943	0.3272611	0.78098209833297	0.8591533654252318
3072	T cells	MSH6	-0.27993837	0.26304597	0.7795247806096848	0.8588879303609112
3073	T cells	RAB28	-0.28721774	0.43087438	0.7739456131079944	0.8554135723825201
3074	T cells	SIMC1	-0.29449707	0.3024488	0.7683780980563023	0.8516613037834228
3075	T cells	TBC1D32	-0.29607955	0.13554712	0.7671693370571004	0.8511237173388209
3076	T cells	H2AC6	-0.30763155	0.20465134	0.7583627104258828	0.8430776684850504
3077	T cells	TANGO6	-0.32488045	0.26169154	0.7452715626338232	0.8339099501973132
3078	T cells	SUPT3H	-0.32614642	0.21318291	0.7443135837571562	0.8336312138080149
3079	T cells	GMDS-DT	-0.3302608	0.24688253	0.7412028906564955	0.830938607637787
3080	T cells	MAN1A1	-0.3407051	0.4392408	0.7333255941622236	0.8244654863621176
3081	T cells	NARS2	-0.3478262	0.46438992	0.7279707068064991	0.822376129879388
3082	T cells	MAP3K5	-0.3494087	0.21144257	0.7267825224350863	0.8218233138304438
3083	T cells	CCDC30	-0.3495669	-0.024650086	0.7266637400787608	0.8218233138304438
3084	T cells	CDK8	-0.35478905	0.44198704	0.7227476240259896	0.8196250779696854
3085	T cells	NAALADL2	-0.35811225	0.1407083	0.7202593185056081	0.8177260858829711
3086	T cells	AP4E1	-0.35811225	0.19106515	0.7202593185056081	0.8177260858829711
3087	T cells	STAG1	-0.3647586	0.22491151	0.7152916098517033	0.8158903328667343
3088	T cells	TTLL5	-0.36903125	0.15029022	0.7121044228046323	0.8130434963283957
3089	T cells	APOLD1	-0.3718797	0.07685388	0.7099824180173877	0.8121977855918755
3090	T cells	LINC00865	-0.3748864	-0.36732396	0.7077449616560343	0.8104265578456633
3091	T cells	BRAF	-0.37599412	0.2405235	0.7069212700835807	0.8102723329612972
3092	T cells	CARMIL1	-0.3772601	0.08811841	0.7059803283309911	0.809983284016825
3093	T cells	WDPCP	-0.38786262	0.4795643	0.6981177035793258	0.8033135219268954
3094	T cells	GPR155	-0.40432027	0.22390111	0.6859772198591811	0.7920704046589334
3095	T cells	SERINC5	-0.4087512	0.39067295	0.6827222707486005	0.7899978360304112
3096	T cells	NUBPL	-0.41381508	0.098760426	0.6790095440262771	0.7867145061821693
3097	T cells	MINDY2	-0.41508105	0.20167275	0.6780825736297733	0.7864152924937016
3098	T cells	CCNH	-0.42109442	0.38578233	0.6736861354783253	0.78363491129823
3099	T cells	ZSCAN5A	-0.42109442	0.004242284	0.6736861354783253	0.78363491129823
3100	T cells	CENPE	-0.42362636	-0.3235725	0.67183832241164	0.78363491129823
3101	T cells	ZGRF1	-0.42425936	0.13339011	0.6713766782811521	0.78363491129823
3102	T cells	ENSG00000226571	-0.42457584	-0.18711968	0.67114590269073	0.78363491129823
3103	T cells	LINC00662	-0.42457584	0.37099156	0.67114590269073	0.78363491129823
3104	T cells	LINC01473	-0.42742428	0.11428266	0.6690703200302601	0.78363491129823
3105	T cells	TRAF3IP2-AS1	-0.4345454	0.19422165	0.6638924423084649	0.7784023052390375
3106	T cells	TCF12	-0.45100304	0.14763542	0.6519873553404656	0.7682736772348573
3107	T cells	ENSG00000290853	-0.4552757	0.18638533	0.6489109030550416	0.7659526238343289
3108	T cells	PPM1L	-0.46113083	0.30733418	0.6447047430060973	0.761982691231327
3109	T cells	DBF4	-0.4623968	0.36931333	0.6437967902754025	0.761675075818786
3110	T cells	MIR646HG	-0.46603647	0.22753298	0.6411893899006369	0.759354201936706
3111	T cells	C1QTNF7-AS1	-0.46619472	0.038413223	0.6410761247129151	0.759354201936706
3112	T cells	PCNX4	-0.47616425	0.17081669	0.6339573550653326	0.754588916555497
3113	T cells	CHST11	-0.47853798	0.16511405	0.6322673585990152	0.754103867862517
3114	T cells	GUCY1A1	-0.48154464	-0.65241694	0.6301294515799545	0.7530815396931163
3115	T cells	KCNQ1OT1	-0.49135596	0.2687332	0.6231747157763226	0.7470473657012797
3116	T cells	TRAPPC9	-0.49547037	0.3483052	0.6202681384972939	0.7450820540069638
3117	T cells	TOGARAM1	-0.5033827	0.10705565	0.6146952356194979	0.739899280540972
3118	T cells	TRAF4	-0.5116115	-0.3938515	0.6089229193786131	0.7359643917669568
3119	T cells	MBTD1	-0.5117698	0.41892895	0.6088121500319081	0.7359643917669568
3120	T cells	BBS9	-0.5163589	0.09574549	0.605603749390349	0.7342165044155159
3121	T cells	WRN	-0.5179414	0.1233321	0.6044991625813896	0.733633658612708
3122	T cells	RGS7	-0.51952386	-0.7679004	0.6033954807483546	0.733050708016596
3123	T cells	ODC1	-0.536931	0.3513563	0.5913152823085219	0.7206080538806443
3124	T cells	NME8	-0.5388299	0.3581186	0.590004194338322	0.7205035644256144
3125	T cells	UBASH3B	-0.5445268	0.4335652	0.5860789888452349	0.7171996783371448
3126	T cells	ATP9B	-0.5451598	0.40173987	0.5856436037283369	0.7171996783371448
3127	T cells	CCM2	-0.54895777	0.34314853	0.5830344518511261	0.7149619555546656
3128	T cells	RBMS3	-0.5502237	0.063872576	0.5821659408495339	0.7146421152808474
3129	T cells	ZDHHC14	-0.56351644	-0.3403435	0.573083272302939	0.70644227277595
3130	T cells	ENSG00000232053	-0.56351644	0.2852739	0.573083272302939	0.70644227277595
3131	T cells	CAMK1D	-0.5706375	0.12113093	0.5682453692894855	0.7026882800046635
3132	T cells	ADK	-0.57680917	0.23859343	0.5640683838270921	0.6989930657330456
3133	T cells	FARS2	-0.57680917	0.4259418	0.5640683838270921	0.6989930657330456
3134	T cells	AFG2A	-0.5826643	0.35428247	0.5601193217787545	0.697037378213561
3135	T cells	PLPP5	-0.59611523	0.18724404	0.5510982364630224	0.6879952506162572
3136	T cells	ATXN1	-0.6049771	0.21455698	0.5451942356977322	0.6813479502449873
3137	T cells	NIBAN3	-0.6084585	-2.1562448	0.5428834274249428	0.6791818198422689
3138	T cells	DDX10	-0.61099046	0.43657073	0.5412059098701842	0.6785268123745593
3139	T cells	METTL15	-0.61368066	0.10941849	0.5394263888940929	0.6770175382491497
3140	T cells	CENPP	-0.61716205	-0.41286433	0.5371278379843036	0.6762311964987795
3141	T cells	TYW1B	-0.632512	-0.5305985	0.5270523775945748	0.6652969418943991
3142	T cells	SEMA6A-AS1	-0.64327276	-0.6867998	0.520047126916128	0.6590252384195759
3143	T cells	COMMD10	-0.64453876	0.25880876	0.5192261475824356	0.658694659716229
3144	T cells	DAAM1	-0.6454882	0.24968171	0.518610852478475	0.6586245815493376
3145	T cells	HMGA1P4	-0.64865315	-0.5437973	0.5165625932839019	0.6567325510290472
3146	T cells	ZNF767P--chr7:149547154(-)	-0.64865315	-0.17193416	0.5165625932839019	0.6567325510290472
3147	T cells	SOX2-OT	-0.6545083	-0.065515175	0.5127843965545384	0.6533417663576785
3148	T cells	POC1B-AS1	-0.655616	-0.35218576	0.5120712259581528	0.6531407393999866
3149	T cells	HIVEP1	-0.655616	0.41470054	0.5120712259581528	0.6531407393999866
3150	T cells	NSMCE2	-0.6666933	0.29047927	0.5049680777225953	0.645480934132361
3151	T cells	MIR4435-2HG	-0.67001647	0.21167585	0.5028473028347937	0.6441704010171213
3152	T cells	RAB33B-AS1	-0.6752386	0.106384516	0.499524191443916	0.6406111768135717
3153	T cells	CSTPP1	-0.6772958	0.07033489	0.4982182958762097	0.6403330228966367
3154	T cells	MAILR	-0.67745405	-0.40222117	0.49811791764651603	0.6403330228966367
3155	T cells	CNNM2	-0.6844169	0.11566698	0.49371194758314185	0.6366285639887882
3156	T cells	PHTF2	-0.6945447	0.2193661	0.48734068650627416	0.6325746659286737
3157	T cells	DTNBP1	-0.69960856	0.19704543	0.4841717821511947	0.6296697513995599
3158	T cells	THADA	-0.70150757	0.16114411	0.4829863300320033	0.6290054530649345
3159	T cells	GDAP1	-0.7189147	-0.10726197	0.47219349316084236	0.6163147036150395
3160	T cells	NUSAP1	-0.7246116	-0.16365601	0.46869036701386557	0.6124220795647843
3161	T cells	SLC38A9	-0.7269853	0.060055178	0.467234987226939	0.611833733256651
3162	T cells	GPR141	-0.72840947	0.34290954	0.46636296357287965	0.6114190024099292
3163	T cells	C2orf88	-0.7429682	-0.35315484	0.45750095035359306	0.6011409135372351
3164	T cells	FTX	-0.7603753	0.10120771	0.44703027910753257	0.5886983294853957
3165	T cells	INSIG1	-0.7738263	-0.064473726	0.43903353234397235	0.5833937107757192
3166	T cells	DLGAP1	-0.77746594	-0.7461825	0.4368839167923476	0.5811939888549783
3167	T cells	RALGPS2	-0.79281586	-0.29924786	0.42788510497055876	0.5715303824743163
3168	T cells	PPBP	-0.7945566	-1.2642637	0.4268714781912164	0.5715303824743163
3169	T cells	PHLPP1	-0.80500084	-0.34736654	0.42081917702766847	0.5642911655467938
3170	T cells	ENSG00000291203	-0.8081658	0.32098252	0.4189951398948788	0.5624866261602482
3171	T cells	ENTPD1-AS1	-0.81069773	-0.22695358	0.41753926475505854	0.5611727718307986
3172	T cells	SETBP1	-0.8328523	-0.22612724	0.4049280414845263	0.5454700765014925
3173	T cells	MAML2	-0.8417141	0.30673945	0.3999480030889986	0.5406193696927153
3174	T cells	ARHGAP6	-0.8472527	-1.150067	0.3968542651924255	0.5376735205832861
3175	T cells	SLC35F3	-0.85247487	-3.0594385	0.3939505777414326	0.5343551089087943
3176	T cells	BABAM2	-0.85722226	0.09433915	0.39132205354390237	0.5314026962674702
3177	T cells	PPM1N	-0.86291915	-0.6182599	0.3881819171705694	0.5283587205932749
3178	T cells	RFC3	-0.8657676	-0.033451796	0.3866176219285711	0.5268393086767087
3179	T cells	ERCC8	-0.8660841	0.06223136	0.3864440491234803	0.5268393086767087
3180	T cells	KIF9-AS1	-0.8714645	-0.13046908	0.383500593383875	0.5250252593939895
3181	T cells	PRKN	-0.8796933	-0.22693487	0.37902547715253976	0.5201096395932168
3182	T cells	BRCA2	-0.88665617	-0.47924992	0.3752640484925731	0.5155496740972734
3183	T cells	ENSG00000293909	-0.88760567	-1.9400706	0.3747529191952139	0.5154496292088556
3184	T cells	CYP4F22	-0.894885	-2.854343	0.370848573159955	0.5118754953475435
3185	T cells	ZFAT	-0.8996324	-0.6356889	0.3683159158155138	0.5095759023518168
3186	T cells	PKD2	-0.9084942	-0.17516549	0.3636171760614878	0.5036676078307534
3187	T cells	IFIT1	-0.9103932	-1.0458906	0.3626152029361611	0.5028720267133555
3188	T cells	STON2	-0.91355807	-2.3365293	0.36094909406194875	0.5011524611769206
3189	T cells	LINC01182	-0.9236859	-0.7823219	0.35564988434701306	0.49496362602613886
3190	T cells	ENSG00000287100	-0.9236859	-3.5410843	0.35564988434701306	0.49496362602613886
3191	T cells	IRF4	-0.9325477	-0.35975525	0.35105354904882846	0.48972594742754716
3192	T cells	RUFY2	-0.9425172	0.18674226	0.34592788993839385	0.4848661128288417
3193	T cells	ACBD6	-0.94773936	0.08336132	0.34326214873778305	0.4822894706279962
3194	T cells	GMDS	-0.97021043	0.017146237	0.33194162423110396	0.46806157085824734
3195	T cells	MGLL	-0.9918902	-1.8800037	0.3212510888922908	0.45517021751486025
3196	T cells	ANGPT1	-1.0053412	-2.9757683	0.3147325969432301	0.4470115144990804
3197	T cells	BTBD9	-1.0107216	0.11993273	0.3121497160773222	0.44441654492364524
3198	T cells	CCSER1	-1.0350915	-0.4376605	0.3006261599007882	0.42852892611312354
3199	T cells	MAP2K5	-1.036041	-0.04520519	0.30018300275151855	0.4284165184900313
3200	T cells	BANK1	-1.0543976	-0.7382055	0.29170090137367277	0.41783222900784306
3201	T cells	LONRF3	-1.0605693	-0.5696062	0.2888856975364068	0.4145107721911916
3202	T cells	SLC25A43	-1.0681651	-0.70208216	0.2854460429945973	0.4103723063100812
3203	T cells	SFMBT2	-1.1064608	-0.13165295	0.26852712177747706	0.3884229953386384
3204	T cells	ARL15	-1.1240262	-0.17358756	0.26100191886892277	0.37940451988857005
3205	T cells	PF4	-1.132255	-2.4202566	0.25752723900872343	0.37528132970787953
3206	T cells	TSPAN33	-1.143807	-0.6664144	0.25270367898055324	0.369167113641156
3207	T cells	GPHN	-1.1447566	-0.51669544	0.2523100405291817	0.369167113641156
3208	T cells	H2BC4	-1.1487126	-0.4518454	0.25067448193646846	0.36803144913518965
3209	T cells	ENSG00000298831	-1.1521941	-1.732623	0.24924132509655406	0.3663847478919345
3210	T cells	PTX3	-1.1620054	-1.8236512	0.24523327724033328	0.3622293781866387
3211	T cells	HDAC8	-1.1673858	0.01609248	0.24305461394696037	0.3595373911970131
3212	T cells	ENSG00000293488	-1.1702342	-1.3645816	0.2419067279996815	0.3582900656519212
3213	T cells	ENSG00000298678	-1.1707089	-2.3347063	0.2417157851494679	0.3582900656519212
3214	T cells	TAFA2	-1.1939712	-0.22345261	0.23248922790196747	0.34652386820369296
3215	T cells	MAPK8	-1.2158092	0.0029314545	0.22405759139047665	0.3353214281517832
3216	T cells	TLR10	-1.2211896	-2.8757224	0.22201422402738402	0.33302133604107603
3217	T cells	TOM1L2	-1.2229303	0.015673097	0.22135600104524022	0.33245805520970945
3218	T cells	PTMS	-1.2241963	0.0681535	0.22087817263847376	0.33216461767627253
3219	T cells	ENSG00000287190	-1.2267283	-0.5047416	0.2199247353370155	0.33115427497609506
3220	T cells	BLNK	-1.2317922	-25.915707	0.2180267280111856	0.32871722069378756
3221	T cells	RAP2C-AS1	-1.2349571	-1.5107213	0.21684646836570587	0.3273574413325675
3222	T cells	AFF3	-1.2392298	-0.21080379	0.215260419955018	0.3253807890322637
3223	T cells	SLX4IP	-1.2526808	-0.97673935	0.21032191996259342	0.31914655209807724
3224	T cells	HES1	-1.2537885	-25.666506	0.2099189042941535	0.31894655226088436
3225	T cells	CRADD	-1.2550545	-0.33852434	0.20945899985059202	0.31894655226088436
3226	T cells	PRLR	-1.2757847	-25.583704	0.20203161979758955	0.310168648670973
3227	T cells	IFI44L	-1.2838553	-0.52811503	0.19919257925434708	0.3074153191641892
3228	T cells	MX1	-1.2857543	-0.3625763	0.19852882712036812	0.30679356201518126
3229	T cells	C3orf20	-1.3063264	-2.4261768	0.19144159667679783	0.2974046468849594
3230	T cells	RAD51B	-1.3098078	-0.022230865	0.19026086827155742	0.29596135064464485
3231	T cells	ENSG00000306766	-1.3291138	-0.78534424	0.18381040103853374	0.28630600214743795
3232	T cells	THBS1	-1.3291138	-1.4290471	0.18381040103853374	0.28630600214743795
3233	T cells	FAM241A	-1.3534839	-0.22423403	0.1759010993209612	0.27581292373526717
3234	T cells	CX3CR1	-1.3693086	0.32177058	0.17090284988192062	0.2694125354706952
3235	T cells	SPOPL-DT	-1.370258	-1.6160766	0.1706063727385524	0.2693061669000505
3236	T cells	WDR49	-1.370891	-2.3884275	0.17040893547723612	0.2693061669000505
3237	T cells	HDX	-1.3854496	-1.4873122	0.16591500267757597	0.26295962688521474
3238	T cells	MAP4K3	-1.393995	-0.62505794	0.16331910801320193	0.25919469773755127
3239	T cells	GAS2L3	-1.3955774	-3.0400136	0.16284176535962425	0.25878637305799745
3240	T cells	ADAM19	-1.4269103	-0.35338357	0.15360574250618111	0.24477012627001218
3241	T cells	MCU	-1.4359304	-0.12119104	0.15102214926293894	0.24130712980056548
3242	T cells	NR6A1	-1.451755	-25.75523	0.14656972352877343	0.23451155764603748
3243	T cells	COMMD1	-1.4566607	0.08722053	0.14521006103931447	0.23304015456573307
3244	T cells	MTURN	-1.4585596	-0.45144343	0.14468634122788696	0.23276489368535577
3245	T cells	ARHGAP18	-1.4591926	-0.098552324	0.14451208996549425	0.23276489368535577
3246	T cells	ATP8B1-AS1	-1.4754921	-0.5115901	0.14008030062998866	0.22690693325188246
3247	T cells	NFIA	-1.4826132	-0.3527063	0.13817721773966551	0.2247529848711572
3248	T cells	SPATS2L	-1.4840374	-0.48257658	0.13779900324290914	0.22444823796905977
3249	T cells	RDUR	-1.492741	-1.0353539	0.1355050094186685	0.2210178794401583
3250	T cells	DUSP5	-1.4955894	-0.56131387	0.1347606893543695	0.22010912594547016
3251	T cells	ENSG00000290008	-1.4971719	-1.4998041	0.13434854590107848	0.21974115435280708
3252	T cells	METTL25	-1.5224913	-0.014611713	0.1278860168431948	0.210635792447615
3253	T cells	TBC1D5	-1.5471778	-0.21323043	0.12182037528866771	0.20120893446555227
3254	T cells	ARHGAP22	-1.5587298	-0.8898492	0.1190603413423075	0.19720417101204737
3255	T cells	CD9	-1.5712312	-1.7063487	0.11612893094162885	0.19316495443756088
3256	T cells	RSAD2	-1.5899044	-1.5680012	0.11185635259509755	0.1863216298184628
3257	T cells	PDSS2	-1.5978167	-0.010890755	0.11008376621783017	0.18415150650379558
3258	T cells	MT2A	-1.6161734	-0.26979163	0.10605683614865834	0.17843038528014624
3259	T cells	IL3RA--chrX:1335025(+)	-1.6277254	-25.919601	0.10358313097691668	0.1745182837089599
3260	T cells	GABPB1-AS1	-1.6342134	-0.1100565	0.10221403205341398	0.17270646795232017
3261	T cells	SLC2A13	-1.6430753	-0.77587724	0.10036735479911675	0.17032035965910722
3262	T cells	TESK2	-1.6525701	-1.0012019	0.09841838749780431	0.16749641634937465
3263	T cells	CEP162	-1.6693443	-0.34304407	0.09504917576957787	0.16246777718753427
3264	T cells	CCL3L3	-1.6758324	-1.3118813	0.09377103325632201	0.16051635387108398
3265	T cells	BCAS3	-1.6791556	0.021457054	0.09312173379260956	0.1596372579301878
3266	T cells	DOCK4	-1.6895999	-1.5340979	0.09110453973640661	0.15663587533627804
3267	T cells	PCCA	-1.6926066	-0.4809343	0.09053039101446156	0.15587663225916076
3268	T cells	PRICKLE1	-1.7082729	-3.9403322	0.08758571136721542	0.1512301024910393
3269	T cells	NRP1	-1.7098554	-2.437455	0.08729261575600311	0.15096487666038186
3270	T cells	PDE8A	-1.7226734	0.10368569	0.08494760682931703	0.14712575203428105
3271	T cells	FCGR2B	-1.7277373	-2.0299695	0.08403533769901324	0.14576040875227075
3272	T cells	SLC9A9	-1.7285285	-0.11412151	0.0838935146620691	0.14572935486350555
3273	T cells	AIM2	-1.7448279	-1.5309694	0.0810148280233313	0.14156528641224014
3274	T cells	SERPINF1	-1.7597032	-26.337822	0.07845815931624688	0.13750640142459958
3275	T cells	SIGLEC1	-1.773787	-3.8329766	0.07609837959981966	0.13356969314834016
3276	T cells	ACRBP	-1.7783762	-1.4905118	0.07534208689699448	0.1324399016305912
3277	T cells	ENSG00000285534	-1.801322	-2.4631412	0.0716521452290832	0.12633121857481533
3278	T cells	MICU2	-1.8067024	-0.08964142	0.07080869826659449	0.12503157531759027
3279	T cells	TUBA4A	-1.8086014	-0.28915593	0.0705129619812161	0.12469660645099268
3280	T cells	SPARC	-1.8133488	-3.571758	0.06977805202252581	0.12358281502784692
3281	T cells	EREG	-1.8149312	-3.560824	0.06953448377709058	0.1233371838942059
3282	T cells	PRKAR2B	-1.8201534	-2.6174452	0.06873565711721075	0.12228915698916769
3283	T cells	HIP1	-1.8230017	0.028608974	0.06830312184122535	0.12178918023496701
3284	T cells	ZNF804A	-1.8393012	-1.3218863	0.06587089891016261	0.11808563585114518
3285	T cells	G0S2	-1.8412001	-4.203148	0.06559223414661759	0.1177655990174386
3286	T cells	UICLM	-1.8510114	-2.1010492	0.06416790745029272	0.11538449413080158
3287	T cells	SMURF1	-1.8586073	-0.43322676	0.06308282447426379	0.11378129076953102
3288	T cells	SAV1	-1.8870916	-1.1561604	0.05914799521598128	0.10767498819503714
3289	T cells	PLEKHG2	-1.9079802	-0.593207	0.05639376966192088	0.10362355175377962
3290	T cells	LDLRAD4	-1.9260204	-0.28604865	0.05410183086367497	0.09988030313293841
3291	T cells	TPM4	-1.9377307	-0.33399394	0.05265609606340587	0.09736410215497689
3292	T cells	MYO1E	-1.9522893	-0.7526061	0.050903865245572076	0.09442104972995703
3293	T cells	KIAA1958	-1.9551377	-1.4230154	0.05056681292858858	0.0939440316019276
3294	T cells	ADAM28	-1.965582	-1.7867177	0.049346910761876445	0.0919682520696778
3295	T cells	ISG15	-2.0178034	-0.34247154	0.043611736288776765	0.08166783738153101
3296	T cells	FBXL20	-2.039958	-0.47374046	0.041354511367825426	0.07787198611693937
3297	T cells	LINC02631	-2.042015	-2.7614357	0.041150025156836044	0.07767645198144332
3298	T cells	SEMA3C	-2.0836341	-1.315928	0.03719346624706655	0.07054760694604881
3299	T cells	IFI6	-2.1181319	-0.73185366	0.0341639038072241	0.06516738099719317
3300	T cells	ATP8B4	-2.1241453	-0.31859118	0.03365800288133021	0.06457065479354702
3301	T cells	NAV1	-2.1708279	-1.6589559	0.02994417779179072	0.05772844767728834
3302	T cells	ENSG00000269514	-2.1768413	-2.8826945	0.029492406108326024	0.057044522341104284
3303	T cells	NEXN	-2.1820636	-3.5891085	0.029104846710528622	0.05638764370936023
3304	T cells	FRMD3	-2.1925077	-2.8563	0.02834286203016936	0.05500198968230886
3305	T cells	IFIT3	-2.2004201	-0.9297422	0.02777710212634112	0.05417225887326228
3306	T cells	HLA-DOA	-2.23745	-1.7672452	0.025256954424350157	0.04942126190188982
3307	T cells	DST	-2.239982	-1.3974144	0.02509210552445406	0.049180526827929956
3308	T cells	PLA2G4A	-2.2412477	-1.822834	0.025010030950108297	0.04914173732857548
3309	T cells	IFIT2	-2.252958	-0.6712595	0.024261796559085443	0.047872269720611545
3310	T cells	MTAP	-2.2531164	-0.46487814	0.02425181962756383	0.047872269720611545
3311	T cells	FER	-2.274163	-0.9465975	0.022956183950938156	0.04544860660993817
3312	T cells	GNG7	-2.2833414	-2.4123893	0.02241026767292535	0.044517693890811165
3313	T cells	NEGR1	-2.2975836	-3.9631567	0.02158550133136118	0.04309770724224236
3314	T cells	PTK2	-2.3352463	-3.5298054	0.01953055841778742	0.03912766047583987
3315	T cells	ZFAND3	-2.3643637	-0.14317456	0.018061073104278822	0.036557352789383636
3316	T cells	RUBCNL	-2.3744915	-1.8265728	0.017573142573101053	0.03575435236326443
3317	T cells	CLEC10A	-2.3755991	-26.78499	0.017520482687795706	0.03570899071204116
3318	T cells	UVRAG	-2.3975954	-0.26889127	0.016503079343374766	0.03375238488314561
3319	T cells	MIR181A1HG	-2.4036088	-0.5655584	0.016234133052292286	0.03326017503396469
3320	T cells	HSPA5	-2.4074068	-0.41370964	0.016066263613108308	0.0330313391766003
3321	T cells	ST6GALNAC3	-2.420383	-1.3639829	0.015504167648706425	0.03198754588575221
3322	T cells	ENOX2	-2.4276624	-0.50143814	0.015196483754168153	0.0314352626350137
3323	T cells	FMNL2	-2.4324098	-1.7256373	0.01499872890449929	0.031218593259630383
3324	T cells	ELL2	-2.4539313	-0.46256104	0.014130397522141205	0.029463382067443363
3325	T cells	CASP5	-2.4635844	-26.629995	0.01375555268124294	0.028783861126586652
3326	T cells	SSH2	-2.4645338	-0.33735332	0.013719161378391471	0.028758883745077308
3327	T cells	ENSG00000297373	-2.469756	-1.1192403	0.01352052515768265	0.028393102831133568
3328	T cells	SNED1	-2.5004559	-1.3568814	0.012403360183957636	0.026140415011351576
3329	T cells	VAV3	-2.5126407	0.0059315157	0.01198312706359862	0.02530010310016513
3330	T cells	ANO10	-2.5681853	-0.7162899	0.010223246121976306	0.02181948718592402
3331	T cells	CDK14	-2.57499	-2.6872466	0.010024298213822194	0.02143377218082709
3332	T cells	DACH1	-2.6197739	-2.2021596	0.008798810301502423	0.01895128372631291
3333	T cells	ENSG00000301476	-2.6449351	-3.123143	0.008170660036444108	0.017728221776491273
3334	T cells	SIK3	-2.685921	-0.22935179	0.007233020276801004	0.015751910825033296
3335	T cells	CCL3	-2.7240584	-0.93792826	0.006448510594046916	0.014121877948974253
3336	T cells	MARCKSL1	-2.7254827	-0.6979961	0.006420755989949071	0.01408733030630617
3337	T cells	GCNT2	-2.7425733	-2.3620913	0.0060959852811394545	0.013424866461835203
3338	T cells	FLT3	-2.7726402	-3.7776759	0.005560357619982607	0.01229131684417208
3339	T cells	VTI1A	-2.8196394	-0.38362458	0.004807764647236576	0.010687960728072236
3340	T cells	TBC1D12	-2.8397367	-1.3703225	0.00451507830403836	0.010094547691158006
3341	T cells	ERC1	-2.8618913	-0.38689655	0.004211213842993575	0.009451121143817642
3342	T cells	IGF2BP2	-2.864265	-3.0225701	0.0041797824381748835	0.0093985165340223
3343	T cells	PPP1R14B	-2.867588	-1.0697522	0.004136135983863049	0.009318191411921353
3344	T cells	AHCYL2	-2.8865778	-0.94818306	0.0038945653891358212	0.008807709418507165
3345	T cells	TXNDC5	-2.892591	-1.3262496	0.0038207836004940194	0.008674211417337775
3346	T cells	SLC25A33	-2.9063585	-0.8226154	0.0036566216884603778	0.008333695941142256
3347	T cells	MSR1	-2.9224997	-3.4856048	0.0034723393017315612	0.007929069939487991
3348	T cells	CPED1	-2.9394321	-1.3985572	0.0032881428911509733	0.007537731072112173
3349	T cells	DLEU2	-2.9943438	-0.3969443	0.0027503591629102256	0.006404796783331535
3350	T cells	TAGLN2	-3.0193467	-0.4492369	0.0025332046435119805	0.005922561949841132
3351	T cells	FAR2	-3.0587502	-1.830884	0.0022226245759606324	0.00521717864536867
3352	T cells	LCORL	-3.0606492	-0.56419355	0.0022085778289684787	0.005194575053733862
3353	T cells	USP32	-3.0628645	-0.51421505	0.002192292812936503	0.00516660590784234
3354	T cells	HSPA1B	-3.1141365	-1.292489	0.0018448414829611937	0.004382896129216897
3355	T cells	FAM117B	-3.1147695	-0.78413063	0.0018408873962096942	0.004382355420936438
3356	T cells	TMEM176B	-3.140247	-3.4504488	0.0016880535271248925	0.0040348596502009625
3357	T cells	ENSG00000287124	-3.1461022	-0.99455583	0.0016546212880973001	0.003963003329536507
3358	T cells	FCHSD2	-3.1620853	-0.5129859	0.0015664372622772342	0.0037671374651084407
3359	T cells	ENSG00000226824	-3.1840816	-1.0450153	0.0014521412675208088	0.0034994223987796537
3360	T cells	PLD4	-3.190095	-3.1772232	0.0014222610039698416	0.003441520454050481
3361	T cells	H1-10	-3.2552924	-0.6047709	0.0011327563883376322	0.002775253151427199
3362	T cells	DNAAF9	-3.2590904	-0.8653727	0.001117700408271815	0.002744082839514936
3363	T cells	DLEU1	-3.276023	-1.4878147	0.0010528005744351791	0.0025955838061546554
3364	T cells	ENSG00000291236	-3.2994432	-27.109337	0.0009687678890621185	0.002398465342183266
3365	T cells	FCER1A	-3.3122613	-5.102027	0.0009254506313511247	0.002296054730947094
3366	T cells	ENSG00000306779	-3.3170087	-1.4277718	0.0009098678287778618	0.002262166102838828
3367	T cells	PTGS2	-3.343436	-27.121288	0.0008274780921159735	0.00207487043993259
3368	T cells	DHRS7B	-3.3654323	-1.7187034	0.0007642385055131891	0.0019286362285053872
3369	T cells	ALCAM	-3.396132	-1.7719638	0.0006834538072061428	0.0017284767253213419
3370	T cells	VCL	-3.4265153	-0.5079379	0.0006113790814135488	0.0015562376617799423
3371	T cells	RELL1	-3.4483535	-1.0679299	0.0005640154522307029	0.001438789960571164
3372	T cells	SNCA	-3.4534173	-26.772888	0.0005535319133826333	0.001418199412065309
3373	T cells	CDKN1C	-3.4689255	-3.7945988	0.0005225443043648114	0.0013476142586250398
3374	T cells	TCF4	-3.486649	-1.7374892	0.0004891125737217486	0.0012641678828500579
3375	T cells	RUFY1	-3.5091202	-0.57941055	0.000449591714194992	0.0011671519997644825
3376	T cells	ENSG00000259135	-3.5645065	-2.3515384	0.0003645414020148039	0.0009505558509299543
3377	T cells	MAP3K7CL	-3.6034353	-2.273416	0.00031403907113875906	0.0008243525617392426
3378	T cells	CMAHP--chr6:25061611(-)	-3.6050177	-1.0125235	0.00031213169984090555	0.0008211787002525837
3379	T cells	PTGS1	-3.607233	-3.5033956	0.0003094795956340495	0.0008160269158422472
3380	T cells	CD1C	-3.6293876	-27.391972	0.0002840943423441131	0.0007524660959384618
3381	T cells	ABCC3	-3.6304953	-2.3506846	0.00028287777065393017	0.0007524660959384618
3382	T cells	SVIL	-3.7724426	-1.1438358	0.0001616571303167885	0.0004360293239737231
3383	T cells	SUMF1	-3.7740252	-0.63071084	0.00016063457650077628	0.00043426726888485726
3384	T cells	CXCL8	-3.8069403	-4.3397746	0.00014069661876371778	0.0003830074621901206
3385	T cells	DISC1	-3.8898616	-0.98527646	0.00010030137214548938	0.00027819437179975353
3386	T cells	ARHGAP21	-3.8933432	-1.5321847	9.887215233953188e-05	0.0002748786079226702
3387	T cells	XRCC4	-3.9442985	-2.0029793	8.003390048696833e-05	0.00022570711504238552
3388	T cells	LUCAT1	-3.9582243	-2.1110582	7.55090465898685e-05	0.0002144894656755685
3389	T cells	SASH1	-3.9749985	-3.7136312	7.037972789620652e-05	0.00020040329299258808
3390	T cells	CCDC50	-3.9865503	-1.3423097	6.704088841188432e-05	0.00019182502377707047
3391	T cells	MED13L	-4.054438	-0.653918	5.0254925425334214e-05	0.00014485243210831625
3392	T cells	SOCS3	-4.0596604	-1.3880913	4.914414337168343e-05	0.00014199880246953245
3393	T cells	SELL	-4.0987473	-0.74525845	4.153922341834486e-05	0.00012091615529696426
3394	T cells	FRMD4B	-4.105394	-1.2971014	4.036269117326208e-05	0.00011778293999939505
3395	T cells	ITFG1	-4.152868	-0.74847734	3.2833461620261414e-05	9.653037716356856e-05
3396	T cells	PLCB1	-4.171224	-0.8243904	3.0296747196576966e-05	8.974552821958315e-05
3397	T cells	RABGEF1	-4.1829348	-0.7964198	2.8777026476214917e-05	8.567540034437656e-05
3398	T cells	FAM13A	-4.188315	-1.5748261	2.8103335007243102e-05	8.388203545309109e-05
3399	T cells	STEAP4	-4.3112726	-27.516241	1.623176447598599e-05	4.9910965971423525e-05
3400	T cells	PARVB	-4.3225083	-1.2382591	1.542654050737993e-05	4.774108325441788e-05
3401	T cells	DGKG	-4.3266225	-3.106949	1.5141310636889336e-05	4.710629975921126e-05
3402	T cells	ADM	-4.333269	-3.8026614	1.469114915380222e-05	4.58270329041682e-05
3403	T cells	LINC00278	-4.371881	-1.2130189	1.2318061597309592e-05	3.862944116916288e-05
3404	T cells	FAM110A	-4.419039	-1.1226804	9.914094351611902e-06	3.1510743128366475e-05
3405	T cells	PLEK	-4.4491053	-0.9349071	8.622866985415885e-06	2.770626113346743e-05
3406	T cells	OAS3	-4.457018	-1.7672517	8.31077055912485e-06	2.6924149249396213e-05
3407	T cells	TLN1	-4.5282288	-0.4116264	5.9480156296354275e-06	1.948430746643806e-05
3408	T cells	IL1B	-4.566841	-3.7657735	4.951292963263687e-06	1.6310141526045086e-05
3409	T cells	SBF2	-4.625076	-0.95949787	3.744614799720527e-06	1.2574827571793766e-05
3410	T cells	SLC40A1	-4.6369443	-2.0489686	3.535976900765306e-06	1.1914925029512893e-05
3411	T cells	BTG2	-4.704041	-0.82193094	2.55062156214646e-06	8.669164615850395e-06
3412	T cells	LMO4	-4.761801	-0.80786854	1.918729301592131e-06	6.617084043027407e-06
3413	T cells	CERS6	-4.7671814	-0.9209371	1.8682118934166013e-06	6.461815254876245e-06
3414	T cells	LIMS1	-4.828739	-0.7789824	1.374001805926218e-06	4.780550662039149e-06
3415	T cells	TMTC2	-4.847887	-1.9315981	1.2478337658649864e-06	4.367418180527453e-06
3416	T cells	ATG7	-4.879853	-0.6823198	1.0616497805147695e-06	3.7268660951802056e-06
3417	T cells	SIRPD	-4.9013743	-2.2631764	9.516844718716993e-07	3.360903720483839e-06
3418	T cells	JUN	-4.9727435	-0.5616942	6.601189737651518e-07	2.345316958150509e-06
3419	T cells	H1-0	-5.0001206	-3.102123	5.729452180494927e-07	2.0542182208115962e-06
3420	T cells	BCL11A	-5.00645	-2.798705	5.544297502829278e-07	1.9939124964303458e-06
3421	T cells	FRY	-5.089688	-1.2176152	3.5865306599041244e-07	1.3058080668876936e-06
3422	T cells	TRPS1	-5.0926948	-1.1945255	3.530098587000061e-07	1.2892533969913265e-06
3423	T cells	WDFY4	-5.2251472	-2.578939	1.7401662454721706e-07	6.517310524443543e-07
3424	T cells	IRF7	-5.277052	-1.5162816	1.312785689903705e-07	4.964102801693753e-07
3425	T cells	HBEGF	-5.3591824	-4.1175375	8.359954333875885e-08	3.212845194979752e-07
3426	T cells	ARHGAP24	-5.456662	-1.8913362	4.8516839329919765e-08	1.901860101732855e-07
3427	T cells	LRMDA	-5.610636	-1.8013989	2.0158424982423342e-08	8.036036535366052e-08
3428	T cells	WDFY2	-5.6277266	-1.0912133	1.8260004239159595e-08	7.328930029096138e-08
3429	T cells	SLC22A15	-5.701786	-2.1000063	1.1855847324613373e-08	4.841137657550461e-08
3430	T cells	TPTEP1--chr22:16601307(+)	-5.7104897	-3.5986269	1.1265151172607379e-08	4.6321041185266704e-08
3431	T cells	DENND1A	-5.7750545	-1.3611547	7.692822103015261e-09	3.19673455588196e-08
3432	T cells	NR4A1	-5.799899	-1.6613051	6.635481721437186e-09	2.767137058301465e-08
3433	T cells	PELI1	-5.8234777	-1.403917	5.763544006592606e-09	2.4120739330081514e-08
3434	T cells	NFKBIA	-5.894531	-0.9945251	3.757478351566034e-09	1.5837973266815968e-08
3435	T cells	UBE2E2	-5.919059	-1.6188855	3.2378901631294788e-09	1.3846395752146424e-08
3436	T cells	RPH3A	-5.957513	-4.369736	2.56105602977246e-09	1.1113660114436949e-08
3437	T cells	SIPA1L1	-5.973021	-1.2152662	2.3289989019075407e-09	1.0144084106086177e-08
3438	T cells	EXT1	-5.9977074	-2.1245472	2.001225739359502e-09	8.781498020473037e-09
3439	T cells	KIF13A	-5.9999228	-1.5242411	1.974111832660435e-09	8.694964476436972e-09
3440	T cells	MIR23AHG	-6.0190706	-1.2237078	1.7542113970883333e-09	7.755460913443158e-09
3441	T cells	ARHGAP26	-6.0611644	-1.0582669	1.3513960323861427e-09	5.9971386191928445e-09
3442	T cells	SPIDR	-6.0649624	-1.1091268	1.31984580213922e-09	5.879313118620162e-09
3443	T cells	CHN2	-6.2645116	-1.353368	3.739962023081695e-10	1.7180450543531537e-09
3444	T cells	HDAC9	-6.299642	-1.8252703	2.9833356910280876e-10	1.3922233224797742e-09
3445	T cells	SOX4	-6.3695874	-1.9818845	1.8953763991667167e-10	9.024140264858537e-10
3446	T cells	AOAH	-6.52277	-1.13831	6.902066882454768e-11	3.367979524384567e-10
3447	T cells	ACTN1	-6.603792	-1.2949941	4.0077096187836267e-11	1.9802800469283803e-10
3448	T cells	SLC49A4	-6.655539	-2.5499156	2.8226378779957232e-11	1.4185564720183635e-10
3449	T cells	ZFP36L1	-6.7314973	-0.89392745	1.6792588289718797e-11	8.633003220811061e-11
3450	T cells	HMGB2	-6.760773	-1.176377	1.3725743892575309e-11	7.142245494543613e-11
3451	T cells	TCF7L2	-6.8630004	-2.2997565	6.742906098615029e-12	3.571917825212286e-11
3452	T cells	MAML3	-7.0658727	-2.5825508	1.5960980474801465e-12	8.689867147391908e-12
3453	T cells	TEX14	-7.1462617	-1.4703311	8.917284518435113e-13	4.970012603639665e-12
3454	T cells	DIAPH2	-7.1480026	-1.4821501	8.804962890228658e-13	4.9307792185280485e-12
3455	T cells	CATIP	-7.212409	-6.254493	5.497055663161085e-13	3.1229649564625298e-12
3456	T cells	ZEB2	-7.498519	-1.3116686	6.454288566640824e-14	3.892432489420312e-13
3457	T cells	ENSG00000290039	-7.532542	-1.4908214	4.976188815313566e-14	3.0164938385612136e-13
3458	T cells	PADI4	-7.552481	-3.5423927	4.270434865351157e-14	2.602088809146612e-13
3459	T cells	CDKN1A	-7.6273317	-3.4348893	2.3966214537749005e-14	1.5071801228017554e-13
3460	T cells	ENSG00000302489	-8.061719	-1.7096597	7.522899224669307e-16	4.998265247576895e-15
3461	T cells	ZSWIM6	-8.111883	-1.7920752	4.984121281893143e-16	3.3685785215553658e-15
3462	T cells	GAB2	-8.151761	-1.6561421	3.5866162493000304e-16	2.4522445983586255e-15
3463	T cells	SLC8A1	-8.318237	-2.1500747	8.928147253559697e-17	6.212722585908996e-16
3464	T cells	MCL1	-8.378529	-0.976232	5.3593358885281576e-17	3.819744851460069e-16
3465	T cells	CMIP	-8.737907	-1.4414456	2.3746878174688854e-18	1.8494257439360327e-17
3466	T cells	DPYD	-8.745977	-1.5349658	2.2109293466065152e-18	1.7333686077395078e-17
3467	T cells	PID1	-8.784273	-3.2946255	1.5737860663405006e-18	1.2505219013624519e-17
3468	T cells	IER2	-8.850578	-1.2471755	8.706665953180958e-19	6.965332762544767e-18
3469	T cells	EGR1	-9.156786	-3.2561378	5.346595757781558e-20	4.427884937430361e-19
3470	T cells	FOSB	-9.190493	-1.7712722	3.910466356552272e-20	3.2847917395039083e-19
3471	T cells	ACSL1	-9.207583	-3.1681175	3.335500777570236e-20	2.8842271429577926e-19
3472	T cells	CD83	-9.35681	-2.244523	8.218053259914898e-21	7.266489198240541e-20
3473	T cells	IFITM3	-9.397321	-2.3482141	5.596998675138716e-21	5.0244812534069694e-20
3474	T cells	IL1RN	-9.424065	-5.5134306	4.339559500093855e-21	3.9256322862387485e-20
3475	T cells	APP	-9.504612	-2.1167824	2.007947377079611e-21	1.830500864686529e-20
3476	T cells	IRS2	-9.748629	-2.3716464	1.8697699082719255e-22	1.817230919113871e-21
3477	T cells	HLA-DQA1	-9.991854	-3.2817562	1.654581198042149e-23	1.621489574081306e-22
3478	T cells	NAMPT	-10.16814	-2.075993	2.751102662367438e-24	2.7652108811488096e-23
3479	T cells	F13A1	-10.325912	-5.5374246	5.380475226692018e-25	5.454688678094666e-24
3480	T cells	CYP1B1	-10.492229	-30.053606	9.378851810833941e-26	9.760645778354614e-25
3481	T cells	HMOX1	-10.609807	-4.088467	2.6830258887974984e-26	2.8425571578611334e-25
3482	T cells	IRF8	-10.903196	-2.7710915	1.112781263775636e-27	1.2582988136539884e-26
3483	T cells	ADGRE2	-11.326507	-3.1672583	9.699702525728299e-30	1.163964303087396e-28
3484	T cells	PELATON	-11.542196	-5.385326	8.083433285737431e-31	1.000643952002865e-29
3485	T cells	RBM47	-11.831155	-2.9680865	2.6940915415709113e-32	3.5202796143193243e-31
3486	T cells	HLA-DQB1	-11.954587	-2.817287	6.143799914775247e-33	8.210350795199648e-32
3487	T cells	SIGLEC10	-12.281683	-5.171812	1.136096394550804e-34	1.5718227764608773e-33
3488	T cells	POU2F2	-12.346248	-2.4586217	5.103671579541073e-35	7.231226238000364e-34
3489	T cells	MEGF9	-12.630934	-2.4619768	1.4257640641266683e-36	2.122403214446787e-35
3490	T cells	APOBEC3A	-12.743606	-4.9438586	3.3838829231864984e-37	5.168112100866652e-36
3491	T cells	S100A12	-12.911505	-6.3861423	3.876494220115897e-38	6.296424004375806e-37
3492	T cells	LYN	-12.963726	-2.4569328	1.9646638567180257e-38	3.3006352792862835e-37
3493	T cells	MAFB	-13.122923	-6.2917004	2.433652388166993e-39	4.2716047887826624e-38
3494	T cells	NRGN	-13.289873	-4.741115	2.6502820488550506e-40	5.026986595892805e-39
3495	T cells	PLXDC2	-13.326744	-2.9395626	1.6180616991045331e-40	3.171400930244885e-39
3496	T cells	PLAUR	-13.608898	-3.5259337	3.5454875561441644e-42	7.721284011158402e-41
3497	T cells	CCDC88A	-14.013061	-3.5108168	1.2969376844427673e-44	3.245103652988711e-43
3498	T cells	MS4A7	-14.194411	-5.099162	9.921671505720188e-46	2.651792202437941e-44
3499	T cells	HLA-DPB1	-14.322907	-3.447458	1.5739857165237345e-46	4.4071600062664565e-45
3500	T cells	CEBPD	-14.342372	-2.9759426	1.1892115809968102e-46	3.4110068762249974e-45
3501	T cells	RGS18	-14.609176	-5.4970684	2.4547087814325228e-48	7.216843817411616e-47
3502	T cells	MARCKS	-15.010489	-5.9714212	6.268385527469022e-51	1.9399003632377815e-49
3503	T cells	CD14	-15.102272	-5.4447336	1.5644816751819812e-51	4.972514729767594e-50
3504	T cells	CSF3R	-15.469088	-3.870107	5.609622807468706e-54	1.940269535759764e-52
3505	T cells	CD36	-15.566252	-4.57974	1.2343227414775494e-54	4.398677405992722e-53
3506	T cells	PLBD1	-15.731302	-5.7540784	9.229260292574284e-56	3.3917531575210496e-54
3507	T cells	PECAM1	-15.74143	-3.3807278	7.864554013225428e-56	2.983456619210678e-54
3508	T cells	MS4A6A	-15.765009	-5.4871917	5.4164443587626505e-56	2.123246188634959e-54
3509	T cells	RGS2	-15.831157	-3.8322575	1.8970269001132807e-56	7.692771153562821e-55
3510	T cells	HLA-DPA1	-15.969464	-3.7152555	2.0857077525973812e-57	9.084415989090816e-56
3511	T cells	VCAN	-16.057766	-4.9081125	5.043966500508238e-58	2.4715435852490366e-56
3512	T cells	C5AR1	-16.208258	-5.8250837	4.408881785585011e-59	2.254280426020858e-57
3513	T cells	S100A8	-16.274246	-5.820799	1.5035762534995113e-59	8.037298518706478e-58
3514	T cells	FOS	-16.818298	-3.861534	1.7923090634677933e-63	1.109344978230592e-61
3515	T cells	LST1	-16.823362	-4.6832957	1.6454713991516984e-63	1.0750413141124429e-61
3516	T cells	S100A9	-16.85438	-5.984271	9.742546228572295e-64	6.739549626353541e-62
3517	T cells	DUSP6	-16.866089	-5.0249424	7.991473182896907e-64	5.873732789429227e-62
3518	T cells	RHOB	-17.142704	-4.4921594	7.125739933457638e-66	6.983225134788485e-64
3519	T cells	CPVL	-17.550982	-6.116675	5.846120758658089e-69	6.875038012181912e-67
3520	T cells	MNDA	-17.667135	-5.573479	7.511709210597064e-70	9.815300035180165e-68
3521	T cells	FCN1	-17.741194	-5.3096623	2.0160608527368953e-70	2.9636094535232364e-68
3522	T cells	LYZ	-18.076677	-6.2471633	4.865356022131918e-73	8.173798117181622e-71
3523	T cells	HLA-DRB1	-18.14235	-4.545366	1.4758595790444294e-73	2.892684774927082e-71
3524	T cells	AIF1	-18.349178	-5.32038	3.3514724407775433e-75	7.882663180708781e-73
3525	T cells	CST3	-18.59889	-5.5521097	3.2802495132162574e-77	1.285857809180773e-74
3526	T cells	HLA-DRA	-18.639719	-5.955253	1.530442429938498e-77	8.999001488038369e-75
3527	T cells	CD74	-18.66852	-3.7649827	8.929419813870061e-78	8.999001488038369e-75
3528	CD14-	FCGR3A	17.426819	6.084852	5.1640440112393594e-68	6.0729157572174866e-65
3529	CD14-	CDKN1C	17.203356	7.3963094	2.505877674932018e-66	1.4734560728600267e-63
3530	CD14-	PELATON	16.975124	3.788496	1.2548713365170814e-64	4.91909563914696e-62
3531	CD14-	LST1	16.889963	2.3749638	5.3335600202458366e-64	1.568066645952276e-61
3532	CD14-	TCF7L2	16.641634	4.2230773	3.479870310152869e-62	8.184654969479548e-60
3533	CD14-	SIGLEC10	16.58594	3.2895796	8.807752781752788e-62	1.7263195452235465e-59
3534	CD14-	MS4A7	16.216852	3.4931645	3.8334515591242196e-59	5.841970494886498e-57
3535	CD14-	IFITM2	16.214638	2.317252	3.9741295883581618e-59	5.841970494886498e-57
3536	CD14-	MTSS1	15.491792	3.7772307	3.94148884704938e-54	5.1502120934778566e-52
3537	CD14-	AIF1	15.444272	1.6294037	8.245298324230684e-54	9.696470829295283e-52
3538	CD14-	LYN	15.420768	1.896014	1.1868477831006203e-53	1.2688481753875722e-51
3539	CD14-	PECAM1	15.28417	1.9455646	9.749759264812729e-53	9.554764079516475e-51
3540	CD14-	SPN	15.213145	2.5971723	2.8930165664654913e-52	2.61706729397186e-50
3541	CD14-	FAM110A	14.701159	3.079736	6.336660994732692e-49	5.322795235575461e-47
3542	CD14-	HMOX1	14.368349	2.6725626	8.175672944420675e-47	6.409727588425809e-45
3543	CD14-	CHST2	14.180143	4.135872	1.2159735524295157e-45	8.937405610356941e-44
3544	CD14-	IFITM3	13.829792	2.5854526	1.6850781141622849e-43	1.165677566032263e-41
3545	CD14-	ADGRE2	13.619274	2.3431773	3.076108559148382e-42	1.903949297662367e-40
3546	CD14-	POU2F2	13.051421	1.7610866	6.237311815738096e-39	3.6675393476539998e-37
3547	CD14-	NR4A1	11.397085	2.409791	4.323539925947223e-30	1.6401557912625593e-28
3548	CD14-	INSIG1	10.911327	2.7377372	1.0175975252833409e-27	3.519690263921202e-26
3549	CD14-	CX3CR1	10.800278	1.9066391	3.4316542640877056e-27	1.153035832733469e-25
3550	CD14-	SFMBT2	10.703194	3.0855672	9.832937129106735e-27	3.2120927955082003e-25
3551	CD14-	UICLM	10.446008	4.7715054	1.5282324707634556e-25	4.729477330573221e-24
3552	CD14-	PAG1	10.34671	1.956005	4.331126941127672e-25	1.3060013545554211e-23
3553	CD14-	EVL	10.259505	1.800712	1.0725451077236337e-24	3.153282616707483e-23
3554	CD14-	SVIL	10.235661	2.3834596	1.3725539084889059e-24	3.93688633264135e-23
3555	CD14-	MARCKSL1	10.227315	2.4094572	1.4961028319484692e-24	4.189087929455714e-23
3556	CD14-	DUSP5	9.953778	2.7981424	2.4278751509721115e-23	6.344847061207118e-22
3557	CD14-	UTRN	9.721458	1.3751682	2.4425645057389533e-22	6.111608210104274e-21
3558	CD14-	SNED1	9.533764	2.9879632	1.5168123946758858e-21	3.640349747222126e-20
3559	CD14-	RDUR	9.412495	4.3445415	4.8449661691947025e-21	1.1171921990143078e-19
3560	CD14-	CASP5	9.335169	4.1733103	1.0083027061664248e-20	2.280315350868684e-19
3561	CD14-	GNG2	9.205214	1.3366861	3.4099286343443094e-20	7.566181271677184e-19
3562	CD14-	CYFIP2	9.163144	1.7857505	5.040690418088055e-20	1.097750357716954e-18
3563	CD14-	UBASH3B	8.972895	2.6680353	2.8882277587897544e-19	6.175556080612274e-18
3564	CD14-	RUNX3	8.850944	1.45876	8.678206643419983e-19	1.790451054852965e-17
3565	CD14-	ARAP2	8.572297	1.654728	1.0144059644753061e-17	2.0567955417637242e-16
3566	CD14-	MAFB	8.566847	1.50058	1.0635684008449518e-17	2.1199261684638362e-16
3567	CD14-	ENSG00000308356	8.556798	5.1420145	1.1604536263265808e-17	2.274489107600098e-16
3568	CD14-	RABGAP1L	8.229099	1.3066021	1.8862675756855286e-16	3.5210328079463204e-15
3569	CD14-	TPTEP1--chr22:16601307(+)	7.9770226	2.085742	1.4990520604183138e-15	2.671038216745359e-14
3570	CD14-	HEG1	7.8353148	2.63651	4.6766880630728154e-15	8.087919356137693e-14
3571	CD14-	HLA-DPA1	7.8095965	1.2194127	5.737140687743277e-15	9.778083259110281e-14
3572	CD14-	PHTF2	7.6465983	1.9261184	2.063655493458032e-14	3.4181110708544305e-13
3573	CD14-	PPM1N	7.591414	4.806812	3.1643283499944783e-14	5.168402971657648e-13
3574	CD14-	SH2D1B	7.536911	2.7644975	4.8123397646475174e-14	7.752481593459562e-13
3575	CD14-	FMNL2	7.434548	2.8139715	1.0492633692251073e-13	1.6452449629449682e-12
3576	CD14-	HES1	7.4159827	6.709299	1.2072630347258276e-13	1.8680806958389122e-12
3577	CD14-	IFIT2	7.2005258	1.9742186	5.998092049500019e-13	9.043277243861566e-12
3578	CD14-	XYLT1	7.13955	1.6352243	9.363673154045965e-13	1.393883497361779e-11
3579	CD14-	RAP1GAP2	7.040593	1.3875695	1.9142291853687227e-12	2.813916902492022e-11
3580	CD14-	MARCKS	6.8241143	1.156849	8.846942186778928e-12	1.253494459235183e-10
3581	CD14-	SETBP1	6.7295856	2.5393102	1.7014686147800084e-11	2.326659408117779e-10
3582	CD14-	C5AR1	6.6447654	1.1779718	3.0370036750012386e-11	4.0585412747743827e-10
3583	CD14-	DUSP6	6.6342053	1.1534034	3.2625510466774414e-11	4.3109663268456977e-10
3584	CD14-	MT2A	6.315704	1.1257966	2.689349709814166e-10	3.4376904986320204e-09
3585	CD14-	EML4	6.2657995	1.2325956	3.7091768470498875e-10	4.640416991628369e-09
3586	CD14-	ITGB1	6.228669	0.7363349	4.704138710385081e-10	5.8232285509609e-09
3587	CD14-	PRR5L	5.870823	1.9415406	4.336369388928603e-09	5.099570401380037e-08
3588	CD14-	ENSG00000291236	5.862307	2.3918943	4.564801832153892e-09	5.315056390705918e-08
3589	CD14-	ARHGEF18	5.746488	1.0645213	9.111603647701923e-09	1.0403151349220837e-07
3590	CD14-	LIMS1	5.720429	0.8622092	1.0625550613289554e-08	1.2015045693488957e-07
3591	CD14-	ST6GAL1	5.6495748	1.1648554	1.6084501051957872e-08	1.7844691733115526e-07
3592	CD14-	RGS18	5.6180654	0.8351061	1.9310735507931074e-08	2.102724533085828e-07
3593	CD14-	ABCC3	5.607165	2.0862272	2.056677478861504e-08	2.2189474450836042e-07
3594	CD14-	SSH2	5.603077	0.92059416	2.1057946260222473e-08	2.2512858910928752e-07
3595	CD14-	CYP4F22	5.563392	6.0306473	2.645804168170532e-08	2.8031222538455367e-07
3596	CD14-	GBP1	5.321535	1.2861619	1.028952242494774e-07	1.0614454712051353e-06
3597	CD14-	TLN1	5.318299	0.4460705	1.0474182335989614e-07	1.071098993662938e-06
3598	CD14-	IFIT3	5.1103363	1.5854053	3.215862199067613e-07	3.099880283691404e-06
3599	CD14-	LTB	5.0941553	0.5986436	3.502991495489434e-07	3.3492016249557513e-06
3600	CD14-	SLC16A7	5.0699697	1.2350984	3.9787880687736744e-07	3.773431265224065e-06
3601	CD14-	GBP4	5.061113	1.0701137	4.168159061754653e-07	3.921404045298778e-06
3602	CD14-	HERC2P3--chr15:20370222(-)	5.0570254	3.7439582	4.25846643021109e-07	3.943272851912001e-06
3603	CD14-	PTPN13	5.0491905	3.6800141	4.436860134040163e-07	4.0763652481494e-06
3604	CD14-	IFITM1	5.0185328	0.6736898	5.206765322877201e-07	4.746632573413635e-06
3605	CD14-	MED13L	4.926048	0.74491173	8.390944979144275e-07	7.532634576697457e-06
3606	CD14-	NOL4L	4.923493	1.5386387	8.501290139409116e-07	7.573876669655395e-06
3607	CD14-	NAMPT	4.910889	0.759649	9.06642983570048e-07	8.016632696829897e-06
3608	CD14-	SLAMF7	4.8974338	1.1891956	9.709632860703562e-07	8.5212897344682e-06
3609	CD14-	PPM1L	4.843442	1.2918425	1.2760912295764061e-06	1.1034435926337159e-05
3610	CD14-	IL3RA--chrX:1335025(+)	4.8047786	2.8027894	1.5492274174373925e-06	1.3107132682779665e-05
3611	CD14-	CMAHP--chr6:25061611(-)	4.675845	1.0815086	2.927455151622227e-06	2.424427646695591e-05
3612	CD14-	CAMK1D	4.5918765	0.9041727	4.392784189844333e-06	3.562699453280646e-05
3613	CD14-	PLD4	4.349849	1.3687427	1.362312276448662e-05	0.0001082485971015964
3614	CD14-	PDE8A	4.3382673	1.2816288	1.4361046508243203e-05	0.00011334624626640273
3615	CD14-	SAMD9L	4.3113565	0.8462788	1.622561363071087e-05	0.00012636636840871512
3616	CD14-	SLC8A1	4.2669024	0.7375759	1.9820581972856218e-05	0.00015257913067389644
3617	CD14-	LINC02384	4.1119094	1.6233673	3.9240006045433e-05	0.00029771772328664
3618	CD14-	VCL	4.0902786	0.6569726	4.308552067843286e-05	0.0003247985404989554
3619	CD14-	CD83	3.9366484	0.66963774	8.262753905585135e-05	0.0005961348830041791
3620	CD14-	PIP4K2A	3.8990073	0.48032224	9.658788131796083e-05	0.0006842611351200118
3621	CD14-	SASH1	3.853361	1.2749493	0.00011650741451335966	0.0008107261506965146
3622	CD14-	MACF1	3.8407571	0.5307423	0.00012265539084893362	0.0008484867037549761
3623	CD14-	VOPP1	3.811462	0.6288047	0.0001381473871323557	0.0009500662413312882
3624	CD14-	FAM117B	3.5593855	0.98152995	0.0003717235086147162	0.002428593589616146
3625	CD14-	APOBEC3A	3.4115462	0.7430211	0.0006459555700185353	0.00408410618463332
3626	CD14-	ZEB2	3.2543392	0.4763392	0.001136565069064589	0.006866591254568848
3627	CD14-	PCCA	3.2517843	1.3703073	0.0011468301291130694	0.006866591254568848
3628	CD14-	ENSG00000291143	3.2509327	0.4749383	0.0011502708139031147	0.006866591254568848
3629	CD14-	ANKRD44	3.2344115	0.47047997	0.0012189369683437016	0.0072397468422838035
3630	CD14-	MSR1	3.1991549	1.6600761	0.001378311064497338	0.008104469059244347
3631	CD14-	RHOB	3.1966	0.75232655	0.0013905759579932182	0.00813590709751256
3632	CD14-	FOXO1	3.183315	0.78158873	0.0014559915278633357	0.008476465528550905
3633	CD14-	SIPA1L1	3.1518054	0.64760494	0.0016226437531010602	0.009354063988464936
3634	CD14-	ISG15	3.0087352	0.8163408	0.002623377711758122	0.014552321646356375
3635	CD14-	H2AC6	2.9855714	1.0142614	0.0028304914575657883	0.015554476421015734
3636	CD14-	SESN3	2.936178	0.7811501	0.0033228362737245725	0.017843175606849757
3637	CD14-	PITPNC1	2.9194865	0.62223125	0.00350608659216977	0.018741626510871134
3638	CD14-	TNF	2.802816	1.5136378	0.0050658565285038966	0.02659574677464546
3639	CD14-	ENSG00000232053	2.742011	1.4708911	0.006106428060723499	0.03191626399738149
3640	CD14-	NKG7	2.712886	-0.06337002	0.006670003758447674	0.034403177280414324
3641	CD14-	LINC01182	2.6948318	2.1689525	0.007042414152194684	0.03600816975209108
3642	CD14-	OAS3	2.6394773	0.61506814	0.008303397245587919	0.041729893849621336
3643	CD14-	GUCY1A1	2.6117148	2.3448532	0.009008935059034275	0.0450830111890396
3644	CD14-	SLC9A9	2.548866	0.7529495	0.010807377552953025	0.052736414947189864
3645	CD14-	PLAC8	2.4822702	0.39069328	0.01305482049209128	0.0627530590356152
3646	CD14-	USP32	2.4817593	0.66201043	0.013073553965753168	0.0627530590356152
3647	CD14-	FRY	2.4538267	0.49615908	0.014134513791108173	0.0670249524933194
3648	CD14-	CCM2	2.451442	0.76891285	0.014228509525133723	0.06719970763677613
3649	CD14-	GPR155	2.3775225	0.6117079	0.017429385407186745	0.08006623921426412
3650	CD14-	LDLRAD4	2.3272774	0.56537986	0.019950503780201665	0.09093718002138433
3651	CD14-	DBF4	2.3214865	0.90689045	0.020260602067714777	0.09199408506421845
3652	CD14-	CENPE	2.313311	2.320032	0.020705543668254865	0.09293786012926611
3653	CD14-	P2RY10	2.2353036	1.5109105	0.025397420474660287	0.11103110214944423
3654	CD14-	IRF1	2.2295127	0.34834406	0.025779810593081574	0.11187105999064181
3655	CD14-	PTBP2	2.2266173	1.0898986	0.025972865831238017	0.11229444932917614
3656	CD14-	TASOR2	2.1906793	0.60369253	0.028475005651449562	0.12132828494965466
3657	CD14-	SBF2	2.1523569	0.53780204	0.03136925375342184	0.1312820014733953
3658	CD14-	MIR181A1HG	2.146566	0.61212516	0.031827850698818785	0.13272890929720174
3659	CD14-	MAF	2.1118202	0.44531095	0.034701863055051185	0.1431908454482112
3660	CD14-	KIFAP3	2.0522077	0.8602131	0.04014948260010316	0.16281307426800454
3661	CD14-	ARHGAP21	2.0482903	0.89599246	0.04053156420121935	0.16379766151420605
3662	CD14-	SMC2	2.019506	0.7705209	0.043434664935207534	0.17212382000679163
3663	CD14-	ADK	2.0014517	0.5116066	0.04534372486193084	0.17834187437334673
3664	CD14-	LINC00278	1.9638107	0.5870453	0.049552053352366184	0.1925510244065803
3665	CD14-	ID2	1.9632998	0.30192283	0.04961136088026686	0.1925510244065803
3666	CD14-	LMO4	1.9220818	0.34024286	0.05459546413604687	0.20778079554689685
3667	CD14-	DOCK10	1.8965335	0.30969095	0.05788952941716979	0.21543698289427743
3668	CD14-	UST	1.8885285	1.7313651	0.058955047198421	0.21871020664146087
3669	CD14-	MSH6	1.875073	0.7785289	0.060782682956650326	0.22337635986568993
3670	CD14-	WDFY2	1.855997	0.24650021	0.06345399361079006	0.23013341127617423
3671	CD14-	CNST	1.8420305	0.43207517	0.06547068067298065	0.23617644316388112
3672	CD14-	RNF11	1.8355583	0.4836057	0.06642300552931496	0.23833161029465597
3673	CD14-	SLFN5	1.8294268	0.06636832	0.06733570493134072	0.23995996666441424
3674	CD14-	NFAT5	1.8042191	0.38944656	0.07119696484364005	0.25143432629465673
3675	CD14-	DLEU2	1.7907637	0.29369912	0.07333122516823114	0.25589768782741784
3676	CD14-	HLA-DPB1	1.7679405	0.29924226	0.07707084118395167	0.2657926956959741
3677	CD14-	TSPOAP1-AS1	1.7597651	0.3950563	0.07844764066633562	0.26965743841680717
3678	CD14-	NAV1	1.745969	1.0315404	0.08081633101511629	0.2723209320165523
3679	CD14-	SMURF1	1.7139485	0.62517554	0.08653817707181412	0.28758669751782434
3680	CD14-	GPR174	1.6826093	1.225746	0.09245074535529937	0.30284700985468543
3681	CD14-	HLA-DQA1	1.6737525	0.014546559	0.09417923347210214	0.3049210688449241
3682	CD14-	CCDC26	1.662852	2.1249757	0.09634206608538401	0.3089332443030852
3683	CD14-	HLCS	1.6606379	1.0016009	0.09678621062604763	0.3090110443995893
3684	CD14-	CHN2	1.6388366	0.2763922	0.1012472912815005	0.31598629769073155
3685	CD14-	IFIT1	1.6376444	1.2217453	0.10149590309329921	0.31598629769073155
3686	CD14-	SIK3	1.6373037	0.19822793	0.10156702425773516	0.31598629769073155
3687	CD14-	GBP5	1.6287876	0.07025726	0.10335798476131884	0.32053605866885676
3688	CD14-	LPP	1.6277657	0.45452434	0.10357457678075305	0.32053605866885676
3689	CD14-	LINC01215	1.6202716	1.0761065	0.10517396044578847	0.32209525386522725
3690	CD14-	TCF12	1.5872291	0.3328691	0.11246076587287626	0.33998421765167736
3691	CD14-	IRF7	1.578713	0.25883314	0.11440189918983619	0.3440834615019114
3692	CD14-	XAF1	1.5487363	0.23438545	0.12144510729845436	0.35728952626205024
3693	CD14-	TANGO6	1.5436267	0.7691151	0.12267878946393514	0.3597762005226626
3694	CD14-	ITFG1	1.5391984	0.40868464	0.12375588110196459	0.3611337870369984
3695	CD14-	ENDOD1	1.5357919	1.1400081	0.1245894244350254	0.36266624538512343
3696	CD14-	FBXO22	1.5289791	0.8150773	0.12626964076793235	0.3666496235631813
3697	CD14-	CDK6	1.4925301	0.5045769	0.13556021509972757	0.3860019684195633
3698	CD14-	TLR10	1.4652786	1.235939	0.14284490243027684	0.4009202989451207
3699	CD14-	DHRS7B	1.4620426	0.3061743	0.143729547638019	0.4024427333864532
3700	CD14-	FARS2	1.4581251	0.6396197	0.14480604826066726	0.40432074928958195
3701	CD14-	TTC27	1.4458619	0.80027556	0.14821591602182363	0.4110894274567561
3702	CD14-	MICU2	1.4187808	0.25490242	0.15596292746860843	0.4255508183366207
3703	CD14-	GMDS-DT	1.4170775	0.46272177	0.1564602416541353	0.4259195467251461
3704	CD14-	ZNF654	1.4112867	0.5099117	0.15816010776932454	0.42955262525802695
3705	CD14-	DTNBP1	1.4049847	0.48946884	0.16002581384765946	0.4334436521859722
3706	CD14-	MGLL	1.3685359	1.4369094	0.17114440003717024	0.45535252136586474
3707	CD14-	BDP1	1.36547	0.28352267	0.1721053495932623	0.4564136548342467
3708	CD14-	KLF12	1.3607011	0.29760355	0.17360817552458652	0.4587937402627275
3709	CD14-	H1-0	1.357976	0.35481772	0.1744713240681146	0.45901180560201965
3710	CD14-	TPM1	1.3269774	0.60301304	0.1845161749915415	0.47585750392555437
3711	CD14-	FAF1	1.3181206	0.17430553	0.1874632742182447	0.48240002293360124
3712	CD14-	SNX25	1.30722	1.4949402	0.19113799846704793	0.48758847331290317
3713	CD14-	CEP162	1.2765621	0.52351546	0.2017568929492387	0.5037496944974623
3714	CD14-	NT5C3A	1.2751995	0.31198534	0.20223863271871922	0.5038826950788428
3715	CD14-	GUSBP1--chr5:21341811(+)	1.2625957	0.6430622	0.20673451385634245	0.512910945770166
3716	CD14-	KIAA0586	1.2298939	0.2545561	0.21873683514897246	0.5314762771388256
3717	CD14-	DGKG	1.2196746	0.41258794	0.22258825401123028	0.5332834683318916
3718	CD14-	HDX	1.2166088	0.960745	0.22375309018708178	0.5332834683318916
3719	CD14-	FLT3LG	1.2094553	0.17251283	0.2264879778495016	0.5348390802229194
3720	CD14-	UMAD1	1.2051972	0.3872308	0.22812716573191194	0.5364105119192318
3721	CD14-	KCNQ1OT1	1.2041754	1.5061202	0.22852182523089726	0.5364105119192318
3722	CD14-	SMC4	1.1883354	0.20391896	0.2347013024927075	0.5443959205748008
3723	CD14-	DLG2	1.1856103	0.6902855	0.23577625849957307	0.5446843854617673
3724	CD14-	ENOX2	1.1789677	0.44192088	0.2384110443282602	0.5446843854617673
3725	CD14-	KAT6B	1.175391	0.21289589	0.23983835239485318	0.5446843854617673
3726	CD14-	MED27	1.1435407	0.41478246	0.2528141483590798	0.561274891366666
3727	CD14-	ACRBP	1.1432002	0.70090115	0.25295552076899064	0.561274891366666
3728	CD14-	LINC01473	1.138942	1.1645286	0.2547273235786617	0.5640242725523295
3729	CD14-	RAP2C-AS1	1.1379201	0.6397496	0.25515383758319665	0.5640242725523295
3730	CD14-	H2BC5	1.1195253	0.24493402	0.26291607551754137	0.5733639064642622
3731	CD14-	HIVEP1	1.1110092	0.3177417	0.26656435710025483	0.5748054963076841
3732	CD14-	ZNF407	1.1047074	0.5056695	0.26928641009328436	0.5748054963076841
3733	CD14-	GFOD1	1.1047074	0.2568143	0.26928641009328436	0.5748054963076841
3734	CD14-	ELP4	1.070132	0.47875458	0.28455988069656646	0.5904194744926338
3735	CD14-	VTI1A	1.0684289	0.25362882	0.285327123402382	0.5904194744926338
3736	CD14-	SLC25A33	1.0675772	0.45587954	0.28571126878844366	0.5904194744926338
3737	CD14-	GK5	1.0345348	0.3201114	0.3008862285561643	0.6033217397642712
3738	CD14-	AGO3	1.0267	0.20491938	0.3045617631302151	0.6050078267586705
3739	CD14-	STAG1	1.0147774	0.2600796	0.3102119287042353	0.61415694975788
3740	CD14-	PDSS2	1.0072833	0.06094926	0.3137986611367394	0.6168757356145411
3741	CD14-	XRCC4	1.0064317	0.24433821	0.3142079639737331	0.6168757356145411
3742	CD14-	LINC02328	0.99076205	0.6097365	0.32180177675479993	0.6244866162766415
3743	CD14-	PELI1	0.9848008	0.2352915	0.3247219269710847	0.6260212887180256
3744	CD14-	TBC1D5	0.97083443	0.20794038	0.33163074360008693	0.6310643276273499
3745	CD14-	BIRC3	0.962148	0.12484823	0.33597526635210173	0.6352201177332342
3746	CD14-	CRTAM	0.95806026	0.70230216	0.3380323657119998	0.6380835667372581
3747	CD14-	GDAP1	0.9551648	0.6175635	0.33949436175218306	0.639816297148345
3748	CD14-	SP140	0.94596744	0.05912871	0.34416520139857654	0.6444877019820477
3749	CD14-	CDKAL1	0.94477516	0.100760326	0.34477366986489666	0.6446006927839721
3750	CD14-	RUFY1	0.9434126	0.14202057	0.3454699021126423	0.6448771506102656
3751	CD14-	EXT1	0.9308088	0.19793119	0.35195248599152773	0.6538643341643549
3752	CD14-	VWA8	0.92672104	0.097618766	0.3540713809554672	0.6557290456750069
3753	CD14-	CDK17	0.922974	0.117061526	0.35602076610700784	0.6572691066590914
3754	CD14-	AKT3	0.92110044	0.23739018	0.3569979915117435	0.658040184980894
3755	CD14-	FOXP1	0.9190566	0.13628885	0.3580659805820493	0.6589758891463067
3756	CD14-	CENPP	0.91054046	1.2828398	0.3625375410692169	0.6620250749959612
3757	CD14-	RSAD2	0.8831187	0.69398767	0.3771721573511142	0.6771823771678019
3758	CD14-	FLNB	0.8739213	0.82052433	0.3821611183757144	0.6812722457356334
3759	CD14-	PPP1R16B	0.86676776	0.015666928	0.38606926171037137	0.6839474686114818
3760	CD14-	KPNA5	0.8643833	0.21600474	0.3873773802699104	0.6839474686114818
3761	CD14-	METTL15	0.84581816	0.6122583	0.39765417593493846	0.6907552598219906
3762	CD14-	EXOC6B	0.8323628	0.34968132	0.4052042118310272	0.6976869006051069
3763	CD14-	LCORL	0.8131164	0.26916346	0.41615132445513014	0.7123638392419696
3764	CD14-	H2BC4	0.79863906	0.53167796	0.4244997407577955	0.7154852932840803
3765	CD14-	MTMR1	0.7982984	-0.032873996	0.4246973456257258	0.7154852932840803
3766	CD14-	ODF2L	0.7746237	0.26440227	0.4385620680384198	0.7282425949808188
3767	CD14-	HERC5	0.7734314	0.15276417	0.43926710427477034	0.7282425949808188
3768	CD14-	RAPGEF6	0.75878376	0.035935577	0.4479819354561839	0.7388874559557815
3769	CD14-	STXBP5	0.7519709	0.20759656	0.45206858030738395	0.7428402149772312
3770	CD14-	PNISR-AS1	0.7420922	0.22491598	0.45803147632701313	0.7491585760230424
3771	CD14-	SESN1	0.7296587	0.20745666	0.4655988287549139	0.757661384317098
3772	CD14-	AIM2	0.72233486	0.5225498	0.4700886213386952	0.7593739267778923
3773	CD14-	SEMA6A-AS1	0.7124562	1.0427225	0.4761823245316683	0.763441233678048
3774	CD14-	BCAS3	0.705473	0.25774044	0.4805159252242016	0.763441233678048
3775	CD14-	PIK3IP1-DT	0.700704	0.87155455	0.483487762654105	0.7646899210995831
3776	CD14-	LINC00662	0.67089766	0.35088065	0.5022857176573399	0.7813333385780842
3777	CD14-	NRF1	0.66442543	0.057306703	0.506418051432888	0.786720777391118
3778	CD14-	ANKH	0.6618706	0.22955196	0.5080541434896527	0.788221204147535
3779	CD14-	XRRA1	0.65284353	0.021620044	0.5138571371169784	0.7951263069073244
3780	CD14-	SSX2IP	0.6473933	0.5528306	0.5173774551177471	0.7953182096574409
3781	CD14-	TASP1	0.63717395	0.4045763	0.5240115417722235	0.8003085365248505
3782	CD14-	ARHGEF12	0.6341082	0.37294745	0.5260102375590652	0.8019572367976642
3783	CD14-	UBE2E2	0.63342685	0.14758885	0.5264549207549292	0.8019572367976642
3784	CD14-	SPDL1	0.62627333	0.33321783	0.53113565909178	0.8059555291508815
3785	CD14-	RALGPS2	0.6174166	0.20986642	0.5369599614897418	0.8116515613263963
3786	CD14-	AP4E1	0.59169805	0.45409068	0.5540528189564986	0.8237245449972722
3787	CD14-	MCU	0.58795094	0.1221348	0.5565652195890056	0.8251577800777994
3788	CD14-	FAM241A	0.58743995	0.041726496	0.5569082495164723	0.8251577800777994
3789	CD14-	PTGS1	0.58641803	0.2986886	0.5575946182522493	0.8251577800777994
3790	CD14-	GPRIN3	0.5831819	-0.13576956	0.5597708314264642	0.826998112760706
3791	CD14-	NEK7	0.57858324	0.1677731	0.5628704129316602	0.8304865755652199
3792	CD14-	NARS2	0.5727923	0.5087809	0.5667853313744533	0.8331744371204464
3793	CD14-	LINC01278	0.57074845	0.42614403	0.5681701774087577	0.8341674514765283
3794	CD14-	TSEN54	0.5664904	0.04056774	0.5710604603639335	0.8363226667347271
3795	CD14-	ZRANB3	0.5637652	0.38171577	0.5729139068996185	0.8369524900794427
3796	CD14-	IFT88	0.5612104	0.19446607	0.5746541013285744	0.8372012775660219
3797	CD14-	FBXL17	0.5581446	0.23986566	0.5767456298274533	0.8373492107124506
3798	CD14-	DIS3L2	0.5554195	0.09803132	0.5786077737972325	0.8374398140781324
3799	CD14-	MAP4K3	0.55201304	0.19141474	0.5809394192105228	0.8382282064348188
3800	CD14-	CLYBL	0.5486066	0.69999236	0.5832754531643148	0.8385475952582325
3801	CD14-	ARID5B	0.5327667	-0.059657946	0.5941951061057411	0.8457883338051638
3802	CD14-	ARB2A	0.5283383	0.026423177	0.5972645490446726	0.8479779895441755
3803	CD14-	PF4	0.51931125	0.3652227	0.6035437099914538	0.8479779895441755
3804	CD14-	PRKN	0.51931125	0.35240543	0.6035437099914538	0.8479779895441755
3805	CD14-	FAM66A	0.5140313	0.64945227	0.6072301265739358	0.8502888946304719
3806	CD14-	ARHGAP15	0.50108683	0.014727174	0.6163100265744026	0.8551822313382375
3807	CD14-	MMD	0.49955392	0.37986907	0.6173892129304113	0.8551822313382375
3808	CD14-	CMSS1	0.48746106	0.4175552	0.6259316262548613	0.8583740118775944
3809	CD14-	PPP3CC	0.4808185	0.12762406	0.6306454889769155	0.8583740118775944
3810	CD14-	METTL25	0.4797966	0.08585002	0.631372041049421	0.8583740118775944
3811	CD14-	ARID2	0.478434	0.07297891	0.6323413313355356	0.8586990827374017
3812	CD14-	TRAF4	0.47093984	0.39240834	0.6376836891474759	0.8590492125718663
3813	CD14-	PLCL1	0.46787405	-0.019755965	0.6398746564163714	0.8590492125718663
3814	CD14-	ZSWIM6	0.4627644	0.15488142	0.6435332494250904	0.8590492125718663
3815	CD14-	SLC38A9	0.4603799	0.47711718	0.6452435614620915	0.8590492125718663
3816	CD14-	KLHL20	0.45918766	0.09728397	0.6460994224251977	0.8590492125718663
3817	CD14-	ZBTB20	0.458847	0.19679576	0.6463440402558533	0.8590492125718663
3818	CD14-	ENSG00000293268	0.44743544	0.1348031	0.6545606931727341	0.8629634250797482
3819	CD14-	SP4	0.44130385	-0.11814047	0.6589930373494989	0.8639641158561993
3820	CD14-	ZSCAN5A	0.4378974	0.18651958	0.661460648748776	0.8646555546543682
3821	CD14-	GAS2L3	0.43721613	0.204547	0.6619546138024834	0.8646555546543682
3822	CD14-	CDKN1A	0.4368755	0.123980224	0.6622016515256238	0.8646555546543682
3823	CD14-	SIMC1	0.43108454	0.2180619	0.6664068991403205	0.8669187095011249
3824	CD14-	HMGA1P4	0.41371173	0.26918286	0.6790852452140108	0.8776019578833648
3825	CD14-	IGF1R	0.4097943	0.25631806	0.6819568370572906	0.8776019578833648
3826	CD14-	RFX7	0.40230015	-0.1126349	0.6874631410402795	0.8784433245716642
3827	CD14-	SEMA3C	0.40161887	0.31405908	0.6879645424579105	0.8784433245716642
3828	CD14-	RAB28	0.40042663	0.3674287	0.6888423249855802	0.8786101672267269
3829	CD14-	DPH6	0.39633888	-0.03384361	0.6918550408401986	0.8805427792511619
3830	CD14-	CCDC30	0.38918537	0.32695758	0.6971390223221894	0.8853515013508582
3831	CD14-	ENSG00000289424	0.38816345	-0.14592056	0.6978950847330074	0.8853555767486697
3832	CD14-	RRAGC-DT	0.38509765	0.2165925	0.7001650691085316	0.8872781479220185
3833	CD14-	HCG18	0.38339442	-0.21909992	0.7014273314162868	0.8879209276055471
3834	CD14-	ANKMY1	0.37794414	0.188847	0.7054720962303904	0.8901665076898488
3835	CD14-	ZNF569	0.3745377	0.34418437	0.708004316155548	0.8908529901883364
3836	CD14-	RNGTT	0.3738564	-0.073165886	0.7085111488812377	0.8908529901883364
3837	CD14-	CEP78	0.36619192	-0.45250842	0.714221865670121	0.8908529901883364
3838	CD14-	LINC02631	0.3660216	0.068520606	0.7143489538670078	0.8908529901883364
3839	CD14-	FRMD3	0.3621042	-0.04835157	0.7172741627040753	0.8918293105637292
3840	CD14-	TMEM241	0.36142293	1.0579058	0.7177833196445701	0.8918293105637292
3841	CD14-	TESK2	0.36091197	0.23839538	0.7181652696461323	0.8918293105637292
3842	CD14-	SAV1	0.35648358	0.29400504	0.7214784444847127	0.8931143691726549
3843	CD14-	PPBP	0.35001135	0.24229293	0.7263301769887571	0.8980210060442925
3844	CD14-	CST3	0.34915975	0.35898298	0.7269693858453796	0.8980210060442925
3845	CD14-	FAM222B	0.3472862	0.3034349	0.7283763138925239	0.8988148427467031
3846	CD14-	ZFAT	0.3425172	0.0655259	0.7319617072731903	0.9022924190285868
3847	CD14-	MRTFB	0.33877012	0.49057844	0.7347829176381824	0.9038752208603582
3848	CD14-	ENSG00000262879	0.33740753	0.043716066	0.7358097026361362	0.9041924872519291
3849	CD14-	ENSG00000227598	0.32361147	0.26047385	0.746232202706747	0.9123856525607744
3850	CD14-	COG5	0.32241923	0.055215247	0.7471351272900897	0.9123856525607744
3851	CD14-	SHPRH	0.32122695	0.13566951	0.748038399029026	0.9123856525607744
3852	CD14-	NUBPL	0.3067496	0.4560341	0.7590339658517786	0.9216526217332958
3853	CD14-	NMT2	0.30095866	0.015650336	0.7634460126169138	0.9227197991145647
3854	CD14-	AK9	0.29993674	0.48895612	0.7642254118516888	0.9227197991145647
3855	CD14-	LINC02580	0.29482707	0.030379403	0.7681259771985398	0.9240889049792673
3856	CD14-	TBCK	0.29312387	0.018287137	0.769427477017838	0.9240889049792673
3857	CD14-	TRABD2A	0.29210192	-0.10854196	0.7702086891020598	0.9240889049792673
3858	CD14-	PITPNM2	0.29142064	0.3179708	0.770729626778093	0.9240889049792673
3859	CD14-	AOPEP	0.28835484	0.11046948	0.7730751231665893	0.9251439967954008
3860	CD14-	MIPEP	0.28614068	0.34415174	0.7747703840548887	0.9251439967954008
3861	CD14-	ANKAR	0.2818826	0.030569524	0.7780335143117784	0.9251439967954008
3862	CD14-	AFG2A	0.2800091	0.08743162	0.7794705363816211	0.9257576164298671
3863	CD14-	PLEK	0.27575102	0.056072947	0.7827392926848771	0.9272962409186513
3864	CD14-	CCDC14	0.27438846	-0.09470081	0.7837861083955266	0.9272962409186513
3865	CD14-	RPH3A	0.2716633	0.0623615	0.7858809123714585	0.9288401537174223
3866	CD14-	MAP3K4	0.26893815	0.05739318	0.7879772677523362	0.9291361507429711
3867	CD14-	ENSG00000301476	0.26825687	0.053428583	0.788501597314188	0.9291361507429711
3868	CD14-	SUPT3H	0.26553172	0.38361242	0.7905998716538007	0.9306761251900597
3869	CD14-	WDPCP	0.26127368	-0.03932378	0.7938814606091122	0.9317411154454251
3870	CD14-	LMF1	0.25888917	-0.04940342	0.7957207495414942	0.932039443686053
3871	CD14-	RETREG1	0.2553124	0.27989835	0.7984818094843014	0.9337063960577098
3872	CD14-	RBMS3	0.25497177	0.01246628	0.7987448996539264	0.9337063960577098
3873	CD14-	CHD7	0.25241694	-0.3217654	0.8007188023472438	0.9337063960577098
3874	CD14-	RAD51B	0.25190598	0.017092127	0.8011137360733241	0.9337063960577098
3875	CD14-	BTRC	0.24747762	-0.051215623	0.8045386142020918	0.9358431358077745
3876	CD14-	CENPK	0.24100539	-0.013965955	0.8095509431991955	0.9382380826080065
3877	CD14-	CDC42EP3-AS1	0.2387912	-0.1325297	0.8112674935773386	0.9382380826080065
3878	CD14-	ODC1	0.23862088	0.011231196	0.8113995736175951	0.9382380826080065
3879	CD14-	ST3GAL3	0.23657702	0.25048122	0.8129849517826404	0.9382380826080065
3880	CD14-	KIF20B	0.23657702	0.035788845	0.8129849517826404	0.9382380826080065
3881	CD14-	LINC01934	0.23555508	-0.45112276	0.8137779287926586	0.9382380826080065
3882	CD14-	ABTB3	0.23129705	0.07217463	0.8170840456980868	0.9402062991594423
3883	CD14-	RUFY2	0.23010479	0.1041011	0.8180103446542681	0.9403520677550531
3884	CD14-	RTTN	0.21886355	0.22807322	0.8267563431827265	0.945470979108044
3885	CD14-	STAM	0.20966616	-0.13497008	0.8339282322086763	0.9499758066813889
3886	CD14-	ARHGAP6	0.20898488	0.6838548	0.8344600410730227	0.9499758066813889
3887	CD14-	ANKRD17-DT	0.20540813	0.18723318	0.8372532744621649	0.950395608848944
3888	CD14-	ENSG00000290853	0.1958701	0.015905486	0.844711840230634	0.9544072097380751
3889	CD14-	PTX3	0.19365592	-0.049487434	0.8464453115818824	0.9552972038582472
3890	CD14-	DLGAP1	0.19076045	0.051876154	0.8487132792463462	0.9567312586413438
3891	CD14-	CCDC191	0.18956819	0.12453743	0.8496475135339969	0.9567312586413438
3892	CD14-	POC1B-AS1	0.18684304	0.20598416	0.8517836971067065	0.9567312586413438
3893	CD14-	ZC3H12D	0.18122242	-0.23376077	0.8561929946058868	0.9589067073362545
3894	CD14-	SLC25A43	0.1795192	0.12039416	0.8575300386954081	0.9589067073362545
3895	CD14-	IGKC	0.17917857	-1.1990738	0.8577974966987583	0.9589067073362545
3896	CD14-	SCMH1	0.17304698	-0.006128816	0.862614503213982	0.9606996946401114
3897	CD14-	MTAP	0.16964054	0.06572586	0.8652928388652106	0.9606996946401114
3898	CD14-	CDK8	0.16912958	0.004352293	0.8656947234808747	0.9606996946401114
3899	CD14-	DZIP3	0.1686186	0.17214903	0.8660966428286556	0.9606996946401114
3900	CD14-	SLC12A2	0.167767	-0.0868268	0.8667665853138784	0.9606996946401114
3901	CD14-	GPHN	0.16350895	0.0046970667	0.870117724132236	0.9611302952554889
3902	CD14-	PLPP5	0.16180573	-0.045855694	0.8714588364838989	0.9611302952554889
3903	CD14-	RICTOR	0.15703672	-0.010708215	0.8752159054972426	0.9611302952554889
3904	CD14-	ARHGEF3	0.15635544	-0.12826563	0.8757528613626109	0.9611302952554889
3905	CD14-	NR3C2	0.15175675	0.25583032	0.879378797425809	0.96199950304442
3906	CD14-	CRADD	0.14818	-0.007184477	0.8822007238312617	0.9632943836820461
3907	CD14-	GMDS	0.14017487	-0.11092993	0.888521831996134	0.9671759602528893
3908	CD14-	MBD5	0.1357465	0.024669377	0.8920216895726267	0.9679398862158054
3909	CD14-	NAALADL2	0.13404328	-0.1893383	0.8933683526963608	0.9679398862158054
3910	CD14-	ZSCAN30	0.13199942	-0.07856834	0.894984753987188	0.9679398862158054
3911	CD14-	ENSG00000290924	0.13097748	-0.08363411	0.8957931186018483	0.9679398862158054
3912	CD14-	ATM	0.12399429	-0.18105341	0.9013197962909687	0.9689753081015703
3913	CD14-	CCDC91	0.121950425	0.016187694	0.9029382779968079	0.9689753081015703
3914	CD14-	GNPTAB	0.113945305	-0.0789045	0.909281153611901	0.9712045168354198
3915	CD14-	GRK5	0.10985758	-0.151788	0.9125223265752264	0.9729159166386819
3916	CD14-	ATAD2	0.107473075	-0.0688177	0.9144136865474745	0.9731678691220181
3917	CD14-	STK39	0.10253374	-0.048288114	0.9183330336338076	0.9755733040229067
3918	CD14-	NLK	0.09759441	-0.09159944	0.9222543661654174	0.9779721682691893
3919	CD14-	TYW1B	0.088397026	0.045179	0.9295611233664522	0.9830360065547273
3920	CD14-	MSC-AS1	0.076133855	-0.00807272	0.9393126047203297	0.9851426438711312
3921	CD14-	BCL2L1	0.075282246	-0.09184438	0.9399901459592266	0.9851426438711312
3922	CD14-	CCSER1	0.07460096	-0.04709332	0.9405322102500723	0.9851426438711312
3923	CD14-	RNF157	0.07340871	-0.34461927	0.9414808889029938	0.9851426438711312
3924	CD14-	FUT8	0.07136484	-0.21224236	0.9431073876023364	0.9851426438711312
3925	CD14-	NR6A1	0.06778809	0.2826843	0.9459543271610241	0.9851426438711312
3926	CD14-	LINC03009	0.06778809	-0.019343885	0.9459543271610241	0.9851426438711312
3927	CD14-	PTPN4	0.060293928	-0.44036052	0.9519215390106698	0.985686732913809
3928	CD14-	DYNC2H1	0.05518427	-0.24491972	0.9559916591161142	0.985686732913809
3929	CD14-	C1QTNF7-AS1	0.053481054	0.35870662	0.9573486261221746	0.985686732913809
3930	CD14-	BRAF	0.052629445	-0.16651072	0.9580271562249012	0.985686732913809
3931	CD14-	ENSG00000293488	0.046838503	0.3828629	0.962641942288087	0.9887047372321313
3932	CD14-	SGO1-AS1	0.046838503	-0.28493422	0.962641942288087	0.9887047372321313
3933	CD14-	LINC-PINT	0.04564625	0.05266377	0.9635922057776607	0.988817132630479
3934	CD14-	MCTP2	0.044113353	-0.0860877	0.964814048924363	0.9888487182918819
3935	CD14-	PBXIP1	0.042580456	-0.11662465	0.9660359746963447	0.9888487182918819
3936	CD14-	ENSG00000226571	0.041388202	-0.18952833	0.9669864166969934	0.9888487182918819
3937	CD14-	FKTN	0.034575332	0.033672445	0.97241837290802	0.9918161375020221
3938	CD14-	ABI2	0.033212755	-0.15763523	0.9735049257717864	0.9920639451539175
3939	CD14-	ENOSF1	0.025888918	-0.03467002	0.9793459395272339	0.9925202017279959
3940	CD14-	BMERB1	0.024185698	-0.23049837	0.9807044850407579	0.9925202017279959
3941	CD14-	NME7	0.022993447	-0.6358247	0.98165550043342	0.9926284338002597
3942	CD14-	RFX3	0.020438619	0.065328114	0.983693476618992	0.9936373581385445
3943	CD14-	PARP15	0.016350895	-0.73441356	0.9869544543376771	0.9941248470569218
3944	CD14-	TSC22D1	0.012774137	-0.20959198	0.9898079905022131	0.9957349844573162
3945	CD14-	ZFAND3	0.010730275	-0.02085276	0.9914386434758017	0.996522944211575
3946	CD14-	ULK4	0.00834577	-0.30437958	0.9933411166666272	0.9975825390264335
3947	CD14-	ENSG00000290548	0.0015328964	-0.07990972	0.9987769260768139	0.9996269489926239
3948	CD14-	ERCC6L2-AS1	-0.00034064366	0.03583225	0.9997282056936616	0.9997282056936616
3949	CD14-	CDR2	-0.0034064364	-0.15495904	0.9972820621404582	0.9989810094354163
3950	CD14-	SLC2A13	-0.00562062	-0.022503318	0.9955154174710502	0.9980614927075491
3951	CD14-	KIAA1328	-0.006642551	0.044150013	0.994700049899309	0.9980614927075491
3952	CD14-	UBR1	-0.01583993	-0.3274355	0.9873620929953101	0.9941248470569218
3953	CD14-	ENSG00000305271	-0.01856508	-0.44597742	0.9851880608754616	0.9936373581385445
3954	CD14-	CCDC186	-0.01856508	-0.09400228	0.9851880608754616	0.9936373581385445
3955	CD14-	EIF2AK3	-0.024185698	-0.09163693	0.9807044850407579	0.9925202017279959
3956	CD14-	ENSG00000298831	-0.02503731	-0.49334598	0.9800252050422693	0.9925202017279959
3957	CD14-	SHLD1	-0.027081171	-0.062355366	0.9783949930757373	0.9925202017279959
3958	CD14-	ENSG00000274422	-0.027421813	-0.021590572	0.9781232996699042	0.9925202017279959
3959	CD14-	CASP8AP2	-0.028103102	-0.19746555	0.9775799205034237	0.9925202017279959
3960	CD14-	KIF3A	-0.029125033	-0.27133524	0.9767648713391911	0.9925202017279959
3961	CD14-	PIBF1	-0.03559726	-0.20406733	0.9716034917420621	0.9918161375020221
3962	CD14-	PTPRM	-0.036619194	-0.34535757	0.9707886402192636	0.9918161375020221
3963	CD14-	CFAP44	-0.04223981	0.24383	0.9663075246892248	0.9888487182918819
3964	CD14-	SLC35F3	-0.05297009	0.41873005	0.9577557405068646	0.985686732913809
3965	CD14-	TMTC3	-0.053310733	-0.54938936	0.9574843296861884	0.985686732913809
3966	CD14-	FCGR2B	-0.053651374	-0.51767874	0.9572129237942777	0.985686732913809
3967	CD14-	APOLD1	-0.05671717	-0.27611402	0.9547704977425063	0.985686732913809
3968	CD14-	ENSG00000268081	-0.057739098	-0.31290564	0.9539564489641269	0.985686732913809
3969	CD14-	ZGRF1	-0.05790942	-0.1428233	0.9538207788146098	0.985686732913809
3970	CD14-	LRMDA	-0.058420386	-0.005179104	0.9534137764105908	0.985686732913809
3971	CD14-	SUMF1	-0.059271995	0.0013646684	0.9527354661209995	0.985686732913809
3972	CD14-	SEPTIN11	-0.06591455	-0.25257	0.9474458590291236	0.9851426438711312
3973	CD14-	MGAT5	-0.06693648	-0.39822873	0.9466322730236393	0.9851426438711312
3974	CD14-	NFIA	-0.068810016	-0.1842198	0.9451408438284358	0.9851426438711312
3975	CD14-	SIRPD	-0.069661625	-0.057590894	0.9444629847109046	0.9851426438711312
3976	CD14-	ZNF782	-0.07238678	-0.2500486	0.9422941081728969	0.9851426438711312
3977	CD14-	TPT1-AS1	-0.07340871	-0.28397655	0.9414808889029938	0.9851426438711312
3978	CD14-	MAILR	-0.07409	-0.048046935	0.9409387765621992	0.9851426438711312
3979	CD14-	TANC2	-0.0764745	-0.25676176	0.9390416004972078	0.9851426438711312
3980	CD14-	SMG6	-0.07919965	-0.17174804	0.9368738234877094	0.9851426438711312
3981	CD14-	ENSG00000273784	-0.08107319	-0.3126611	0.9353837472007674	0.9851426438711312
3982	CD14-	TRAPPC9	-0.08499059	-0.0151560735	0.932268870569219	0.9841545707265723
3983	CD14-	GAN	-0.0873751	-0.054646347	0.9303733633464384	0.9830360065547273
3984	CD14-	MIR4435-2HG	-0.089078315	-0.3957617	0.9290196707561327	0.9830360065547273
3985	CD14-	LINC00987	-0.09418797	-0.6564747	0.9249598407601262	0.979957452913431
3986	CD14-	ENSG00000293612	-0.09997891	-0.70919836	0.9203610671726271	0.9768453203926077
3987	CD14-	ATP9B	-0.1030447	-0.21027727	0.9179274902492602	0.9755733040229067
3988	CD14-	PEAK1	-0.10815436	-0.33321664	0.9138732480536759	0.9731678691220181
3989	CD14-	RAB33B-AS1	-0.11292337	-0.23614055	0.9100913074427147	0.9712045168354198
3990	CD14-	IFI6	-0.114115626	-0.36240128	0.909146137122071	0.9712045168354198
3991	CD14-	TOGARAM1	-0.115307875	-0.22415572	0.908201095387501	0.9712045168354198
3992	CD14-	RASA2	-0.116329804	-0.23404458	0.9073911629639246	0.9712045168354198
3993	CD14-	FER	-0.120758176	-0.16259384	0.9038825790709375	0.9689753081015703
3994	CD14-	LINGO2	-0.121780105	-0.44910216	0.9030731697757466	0.9689753081015703
3995	CD14-	CROCCP3--chr1:16458753(-)	-0.12212075	-0.22934845	0.902803389019653	0.9689753081015703
3996	CD14-	DAAM1	-0.12229107	0.01839856	0.9026685028481366	0.9689753081015703
3997	CD14-	ZDHHC14	-0.12450525	0.15805715	0.9009152396850111	0.9689753081015703
3998	CD14-	SPEF2	-0.12450525	-0.2307223	0.9009152396850111	0.9689753081015703
3999	CD14-	DENND1B	-0.1302962	-0.28899023	0.8963320885110646	0.9679398862158054
4000	CD14-	ABCC4	-0.133362	-0.22431938	0.8939071042565032	0.9679398862158054
4001	CD14-	ZNF155	-0.13472456	-0.79443765	0.8928296503338312	0.9679398862158054
4002	CD14-	PRIM2	-0.13847165	-0.21114002	0.8898676777156685	0.9671759602528893
4003	CD14-	WWOX	-0.13881229	-0.09972361	0.8895984830530822	0.9671759602528893
4004	CD14-	STON2	-0.13915293	-0.77602774	0.8893293011192057	0.9671759602528893
4005	CD14-	SLC12A2-DT	-0.1444329	-0.5703972	0.8851586316654576	0.9656275981804993
4006	CD14-	PAN3	-0.14937223	0.007938711	0.8812599137270015	0.9631613926979125
4007	CD14-	CDC25B	-0.1538006	-0.5300386	0.8777669533200638	0.9611302952554889
4008	CD14-	SNTB2	-0.15414125	-0.25503704	0.8774983617109394	0.9611302952554889
4009	CD14-	APLF	-0.15550382	-0.24700573	0.876424136604984	0.9611302952554889
4010	CD14-	GCLM	-0.15669608	-0.44110474	0.875484376264583	0.9611302952554889
4011	CD14-	ATAD5	-0.15788834	-0.51158255	0.874544791475047	0.9611302952554889
4012	CD14-	ATF7IP2	-0.15873994	-0.60704374	0.8738737676841983	0.9611302952554889
4013	CD14-	PATL2	-0.16129477	-0.17132261	0.8718612424433018	0.9611302952554889
4014	CD14-	RFC3	-0.16299799	-0.3598119	0.8705200187992048	0.9611302952554889
4015	CD14-	GAB2	-0.16674507	-0.023127997	0.867570642608672	0.9606996946401114
4016	CD14-	MIATNB	-0.16878892	-0.4834476	0.8659626658598967	0.9606996946401114
4017	CD14-	POLG2	-0.17151408	-0.226451	0.8638195607403831	0.9606996946401114
4018	CD14-	BRCA2	-0.17338762	-0.053154703	0.8623467559603499	0.9606996946401114
4019	CD14-	THADA	-0.17492051	-0.19235487	0.8611420894472	0.9606996946401114
4020	CD14-	TBC1D32	-0.18003017	-0.8929122	0.8571288823656036	0.9589067073362545
4021	CD14-	ZNF107	-0.18531014	-0.61018586	0.8529857794589262	0.9571672487058179
4022	CD14-	NUSAP1	-0.18684304	-0.2759358	0.8517836971067065	0.9567312586413438
4023	CD14-	ACBD6	-0.18786497	-0.20475523	0.8509824999482731	0.9567312586413438
4024	CD14-	ZNF75D	-0.19569978	-0.32147235	0.8448451575997757	0.9544072097380751
4025	CD14-	XKR6	-0.1967217	-0.7511829	0.8440453201721012	0.9544072097380751
4026	CD14-	TTTY14	-0.19876558	-0.399091	0.8424461284592383	0.9544072097380751
4027	CD14-	UBA6-DT	-0.20251265	-0.5583798	0.8395159686069896	0.952045110011398
4028	CD14-	SLF1	-0.20660038	-0.113151886	0.8363219668722682	0.9502556840983454
4029	CD14-	ATR	-0.20779262	-0.14875504	0.8353908886536615	0.9501157495712823
4030	CD14-	RFX3-DT	-0.21034746	-0.5254755	0.8333964993040215	0.9499758066813889
4031	CD14-	RGS7	-0.21136938	-0.67441124	0.8325990428875084	0.9499758066813889
4032	CD14-	BCL11A	-0.21818227	-0.29437527	0.8272871067195385	0.945470979108044
4033	CD14-	CARMIL1	-0.22141838	-0.6240763	0.8247666866358987	0.9444261182899871
4034	CD14-	ENPP4	-0.2224403	-1.201465	0.8239711383822772	0.9444261182899871
4035	CD14-	DIAPH2	-0.22737963	-0.123837665	0.8201285517944236	0.9409474896685289
4036	CD14-	MYO9A	-0.22772028	-0.22201593	0.8198637037945472	0.9409474896685289
4037	CD14-	CEP128	-0.23385186	-0.5151454	0.8150999809989379	0.9388418978009314
4038	CD14-	TMEM140	-0.23623638	-0.4281896	0.8132492561922293	0.9382380826080065
4039	CD14-	ARL15	-0.23759894	-0.08679797	0.8121921664638191	0.9382380826080065
4040	CD14-	COMMD10	-0.24185699	-0.077144995	0.8088909749235127	0.9382380826080065
4041	CD14-	BTG3	-0.24781826	-0.4559016	0.8042750279048174	0.9358431358077745
4042	CD14-	SACS	-0.25224662	-0.35675666	0.8008504412680576	0.9337063960577098
4043	CD14-	CDK14	-0.25957045	-0.47247002	0.795195122094786	0.932039443686053
4044	CD14-	FHIT	-0.26314723	-0.21410598	0.7924371081595453	0.9309750641314938
4045	CD14-	ENSG00000290008	-0.26348788	-0.24721424	0.7921745749717087	0.9309750641314938
4046	CD14-	FBXL20	-0.26893815	-0.09512444	0.7879772677523362	0.9291361507429711
4047	CD14-	MAPK8	-0.27489942	-0.17620581	0.7833935065343232	0.9272962409186513
4048	CD14-	ST6GALNAC3	-0.27915746	-0.36940888	0.7801239777908149	0.9257576164298671
4049	CD14-	ZHX3	-0.2818826	-0.44485828	0.7780335143117784	0.9251439967954008
4050	CD14-	SMC6	-0.28222325	-0.1536449	0.7777723189508681	0.9251439967954008
4051	CD14-	AMMECR1	-0.28358585	-0.37608692	0.77672778888086	0.9251439967954008
4052	CD14-	SOX4	-0.2847781	-0.21331628	0.7758141560339423	0.9251439967954008
4053	CD14-	UVRAG	-0.286311	-0.06273771	0.7746399411294119	0.9251439967954008
4054	CD14-	SYTL2	-0.29125032	-1.259424	0.7708598773679092	0.9240889049792673
4055	CD14-	SCAI	-0.29176128	-0.49837956	0.7704691449965164	0.9240889049792673
4056	CD14-	RAD51-AS1	-0.29278323	-0.16138375	0.7696878550850866	0.9240889049792673
4057	CD14-	NFATC3	-0.29993674	-0.24267784	0.7642254118516888	0.9227197991145647
4058	CD14-	ENTPD3-AS1	-0.30146962	-0.16835414	0.763056402831157	0.9227197991145647
4059	CD14-	GCNT2	-0.30419478	-0.4049507	0.7609794997487725	0.9225895790768625
4060	CD14-	LINC00630	-0.30623865	-0.701414	0.7594229510710575	0.9216526217332958
4061	CD14-	SFMBT1	-0.31322184	-0.82775265	0.7541121274446674	0.9171001673990992
4062	CD14-	ENSG00000272368	-0.31322184	-0.41292208	0.7541121274446674	0.9171001673990992
4063	CD14-	CSTPP1	-0.32037535	-0.6129626	0.7486838050349892	0.9123856525607744
4064	CD14-	AFF3	-0.32122695	-0.46853867	0.748038399029026	0.9123856525607744
4065	CD14-	CMC1	-0.32650694	-0.40458187	0.7440408382241119	0.9114500268245371
4066	CD14-	ZNF91	-0.32650694	-0.30171078	0.7440408382241119	0.9114500268245371
4067	CD14-	PALM2AKAP2	-0.32906178	-1.0223855	0.7421090004200912	0.9109814034384418
4068	CD14-	RIC8B	-0.34047332	-0.37861282	0.7335001029456223	0.9032420115853946
4069	CD14-	SLX4IP	-0.3580165	-0.3632252	0.7203309810321559	0.8926335444613438
4070	CD14-	CCDC138	-0.3597197	-0.8531994	0.719056760112436	0.8919944619116295
4071	CD14-	C2orf88	-0.36261517	-0.3577495	0.716892377407222	0.8918293105637292
4072	CD14-	TSHZ2	-0.36670288	-1.435511	0.713840648650054	0.8908529901883364
4073	CD14-	CLOCK	-0.36704352	-0.36021048	0.7135865436440818	0.8908529901883364
4074	CD14-	BCKDHB	-0.36755452	-0.6109318	0.7132054457100253	0.8908529901883364
4075	CD14-	COX10-DT	-0.36840612	-0.74973524	0.7125704415655021	0.8908529901883364
4076	CD14-	CEP290	-0.36874676	-0.34125954	0.7123164956596383	0.8908529901883364
4077	CD14-	ENSG00000293372	-0.37027964	-1.4600258	0.711174134169297	0.8908529901883364
4078	CD14-	FMNL3	-0.3753893	-0.6588231	0.7073709571155483	0.8908529901883364
4079	CD14-	ANGPT1	-0.37862542	-0.8407954	0.7049660423985582	0.8901665076898488
4080	CD14-	ENSG00000259363	-0.3823725	-0.95261234	0.7021850847762503	0.8879243652654519
4081	CD14-	ZNF600	-0.39361376	-0.5070104	0.6938662345461564	0.8821477749473295
4082	CD14-	LRRCC1	-0.39753115	-0.51495075	0.6909758255555565	0.8803765664716516
4083	CD14-	ENSG00000293497	-0.4017892	-0.77186257	0.6878391792323335	0.8784433245716642
4084	CD14-	CDKL1	-0.40212983	-1.4229558	0.6875884785204693	0.8784433245716642
4085	CD14-	TRAF3IP2-AS1	-0.4028111	-0.45343918	0.6870871801392511	0.8784433245716642
4086	CD14-	TNFRSF25	-0.40485498	-1.9338455	0.6855841110895611	0.8784433245716642
4087	CD14-	ZNF568	-0.40519562	-0.7310023	0.6853337203087926	0.8784433245716642
4088	CD14-	KANTR	-0.40962398	-0.4052731	0.682081793797105	0.8776019578833648
4089	CD14-	ENSG00000297373	-0.4113272	-0.21412554	0.6808326192187797	0.8776019578833648
4090	CD14-	GNB5	-0.41251945	-0.5732796	0.6799587173647866	0.8776019578833648
4091	CD14-	WRN	-0.4133711	-0.38596982	0.6793347647783201	0.8776019578833648
4092	CD14-	PCNX4	-0.4135414	-0.1902524	0.67921000060243	0.8776019578833648
4093	CD14-	PKD2	-0.41473365	-0.30893123	0.6783368975883302	0.8776019578833648
4094	CD14-	HLTF	-0.42120588	-0.9841352	0.6736047531404807	0.8743478914936041
4095	CD14-	TUBA4A	-0.4298923	-0.16399023	0.6672739939761183	0.8670875325037737
4096	CD14-	ZNF33B	-0.43449098	-0.21301945	0.6639319437524613	0.8646555546543682
4097	CD14-	ZNF133	-0.43517226	-0.92224133	0.6634373911762195	0.8646555546543682
4098	CD14-	AHCYL2	-0.4361942	-0.34334204	0.6626958372485263	0.8646555546543682
4099	CD14-	ZNF831	-0.44334772	-1.7416117	0.6575142482547437	0.8629874508343511
4100	CD14-	FOCAD	-0.44368836	-0.8687789	0.6572679134896242	0.8629874508343511
4101	CD14-	SYNGAP1	-0.44419932	-0.6674492	0.6568984811518604	0.8629874508343511
4102	CD14-	RPAP2	-0.44590256	-0.3636358	0.6556676459769516	0.8629874508343511
4103	CD14-	TFDP2	-0.44845736	-0.569747	0.6538231461569836	0.8629584959378368
4104	CD14-	JAKMIP2	-0.449309	-1.3366804	0.653208781762376	0.8629584959378368
4105	CD14-	PRKAR2B	-0.4511825	-0.71632856	0.651858007909663	0.8623003569198692
4106	CD14-	MMS22L	-0.45561087	-0.5009968	0.6486698135746745	0.8590492125718663
4107	CD14-	CBLB	-0.45629218	-0.38112876	0.6481798912588752	0.8590492125718663
4108	CD14-	PGM2L1	-0.45663282	-0.7880604	0.6479349871934306	0.8590492125718663
4109	CD14-	IMMP1L	-0.45799538	-0.37068957	0.646955752072806	0.8590492125718663
4110	CD14-	STMN1	-0.46003926	-1.2502084	0.6454880452849108	0.8590492125718663
4111	CD14-	OFD1	-0.46378633	-0.47221056	0.6428008355231936	0.8590492125718663
4112	CD14-	ZNF56P--chr19:19776000(+)	-0.4644676	-0.9363523	0.6423127523575911	0.8590492125718663
4113	CD14-	CEP97	-0.46617085	-1.2080154	0.6410932204307549	0.8590492125718663
4114	CD14-	MAP3K7CL	-0.46617085	-0.3130585	0.6410932204307549	0.8590492125718663
4115	CD14-	HELB	-0.46634117	-0.66381544	0.6409713204275893	0.8590492125718663
4116	CD14-	PLA2G12A	-0.46787405	-0.7131741	0.6398746564163714	0.8590492125718663
4117	CD14-	CEP250-AS1	-0.47093984	-0.3279553	0.6376836891474759	0.8590492125718663
4118	CD14-	ENSG00000287100	-0.4712805	-1.0690974	0.6374404431730372	0.8590492125718663
4119	CD14-	ZBTB16	-0.47332436	-0.6696279	0.6359817880866265	0.8590492125718663
4120	CD14-	CNNM2	-0.47570887	-0.51888955	0.6342818067826841	0.8590492125718663
4121	CD14-	ENSG00000227240	-0.4758792	-1.1973865	0.6341604532048405	0.8590492125718663
4122	CD14-	ERC1	-0.48013723	-0.20369335	0.6311298174042282	0.8583740118775944
4123	CD14-	KIF9-AS1	-0.48047787	-0.50298566	0.6308876333728533	0.8583740118775944
4124	CD14-	LDAH	-0.4821811	-0.5901455	0.6296773081794795	0.8583740118775944
4125	CD14-	SLC38A4-AS1	-0.48337334	-1.4169633	0.6288306715657797	0.8583740118775944
4126	CD14-	OXNAD1	-0.48575786	-0.7243795	0.6271388625957637	0.8583740118775944
4127	CD14-	FRS2	-0.48592818	-0.0880825	0.6270180939525172	0.8583740118775944
4128	CD14-	ARMH4	-0.48592818	-0.79708135	0.6270180939525172	0.8583740118775944
4129	CD14-	RPS6KA5	-0.48967525	-0.41192997	0.6243637172431544	0.8583740118775944
4130	CD14-	VPS13A	-0.48967525	-0.6033131	0.6243637172431544	0.8583740118775944
4131	CD14-	IGF2BP2	-0.49120814	-0.17069626	0.6232792367264198	0.8583740118775944
4132	CD14-	DISP1	-0.49444425	-0.99714106	0.6209924608121807	0.8571445233745593
4133	CD14-	PRLR	-0.49495524	-1.5291337	0.6206317246805548	0.8571445233745593
4134	CD14-	SNHG14	-0.49836168	-0.542342	0.618229151752453	0.8553382146598644
4135	CD14-	ARHGAP22	-0.49955392	-0.5861769	0.6173892129304113	0.8551822313382375
4136	CD14-	HIPK2	-0.5031307	-0.29695514	0.6148724007251809	0.8547162449796841
4137	CD14-	NEK1	-0.5034713	-0.2256653	0.6146329399507926	0.8547162449796841
4138	CD14-	DACH1	-0.50364166	-0.5755395	0.6145132249616895	0.8547162449796841
4139	CD14-	ABCA2	-0.5072184	-1.4010878	0.6120015862798638	0.8537531025683509
4140	CD14-	ANK3	-0.51045454	-1.5444158	0.6097330733969211	0.8515986868346547
4141	CD14-	FBXO33	-0.51096547	-0.18690227	0.6093752289728189	0.8515986868346547
4142	CD14-	TPD52	-0.51386094	-1.6164757	0.6073492104503371	0.8502888946304719
4143	CD14-	FAR2	-0.5182893	-0.36161765	0.604256424522125	0.8479779895441755
4144	CD14-	ENSG00000290879	-0.51862997	-1.7897589	0.6040188110301922	0.8479779895441755
4145	CD14-	PPP1R14B	-0.5189706	-0.28251436	0.6037812395132525	0.8479779895441755
4146	CD14-	ATP8A1	-0.51931125	-0.40462896	0.6035437099914538	0.8479779895441755
4147	CD14-	ZNF544	-0.5203332	-0.9803532	0.6028313735981763	0.8479779895441755
4148	CD14-	PACS1	-0.5235693	-0.11802174	0.6005781425043183	0.8479779895441755
4149	CD14-	ZNF626	-0.5244209	-0.93767166	0.5999858202408912	0.8479779895441755
4150	CD14-	STAMBPL1	-0.5257835	-2.278553	0.5990386548527129	0.8479779895441755
4151	CD14-	CPLANE1	-0.53191507	-0.64836836	0.5947848231776109	0.8457883338051638
4152	CD14-	HS2ST1	-0.5336183	-0.23305653	0.5936056565330894	0.8457883338051638
4153	CD14-	LRBA	-0.5373654	-0.42576715	0.5910152640469661	0.8434878040281943
4154	CD14-	HDAC8	-0.53804666	-0.29842395	0.5905448426581638	0.8434878040281943
4155	CD14-	CCNH	-0.53804666	-0.34424412	0.5905448426581638	0.8434878040281943
4156	CD14-	L3MBTL4	-0.5394092	-1.0096803	0.5896045172598712	0.8434878040281943
4157	CD14-	STRBP	-0.5416234	-0.5931411	0.588077962535849	0.8433898584660469
4158	CD14-	LINC00865	-0.5417937	-1.3165966	0.587960610965456	0.8433898584660469
4159	CD14-	ELL2	-0.5499692	-0.34932178	0.5823405141643256	0.8382282064348188
4160	CD14-	AP3M2	-0.5499692	-1.3982853	0.5823405141643256	0.8382282064348188
4161	CD14-	CCDC88A	-0.5538866	-0.016748592	0.5796564699486393	0.8374398140781324
4162	CD14-	CDC14A	-0.5543975	-0.4617655	0.5793068055055577	0.8374398140781324
4163	CD14-	EFCAB13-DT	-0.5543975	-0.7637582	0.5793068055055577	0.8374398140781324
4164	CD14-	SPATS2L	-0.5593369	-0.5152738	0.5759318312507753	0.8372012775660219
4165	CD14-	DOCK9	-0.5595072	-1.9444753	0.5758156185798737	0.8372012775660219
4166	CD14-	COLQ	-0.5605291	-2.0638313	0.5751185751917498	0.8372012775660219
4167	CD14-	ENSG00000285534	-0.56461686	-0.5705599	0.5723343982936387	0.8369524900794427
4168	CD14-	ENSG00000269514	-0.5681936	-0.4822128	0.569903507567203	0.8356689836646267
4169	CD14-	ENSG00000307088	-0.5765394	-1.1506778	0.5642506580583424	0.8304865755652199
4170	CD14-	TTLL5	-0.5775613	-0.5356787	0.563560331830268	0.8304865755652199
4171	CD14-	ENSG00000293909	-0.5860774	-1.4874269	0.5578234992872878	0.8251577800777994
4172	CD14-	PLEKHA5	-0.59510446	-1.3781127	0.5517736461897111	0.8213744404039244
4173	CD14-	IL2RG	-0.5971483	-0.44606388	0.5504083569373759	0.8203805168039975
4174	CD14-	KMT2A	-0.59885156	-0.16932805	0.5492718878448265	0.8197255585095381
4175	CD14-	SLC49A4	-0.5998735	-0.3114666	0.5485905623718936	0.8197255585095381
4176	CD14-	FAM168A	-0.60276896	-0.32802066	0.5466624092052511	0.8179071160628184
4177	CD14-	SNHG22	-0.60276896	-1.5693152	0.5466624092052511	0.8179071160628184
4178	CD14-	KIAA0825	-0.6058347	-0.827296	0.5446245002397587	0.8169367503596381
4179	CD14-	ATP10A	-0.60890055	-0.835518	0.5425903728966793	0.8149250045038249
4180	CD14-	DGKH	-0.60992247	-1.5802016	0.5419131728977082	0.8149250045038249
4181	CD14-	G0S2	-0.6133289	-0.8218272	0.5396588895907329	0.812597764607813
4182	CD14-	MSI2	-0.61401016	-0.40226704	0.5392085969930782	0.812597764607813
4183	CD14-	BLNK	-0.61435086	-1.9964916	0.5389835213082926	0.812597764607813
4184	CD14-	EGLN3	-0.61997145	-2.0473912	0.5352765843261702	0.8101483438450143
4185	CD14-	MX1	-0.62065274	-0.361461	0.5348281334279432	0.8101483438450143
4186	CD14-	PPP1R12B	-0.6269546	-0.62753963	0.5306889667031185	0.8059555291508815
4187	CD14-	MAL	-0.63155335	-3.2711506	0.5276787888748958	0.8027817020916915
4188	CD14-	NIBAN3	-0.63717395	-2.237056	0.5240115417722235	0.8003085365248505
4189	CD14-	TMTC2	-0.6375146	-0.3254339	0.5237897050318734	0.8003085365248505
4190	CD14-	TBC1D31	-0.6397288	-1.1869646	0.5223489410453028	0.8003085365248505
4191	CD14-	SYCP2	-0.6463713	-2.2074955	0.5180389018687073	0.7953182096574409
4192	CD14-	ABCA5	-0.64807457	-2.8100152	0.5169367336271344	0.7953182096574409
4193	CD14-	IMMP2L	-0.64824486	-0.5153739	0.5168265836477515	0.7953182096574409
4194	CD14-	TBC1D12	-0.64824486	-0.37768373	0.5168265836477515	0.7953182096574409
4195	CD14-	GPR171	-0.6501184	-2.94468	0.515615736908563	0.7953182096574409
4196	CD14-	FCRL3	-0.65761256	-25.648933	0.5107871137502288	0.7914171881031212
4197	CD14-	TRDC	-0.6732822	-4.0069933	0.5007677871822653	0.780003864538204
4198	CD14-	SEC22A	-0.6732822	-1.0489888	0.5007677871822653	0.780003864538204
4199	CD14-	CASK	-0.6773699	-0.30577183	0.4981712883535828	0.7780204981458345
4200	CD14-	CFAP97	-0.6783918	-0.3260292	0.4975232845272385	0.7780204981458345
4201	CD14-	SYNJ2	-0.6800951	-2.0796878	0.496444276298171	0.7773881077585207
4202	CD14-	BTBD9	-0.6821389	-0.28771666	0.495151115443214	0.7763969490149596
4203	CD14-	SOX2-OT	-0.6828202	-1.258065	0.4947204620524587	0.7763969490149596
4204	CD14-	ZHX2	-0.690655	-1.1870557	0.48978237070593134	0.7700321764039776
4205	CD14-	ANKRD26	-0.6921879	-0.512703	0.4888193344073616	0.7695469039666094
4206	CD14-	SFXN1	-0.69814914	-0.5640052	0.4850839125342593	0.7646899210995831
4207	CD14-	SLC35D1	-0.6984898	-1.3894784	0.48487092779509444	0.7646899210995831
4208	CD14-	LIMA1	-0.69951177	-1.9957725	0.4842322776525779	0.7646899210995831
4209	CD14-	BANK1	-0.7029182	-1.3604679	0.48210674181166513	0.7640937040033938
4210	CD14-	MLLT3	-0.7046214	-0.9115188	0.481045879383872	0.763441233678048
4211	CD14-	LINC00649	-0.704962	-1.4064906	0.4808338595370739	0.763441233678048
4212	CD14-	AQP3	-0.70513237	-2.4061594	0.48072786870359363	0.763441233678048
4213	CD14-	GABPB1-AS1	-0.70564336	-0.35698304	0.48040997258137996	0.763441233678048
4214	CD14-	GLCCI1	-0.7066653	-1.0113906	0.4797745241778748	0.763441233678048
4215	CD14-	PRSS23	-0.7071762	-2.7870014	0.47945697197975967	0.763441233678048
4216	CD14-	ASH1L	-0.70802784	-0.16482101	0.47892797327983383	0.763441233678048
4217	CD14-	NCALD	-0.70956075	-2.8415062	0.47797657930189397	0.763441233678048
4218	CD14-	LCLAT1	-0.71347815	-0.9338301	0.47554994056606525	0.763441233678048
4219	CD14-	ZNF37A	-0.7170549	-0.31165215	0.47334022854459534	0.7625316558471837
4220	CD14-	SLC39A8	-0.7192691	-2.0676956	0.4719751471510685	0.7613755460214766
4221	CD14-	SLFN13	-0.7233568	-2.3470602	0.4694607063479087	0.7593739267778923
4222	CD14-	CARD11	-0.72352713	-1.3234953	0.4693560989517478	0.7593739267778923
4223	CD14-	DDX10	-0.7264226	-0.25105172	0.4675797465992527	0.7584465958630636
4224	CD14-	GTDC1	-0.7281258	-0.6656471	0.46653657647967783	0.7577997430111894
4225	CD14-	ZNF804A	-0.7293181	-0.5171242	0.4658071265827056	0.757661384317098
4226	CD14-	DTX3	-0.7311916	-3.0168223	0.46466212930619855	0.757661384317098
4227	CD14-	TENT5C	-0.7315322	-3.4598804	0.464454116335029	0.757661384317098
4228	CD14-	PDE3B	-0.7431141	-0.39056912	0.4574125859794601	0.7491585760230424
4229	CD14-	BEX3	-0.74345475	-2.4626172	0.45720639358574744	0.7491585760230424
4230	CD14-	FBXO32	-0.75163025	-1.7453679	0.45227346422083126	0.7428402149772312
4231	CD14-	HSPA1B	-0.75333345	-0.07444354	0.45124956950807493	0.7428402149772312
4232	CD14-	MYO1D	-0.75946504	-1.0746254	0.4475744285695519	0.7388874559557815
4233	CD14-	CERS6	-0.7615089	-0.1109673	0.4463531730000927	0.7382719148355964
4234	CD14-	LEF1	-0.77275014	-3.6345441	0.43967027418059634	0.7282425949808188
4235	CD14-	TSPAN33	-0.7758159	-1.0140778	0.43785768263566793	0.7282425949808188
4236	CD14-	BICDL1	-0.77717847	-25.30655	0.43705346819833346	0.7280097430612468
4237	CD14-	LINC01871	-0.77717847	-25.576378	0.43705346819833346	0.7280097430612468
4238	CD14-	LMNA	-0.78484297	-2.5272868	0.4325456387438138	0.7225478283561435
4239	CD14-	TMEM135	-0.78756815	-1.1949455	0.4309493647928373	0.7209053385439214
4240	CD14-	SCFD2	-0.78876036	-0.3840398	0.4302520708312738	0.7207641528455526
4241	CD14-	GCC2	-0.7940404	-0.13809861	0.42717193833874056	0.716625106257288
4242	CD14-	SCML4	-0.7962545	-1.8975565	0.4258841031452859	0.7154852932840803
4243	CD14-	SLAMF1	-0.79710615	-25.47842	0.4253893858352674	0.7154852932840803
4244	CD14-	CAMK4	-0.7989797	-2.0362751	0.42430218964121813	0.7154852932840803
4245	CD14-	CCDC7	-0.80034226	-1.1184652	0.42351252285414076	0.7154852932840803
4246	CD14-	DENND1A	-0.8022158	-0.17966722	0.42242813646259236	0.7154852932840803
4247	CD14-	ALCAM	-0.80255646	-0.3612527	0.4222311502332825	0.7154852932840803
4248	CD14-	AUTS2	-0.8030674	-1.1261654	0.4219357718528617	0.7154852932840803
4249	CD14-	NCAM1	-0.80664414	-1.2822528	0.4198715177730509	0.7145714976861185
4250	CD14-	MBTD1	-0.80698484	-0.35749042	0.41967523216971137	0.7145714976861185
4251	CD14-	TAFA2	-0.8105616	-0.90287286	0.41761749209934007	0.7127985061085979
4252	CD14-	ENTPD1-AS1	-0.8115835	-0.62787265	0.41703066013590295	0.7127985061085979
4253	CD14-	HOPX	-0.81362736	-3.7206466	0.41585845593621973	0.7123638392419696
4254	CD14-	SPOPL-DT	-0.8289563	-0.8669983	0.4071291187146795	0.6989545162167344
4255	CD14-	ENSG00000287124	-0.8310002	-0.33945036	0.40597352095362405	0.6979895623413186
4256	CD14-	ZCCHC7	-0.8333847	-0.3017794	0.404627802229649	0.6976869006051069
4257	CD14-	DTNB	-0.8344066	-1.2041358	0.4040518833251816	0.6976869006051069
4258	CD14-	ENSG00000269825	-0.83968663	-1.5214401	0.4010841263188324	0.693639606692569
4259	CD14-	TOX	-0.8432634	-2.6676204	0.3990811678522007	0.6911921257646364
4260	CD14-	MAP2K5	-0.84394467	-0.51770675	0.3987003356410388	0.6911921257646364
4261	CD14-	SATB1-AS1	-0.848884	-1.7599707	0.39594585184043907	0.6888052097105863
4262	CD14-	ZNF37BP--chr10:42513510(-)	-0.85007626	-0.7690847	0.39528270244575303	0.6886703082610452
4263	CD14-	OXCT1	-0.85416394	-0.9719657	0.39301414890441844	0.6857338859222494
4264	CD14-	ZNF767P--chr7:149547154(-)	-0.8545046	-0.62335354	0.3928254595493722	0.6857338859222494
4265	CD14-	PLA2G4A	-0.85518587	-0.28000075	0.39244824559318003	0.6857338859222494
4266	CD14-	SIRPG	-0.8568891	-25.761116	0.39150617204142657	0.6857338859222494
4267	CD14-	MAP4K5	-0.8582517	-0.5428115	0.39075350239065776	0.6857338859222494
4268	CD14-	IL1B	-0.85961425	-0.6282578	0.3900017124212304	0.6855635482920283
4269	CD14-	UGCG	-0.86233944	-0.8477231	0.3885007729867941	0.6839474686114818
4270	CD14-	MAST4	-0.8626801	-2.5936077	0.38831340321482366	0.6839474686114818
4271	CD14-	DLEU1	-0.86353165	-0.51890814	0.3878452196565678	0.6839474686114818
4272	CD14-	RORA	-0.863702	-1.4888036	0.387751624242747	0.6839474686114818
4273	CD14-	GEN1	-0.8647239	-1.7991767	0.3871903409025863	0.6839474686114818
4274	CD14-	WDR49	-0.8722181	-1.4345484	0.38308942131323875	0.6815630249082735
4275	CD14-	THEMIS	-0.87358063	-3.7613034	0.38234666852510035	0.6812722457356334
4276	CD14-	SIT1	-0.87681675	-25.616423	0.38058617249792537	0.6801965636133134
4277	CD14-	YPEL1	-0.8797122	-2.0133545	0.3790152200147362	0.6784199371953269
4278	CD14-	GNG7	-0.88056386	-0.7819752	0.37855393559551265	0.6784199371953269
4279	CD14-	ARL17B	-0.8841406	-0.839029	0.37662031788324424	0.6771823771678019
4280	CD14-	CRY1	-0.8853329	-0.8272918	0.37597713507477004	0.6771043045144404
4281	CD14-	LLGL2	-0.88618445	-2.238082	0.37551813420861835	0.6771043045144404
4282	CD14-	IRF8	-0.8870361	-0.2591051	0.3750594796118186	0.6771043045144404
4283	CD14-	CEACAM21	-0.8926567	-2.4937243	0.37204104876831545	0.6731081128485215
4284	CD14-	BIN1	-0.89606315	-1.2666774	0.37021904755535595	0.6708437595147898
4285	CD14-	IKZF2	-0.89674443	-25.996212	0.36985531353500234	0.6708437595147898
4286	CD14-	CD9	-0.8987883	-1.398084	0.36876544451748094	0.670275367469177
4287	CD14-	TSGA10	-0.8987883	-1.4372548	0.36876544451748094	0.670275367469177
4288	CD14-	PRKCA	-0.9059418	-0.49643928	0.3649666605560927	0.6654275857580854
4289	CD14-	PIGL	-0.9122437	-0.62072885	0.3616404425478936	0.6614139353597557
4290	CD14-	HOXB2	-0.9130953	-0.93011045	0.36119241555414483	0.6614139353597557
4291	CD14-	CARMIL2	-0.9141172	-2.0162382	0.36065524285703	0.6614139353597557
4292	CD14-	CCR7	-0.91667205	-26.023094	0.3593145056980519	0.6602404042201703
4293	CD14-	S1PR1	-0.92331463	-2.2261255	0.3558432701426292	0.6572691066590914
4294	CD14-	ATP8B1-AS1	-0.9294462	-0.4943329	0.35265789045481666	0.6541414498026252
4295	CD14-	CD28	-0.93387455	-3.9569767	0.3503685952462401	0.6519516898885733
4296	CD14-	KLRG1	-0.93387455	-4.463633	0.3503685952462401	0.6519516898885733
4297	CD14-	ANO10	-0.94852227	-0.60759145	0.34286365005474384	0.6430744058443042
4298	CD14-	PTGDS	-0.9512474	-4.36512	0.3414788009096765	0.6415001116130665
4299	CD14-	PBX4	-0.95260996	-3.5975	0.34078772075683617	0.641226175376063
4300	CD14-	TESPA1	-0.9635106	-2.0365899	0.3352913608100564	0.634947891002619
4301	CD14-	CD2AP	-0.9662357	-0.6539421	0.3339262416538802	0.6333826777176824
4302	CD14-	DOCK4	-0.96657634	-1.0353832	0.33375585415444675	0.6333826777176824
4303	CD14-	ACYP2	-0.9711751	-0.47608933	0.331461113450476	0.6310643276273499
4304	CD14-	TTC38	-0.9737299	-1.2666553	0.33019067586383766	0.6303640175582355
4305	CD14-	NIPAL3	-0.9762847	-1.1063237	0.32892339483011135	0.628965711089774
4306	CD14-	S1PR5	-0.97645503	-26.244379	0.3288390216710977	0.628965711089774
4307	CD14-	PTGDR	-0.97645503	-26.285517	0.3288390216710977	0.628965711089774
4308	CD14-	ANKRD36	-0.98122406	-1.3689632	0.3264822702274529	0.6273580878880467
4309	CD14-	TMEM176B	-0.9815647	-0.7284155	0.3263143518314895	0.6273580878880467
4310	CD14-	LINC00342	-0.98684466	-2.2503395	0.32371879554991234	0.6251121569239686
4311	CD14-	IL18R1	-0.9871853	-2.7664728	0.32355180348723966	0.6251121569239686
4312	CD14-	NCR1	-0.9887182	-3.298438	0.3228010340236195	0.6251121569239686
4313	CD14-	RGS1	-0.9958717	-1.7951078	0.3193124774780929	0.6206801215111358
4314	CD14-	GZMH	-0.9963827	-26.556253	0.3190642424530964	0.6206801215111358
4315	CD14-	TRAT1	-0.9963827	-25.97519	0.3190642424530964	0.6206801215111358
4316	CD14-	C1orf21	-0.99791557	-2.3215175	0.3183202954710296	0.6206801215111358
4317	CD14-	EPB41	-1.0006407	-0.36414453	0.3170005308305661	0.6202872283806086
4318	CD14-	C3orf20	-1.0033659	-2.596487	0.31568436014549406	0.6187413458851684
4319	CD14-	ITM2A	-1.0084755	-2.6275833	0.31322622676694245	0.6168757356145411
4320	CD14-	PRICKLE1	-1.0115414	-1.6254928	0.3117574111649415	0.6151454958556564
4321	CD14-	ADGRG1	-1.0129039	-4.127136	0.31110606410109387	0.6148919855174562
4322	CD14-	F2R	-1.0152884	-4.4197845	0.3099683683528722	0.61415694975788
4323	CD14-	BACH2	-1.0295955	-1.9176067	0.3031999559529628	0.6033217397642712
4324	CD14-	FEZ1	-1.0295955	-3.5343118	0.3031999559529628	0.6033217397642712
4325	CD14-	ZNF10	-1.0295955	-2.1327577	0.3031999559529628	0.6033217397642712
4326	CD14-	TMEM156	-1.0316393	-3.8251226	0.30224112098877876	0.6033217397642712
4327	CD14-	MFHAS1	-1.0321503	-1.0952455	0.3020017278203193	0.6033217397642712
4328	CD14-	MPZL3	-1.0353864	-1.5070401	0.30048850204682953	0.6033217397642712
4329	CD14-	EOMES	-1.036238	-26.169994	0.3000911260760706	0.6033217397642712
4330	CD14-	COMMD1	-1.036238	-0.4595205	0.3000911260760706	0.6033217397642712
4331	CD14-	CD27	-1.036238	-25.892847	0.3000911260760706	0.6033217397642712
4332	CD14-	MAGED1	-1.0370896	-1.2330813	0.29969410062287616	0.6033217397642712
4333	CD14-	HIBCH	-1.0386225	-0.81163627	0.29898033804244606	0.6033217397642712
4334	CD14-	CD8A	-1.0541217	-4.4771857	0.2918271635706713	0.5927266741953531
4335	CD14-	MYO1E	-1.0561657	-0.8074668	0.29089254272775755	0.59185057136305
4336	CD14-	OCIAD2	-1.0561657	-25.633698	0.29089254272775755	0.59185057136305
4337	CD14-	WAKMAR2	-1.0561657	-25.463203	0.29089254272775755	0.59185057136305
4338	CD14-	MMP25-AS1	-1.0561657	-25.380356	0.29089254272775755	0.59185057136305
4339	CD14-	CD226	-1.0588908	-2.015119	0.28964951651225823	0.59185057136305
4340	CD14-	LINC01619	-1.0609347	-0.42954838	0.28871959743437936	0.59185057136305
4341	CD14-	IRF4	-1.061616	-1.3323386	0.2884100720447378	0.59185057136305
4342	CD14-	ORC2	-1.0629785	-0.6084078	0.2877916926113486	0.59185057136305
4343	CD14-	PHLPP1	-1.0665553	-1.4172713	0.28617270447347043	0.5904194744926338
4344	CD14-	PLCG1	-1.0674069	-3.3006306	0.2857881397933504	0.5904194744926338
4345	CD14-	CAMKMT	-1.0735384	-0.74715966	0.2830295864235147	0.5891022896177934
4346	CD14-	EXOC4	-1.0835874	-0.43912092	0.27854775300645895	0.5808016977581485
4347	CD14-	MAN1A1	-1.0835874	-0.35968667	0.27854775300645895	0.5808016977581485
4348	CD14-	INPP4B	-1.0858016	-2.8356917	0.27756675870600045	0.5808016977581485
4349	CD14-	DOP1A	-1.0873345	-0.84059876	0.276888988787365	0.5804303936077384
4350	CD14-	TRAF5	-1.0892081	-3.1526036	0.27606213616720177	0.5797304859511238
4351	CD14-	GZMM	-1.0943178	-3.8622503	0.27381564935369507	0.5760415091948934
4352	CD14-	SPARC	-1.0948287	-1.4090614	0.2735916898120786	0.5760415091948934
4353	CD14-	ZNF708	-1.0978945	-0.57602644	0.27225056245185375	0.5748054963076841
4354	CD14-	ANKRD28	-1.0980648	-1.2982359	0.2721761875361045	0.5748054963076841
4355	CD14-	ZNF141	-1.0987461	-1.3499887	0.27187882695489873	0.5748054963076841
4356	CD14-	FOXN3	-1.100279	-0.19963028	0.2712105791536944	0.5748054963076841
4357	CD14-	C12orf75	-1.1016415	-2.0393758	0.2706175265080303	0.5748054963076841
4358	CD14-	NFATC2	-1.1028339	-1.7591854	0.2700993351559372	0.5748054963076841
4359	CD14-	NCK2	-1.1036854	-0.6947936	0.26972961536244655	0.5748054963076841
4360	CD14-	NEXN	-1.1041964	-1.1594331	0.2695079502130734	0.5748054963076841
4361	CD14-	DST	-1.1047074	-0.9209429	0.26928641009328436	0.5748054963076841
4362	CD14-	ENSG00000306766	-1.1048777	-1.2609775	0.2692125911688441	0.5748054963076841
4363	CD14-	HIVEP2	-1.1115203	-1.1183621	0.266344482803899	0.5748054963076841
4364	CD14-	MGMT	-1.1130531	-0.6545003	0.2656856089114812	0.5748054963076841
4365	CD14-	CD5	-1.1159486	-26.020351	0.26444413359366103	0.5737754632954711
4366	CD14-	DIPK1A	-1.1161189	-0.9030779	0.264371230381094	0.5737754632954711
4367	CD14-	PDE4D	-1.1186738	-0.41464606	0.26327934480501836	0.5733639064642622
4368	CD14-	PATJ	-1.1232724	-1.5858365	0.2613218023087711	0.5712164303254922
4369	CD14-	CCSER2	-1.124635	-0.5072166	0.26074372711300653	0.5710141956888188
4370	CD14-	STOM	-1.1305963	-0.48858172	0.25822505191926104	0.5665534721213638
4371	CD14-	TSPOAP1	-1.1314479	-3.9305627	0.2578666228343901	0.5665534721213638
4372	CD14-	H1-3	-1.1333214	-0.9322035	0.2570792938434817	0.5661521527339597
4373	CD14-	PTGS2	-1.1355356	-0.8303858	0.25615096709717666	0.5651661112688176
4374	CD14-	GRAP2	-1.1433704	-1.8963108	0.2528848276812864	0.561274891366666
4375	CD14-	USP9Y	-1.14848	-1.0875295	0.25077043315145076	0.5595939836548502
4376	CD14-	SLAMF6	-1.1522272	-2.6606712	0.24922774100992084	0.557208789786439
4377	CD14-	LINC00299	-1.1532491	-2.3191237	0.24880816055862953	0.557208789786439
4378	CD14-	TCF4	-1.1580181	-0.95349294	0.2468566505420926	0.5540141622853071
4379	CD14-	CRACR2A	-1.1592103	-0.8615477	0.2463704529545202	0.5539802154388447
4380	CD14-	ATP8B2	-1.1658529	-3.3304124	0.24367392362303242	0.5489665405760271
4381	CD14-	PCED1B-AS1	-1.1668749	-1.4610747	0.24326092034072166	0.5489665405760271
4382	CD14-	CD38	-1.1713032	-2.3736923	0.24147692506606877	0.5461093536109556
4383	CD14-	LAX1	-1.1740284	-4.1343956	0.24038367011450446	0.5446843854617673
4384	CD14-	SMYD3	-1.1745393	-1.3073114	0.24017907368046454	0.5446843854617673
4385	CD14-	RUBCNL	-1.1750503	-1.4972486	0.23997459999793846	0.5446843854617673
4386	CD14-	MAML2	-1.1752206	-0.2826521	0.2399064693783709	0.5446843854617673
4387	CD14-	CCL4	-1.1757315	-26.53324	0.23970215933295203	0.5446843854617673
4388	CD14-	SH2D1A	-1.1757315	-26.23891	0.23970215933295203	0.5446843854617673
4389	CD14-	IFI44L	-1.1777754	-1.2717156	0.23888614598767066	0.5446843854617673
4390	CD14-	ZEB1	-1.1825445	-3.185821	0.2369897423732622	0.5446843854617673
4391	CD14-	RBL1	-1.1835663	-1.7976116	0.23658475826382552	0.5446843854617673
4392	CD14-	AHI1	-1.1914011	-2.1530917	0.23349613112394507	0.5426708502011056
4393	CD14-	ENSG00000298678	-1.1937857	-4.1058216	0.23256181365999518	0.5415696888399095
4394	CD14-	CD6	-1.1956593	-26.03429	0.2318295703435278	0.5409356641348982
4395	CD14-	TBX21	-1.1958295	-4.9530044	0.23176308403248724	0.5409356641348982
4396	CD14-	BBS9	-1.1985546	-0.88141227	0.23070114396811037	0.5404473014073662
4397	CD14-	PARVB	-1.2051972	-0.3812295	0.22812716573191194	0.5364105119192318
4398	CD14-	FTX	-1.209796	-0.40872446	0.22635720674329962	0.5348390802229194
4399	CD14-	PRKCQ	-1.213543	-3.308801	0.22492227916038965	0.5332834683318916
4400	CD14-	MYBL1	-1.2142243	-2.675749	0.22466208295177392	0.5332834683318916
4401	CD14-	EHBP1	-1.2145649	-0.8608567	0.22453206553400462	0.5332834683318916
4402	CD14-	TRGC2	-1.2155869	-26.33839	0.22414233594086985	0.5332834683318916
4403	CD14-	ADGRG5	-1.2155869	-26.090155	0.22414233594086985	0.5332834683318916
4404	CD14-	SLC7A5	-1.2155869	-25.715763	0.22414233594086985	0.5332834683318916
4405	CD14-	GATA3	-1.2155869	-4.569071	0.22414233594086985	0.5332834683318916
4406	CD14-	NEGR1	-1.2198449	-1.6614501	0.2225236684125348	0.5332834683318916
4407	CD14-	DISC1	-1.2244436	-0.5509907	0.22078492598338806	0.5332834683318916
4408	CD14-	ZNF101	-1.2247843	-1.1441545	0.22065651885167226	0.5332834683318916
4409	CD14-	ENSG00000287190	-1.2321081	-1.0991725	0.21790870848206878	0.5305603336954718
4410	CD14-	SLC16A1-AS1	-1.2350036	-1.9380896	0.21682917752483533	0.5290272049153658
4411	CD14-	NLRC3	-1.2353442	-2.6829765	0.2167024273133985	0.5290272049153658
4412	CD14-	ZBTB38	-1.244201	-0.5951969	0.21342561672606142	0.5228927609788505
4413	CD14-	TGFBR1	-1.2520357	-0.34676567	0.21055683849790208	0.5169412151848285
4414	CD14-	ENSG00000268027	-1.2533983	-3.8455913	0.2100607819174357	0.5168022584412226
4415	CD14-	SERPINF1	-1.2549312	-3.1193278	0.20950373003013578	0.5165123407032278
4416	CD14-	SH2D2A	-1.2554421	-26.338726	0.20931828400686214	0.5165123407032278
4417	CD14-	SBK1	-1.2561234	-4.7046604	0.20907120762928433	0.5165123407032278
4418	CD14-	SPON2	-1.267024	-3.405748	0.20514668414912784	0.5100475698929691
4419	CD14-	CISH	-1.2833749	-2.866537	0.19936074102147483	0.4988260243430945
4420	CD14-	ZFYVE28	-1.2833749	-2.968822	0.19936074102147483	0.4988260243430945
4421	CD14-	CHST11	-1.2835453	-0.362197	0.19930110478118312	0.4988260243430945
4422	CD14-	KLRF1	-1.2891659	-3.7058065	0.197340415318917	0.4969428873983862
4423	CD14-	OSBPL3	-1.2935942	-1.1970291	0.19580560173561212	0.49413602498085807
4424	CD14-	ITGA6	-1.2949568	-3.5396247	0.19533511612595544	0.4940088098153195
4425	CD14-	FGFBP2	-1.2952975	-27.537252	0.19521762434477175	0.4940088098153195
4426	CD14-	HDAC9	-1.2959788	-0.4486094	0.1949827962632663	0.4940088098153195
4427	CD14-	SEL1L3	-1.303473	-1.7170256	0.19241334924848708	0.4897794344506944
4428	CD14-	INVS	-1.3123296	-0.8317987	0.1894089241314264	0.4842280321272988
4429	CD14-	DUSP16	-1.3153955	-2.6261444	0.18837702829438308	0.48263918360390956
4430	CD14-	TNRC6B	-1.315736	-0.31558937	0.18826262968713947	0.48263918360390956
4431	CD14-	GALM	-1.3283399	-2.38712	0.18406583570751767	0.47573939075173793
4432	CD14-	STAT4	-1.3343012	-2.6737585	0.18210516795529974	0.471708540782891
4433	CD14-	KLRD1	-1.335834	-4.4086194	0.1816035091350633	0.471447520403608
4434	CD14-	ENSG00000272908	-1.3380482	-2.854355	0.1808807022716835	0.47060996874225625
4435	CD14-	PLEKHA1	-1.3470753	-1.1380794	0.17795597375744565	0.4640271067378184
4436	CD14-	ENSG00000306779	-1.3474159	-1.0013222	0.17784629999552015	0.4640271067378184
4437	CD14-	GZMA	-1.3518443	-3.5401683	0.17642511710474817	0.46208449379773686
4438	CD14-	ZAP70	-1.3542289	-4.087075	0.17566337967853674	0.46111637165615893
4439	CD14-	FKBP11	-1.357976	-2.0278742	0.1744713240681146	0.45901180560201965
4440	CD14-	SPATS2	-1.3647888	-2.1907244	0.17231944111088904	0.4564136548342467
4441	CD14-	CYLD	-1.3685359	-0.38809103	0.17114440003717024	0.45535252136586474
4442	CD14-	ITM2C	-1.3746674	-4.8309226	0.16923456310520035	0.45231783229935363
4443	CD14-	PRKACB	-1.3797771	-0.8152816	0.16765528025326393	0.44911756168072525
4444	CD14-	CD247	-1.3842055	-1.9838883	0.16629554445220018	0.44649214674837306
4445	CD14-	BABAM2	-1.3947655	-0.39517215	0.16308658444605084	0.4388783142072215
4446	CD14-	WDR7	-1.399875	-0.5636306	0.16155072585206098	0.43574232477528374
4447	CD14-	MTURN	-1.4039629	-1.3908235	0.1603299223647091	0.4334436521859722
4448	CD14-	DAB2	-1.4194621	-1.314843	0.1557643379616399	0.4255508183366207
4449	CD14-	RABGEF1	-1.4249125	-0.35187957	0.1541825244325689	0.422654192850119
4450	CD14-	LINC01588	-1.4254234	-1.2078073	0.1540348575499958	0.422654192850119
4451	CD14-	SVIP	-1.4303627	-1.7771138	0.15261294797078964	0.42031106982119115
4452	CD14-	PRF1	-1.4359833	-5.660906	0.15100708767282453	0.41686463639258603
4453	CD14-	PRKCQ-AS1	-1.4370053	-4.988372	0.1507165015513505	0.41686463639258603
4454	CD14-	DENND11	-1.4525045	-2.2403526	0.1463613685434343	0.4069053650285549
4455	CD14-	TC2N	-1.4571033	-4.9576864	0.1450878879253432	0.40432074928958195
4456	CD14-	HLA-DOA	-1.4656193	-1.5925498	0.14275202550815702	0.4009202989451207
4457	CD14-	ETS1	-1.4680039	-2.0532982	0.14210318437279637	0.4007514264326344
4458	CD14-	PCED1B	-1.4806076	-2.3340201	0.1387111587212682	0.39212577561589285
4459	CD14-	SLC4A7	-1.4817998	-0.55168945	0.1383935480541241	0.39212577561589285
4460	CD14-	TRIB2	-1.4884424	-2.9940312	0.13663425063491785	0.38812048006440436
4461	CD14-	THBS1	-1.4966179	-4.629018	0.13449271235246626	0.38389181972451536
4462	CD14-	ANKRD36C	-1.4984914	-1.5788904	0.13400561750310547	0.3834321318337032
4463	CD14-	KIAA1958	-1.5119468	-1.3573036	0.13054738306711394	0.37444810362664877
4464	CD14-	ATG7	-1.5182488	-0.352567	0.12895169906578513	0.3707755454801059
4465	CD14-	KLRK1	-1.520463	-3.7919714	0.12839466471368155	0.37007873946884684
4466	CD14-	PIM2	-1.5235287	-1.1849043	0.12762647633046514	0.36876839352488205
4467	CD14-	AAK1	-1.5240397	-0.54729867	0.1274987932169793	0.36876839352488205
4468	CD14-	SLCO4C1	-1.5420939	-3.1164536	0.12305079703427475	0.35996949580175897
4469	CD14-	LGR6	-1.5483958	-4.0501485	0.12152704974899668	0.35728952626205024
4470	CD14-	SIDT1	-1.5494176	-4.1666756	0.12128135204031909	0.35728952626205024
4471	CD14-	TNIK	-1.5518022	-1.9468381	0.1207095684910651	0.35728952626205024
4472	CD14-	ENSG00000291203	-1.5531647	-0.8467419	0.12038378350464751	0.35728952626205024
4473	CD14-	SPIDR	-1.5727518	-0.3569498	0.1157763127054762	0.3446909968142785
4474	CD14-	GZMB	-1.5742847	-27.59823	0.11542165845969232	0.34450728514872636
4475	CD14-	PVT1	-1.5754769	-1.1378602	0.11514640732170571	0.34450728514872636
4476	CD14-	WDFY4	-1.5770098	-0.6621453	0.11479327191384084	0.34437981574152254
4477	CD14-	PDE4B	-1.5817788	-0.78937256	0.11370007553173009	0.34284945852644766
4478	CD14-	KLRB1	-1.5942123	-27.380835	0.11088849322690146	0.3360950207083405
4479	CD14-	PTK2	-1.5948936	-2.0732305	0.1107360346025839	0.3360950207083405
4480	CD14-	TBC1D4	-1.6066458	-1.2776524	0.10813209165700773	0.3294387041156505
4481	CD14-	LY9	-1.6141399	-26.362707	0.10649707355239789	0.3253001519418699
4482	CD14-	CATIP	-1.6233374	-0.78783846	0.10451731384221714	0.3209200028157895
4483	CD14-	H1-10	-1.6241889	-0.4144393	0.1043354909675694	0.3209200028157895
4484	CD14-	SYNE1	-1.6248702	-0.8578527	0.10419021362777209	0.3209200028157895
4485	CD14-	STK17A	-1.6384959	-1.4335591	0.10131827368229658	0.31598629769073155
4486	CD14-	EEIG1	-1.6454792	-3.2592669	0.09987103550093195	0.3140329886339464
4487	CD14-	SCAPER	-1.6545062	-0.6327884	0.0980246998818171	0.3090537454718952
4488	CD14-	LBH	-1.6558688	-2.4626472	0.09774839159578846	0.3090110443995893
4489	CD14-	CLEC10A	-1.6560391	-2.6466908	0.09771389686307765	0.3090110443995893
4490	CD14-	TCF7	-1.6584237	-3.4884527	0.09723199127263157	0.3090110443995893
4491	CD14-	TNRC6C	-1.6587642	-1.2497036	0.09716330298902486	0.3090110443995893
4492	CD14-	KIF2A	-1.6625113	-0.5100869	0.09641028967621791	0.3089332443030852
4493	CD14-	NME8	-1.6669397	-2.2762287	0.09552639242208542	0.3077781848996506
4494	CD14-	NRP1	-1.6727307	-3.3280377	0.0943803308329527	0.3049210688449241
4495	CD14-	IL7R	-1.6740932	-5.339248	0.09411227740934697	0.3049210688449241
4496	CD14-	PCNX2	-1.6747745	-4.5995016	0.09397847978612629	0.3049210688449241
4497	CD14-	ENSG00000291015	-1.6786919	-1.5306649	0.09321210094513326	0.3044928630874353
4498	CD14-	GOLGA8B	-1.6861861	-2.2245164	0.09175996355731263	0.301423790903351
4499	CD14-	NSMCE2	-1.6960647	-0.6271019	0.08987361854668421	0.2960542728596657
4500	CD14-	ARHGAP10	-1.6984493	-2.4685185	0.08942300256170958	0.2953973343049732
4501	CD14-	PYHIN1	-1.7050918	-3.6892474	0.08817730361378794	0.292102842393844
4502	CD14-	SLA2	-1.7137783	-26.446096	0.086569465069141	0.28758669751782434
4503	CD14-	PRAG1	-1.7137783	-26.040949	0.086569465069141	0.28758669751782434
4504	CD14-	TGFBR3	-1.7137783	-26.99299	0.086569465069141	0.28758669751782434
4505	CD14-	SAMD3	-1.7176956	-5.48054	0.08585214850038725	0.28758669751782434
4506	CD14-	STAT1	-1.7486942	-0.34684452	0.08034389427404207	0.27150695306400424
4507	CD14-	FCMR	-1.7495458	-2.5613763	0.08019671874006067	0.27150695306400424
4508	CD14-	ZNF331	-1.75176	-1.4180771	0.07981508727453897	0.2712790249562365
4509	CD14-	SIGLEC1	-1.7536335	-26.186722	0.07949332242169065	0.2709685425156759
4510	CD14-	ZBTB10	-1.7570399	-1.5745467	0.07891099776104728	0.26976550397381277
4511	CD14-	CD3G	-1.7585728	-5.649478	0.0786500862049021	0.26965743841680717
4512	CD14-	BCL11B	-1.7762864	-3.0096927	0.07568573529235596	0.2617836020700312
4513	CD14-	RHOH	-1.7805444	-3.2244802	0.0749869138457114	0.2601315949337953
4514	CD14-	PCNX1	-1.7817366	-0.5556298	0.07479219086690587	0.2601315949337953
4515	CD14-	EREG	-1.7934889	-26.553793	0.07289479449681671	0.2551317807388585
4516	CD14-	CD3D	-1.7934889	-27.308243	0.07289479449681671	0.2551317807388585
4517	CD14-	ARHGAP18	-1.8001314	-0.8869132	0.07183989492302308	0.25294525877088364
4518	CD14-	MAX	-1.8071146	-0.33243293	0.07074441579624705	0.25058865354333293
4519	CD14-	ATXN1	-1.8186965	-0.46651745	0.06895775145907186	0.2449979326763399
4520	CD14-	TOM1L2	-1.8294268	-1.1611657	0.06733570493134072	0.23995996666441424
4521	CD14-	CCL5	-1.8352177	-4.155851	0.06647344232708091	0.23833161029465597
4522	CD14-	MINDY2	-1.854975	-1.167453	0.06359979478295631	0.23013341127617423
4523	CD14-	PAM	-1.8597441	-1.6044468	0.06292175020646784	0.22908971592200056
4524	CD14-	CTSW	-1.8706446	-3.6129224	0.06139435540698738	0.2242228632255191
4525	CD14-	CD3E	-1.8709853	-4.535727	0.06134712342209404	0.2242228632255191
4526	CD14-	PRDM1	-1.8795013	-2.249909	0.06017606849912806	0.22184030268017116
4527	CD14-	LAT	-1.883589	-2.41671	0.05962058006564541	0.22048365458238678
4528	CD14-	IL32	-1.8972148	-3.9085836	0.05779959083911605	0.21543698289427743
4529	CD14-	THEM4	-1.9028355	-2.1951401	0.05706202037375687	0.21370998713228687
4530	CD14-	DNAAF9	-1.9033464	-0.74771434	0.05699535850098525	0.21370998713228687
4531	CD14-	ABLIM1	-1.908967	-3.7044504	0.056266344676554336	0.2120808376270125
4532	CD14-	TRBC1	-1.9104999	-4.14801	0.056068875551074975	0.21201606960792338
4533	CD14-	IL2RB	-1.9193567	-5.715739	0.054939211420901427	0.20841455687412927
4534	CD14-	LINC00861	-1.9316199	-4.1140256	0.05340644580157161	0.20391552033327343
4535	CD14-	PLAUR	-1.9396249	-0.32781968	0.05242528506728954	0.20082128742388436
4536	CD14-	ERCC8	-1.9496739	-1.3391854	0.0512149932403735	0.19682624853163147
4537	CD14-	BICD1	-1.9529101	-26.299498	0.05083025302174167	0.19598812312645314
4538	CD14-	TRAC	-1.9598932	-6.42623	0.05000826775232864	0.19345303577874498
4539	CD14-	CDC42SE2	-1.9670467	-0.43714705	0.049177818481139855	0.1921365931356162
4540	CD14-	ITK	-1.9997486	-5.285777	0.04552742106412158	0.1784674905713566
4541	CD14-	CST7	-2.012693	-27.759218	0.04414693365418976	0.17421742945411797
4542	CD14-	LONRF3	-2.0191653	-4.9965715	0.04347004637926625	0.17212382000679163
4543	CD14-	RASGRP1	-2.023764	-3.353332	0.042994445784310345	0.17139480760118295
4544	CD14-	SKAP1	-2.029044	-2.604317	0.04245381706478408	0.16981526825913631
4545	CD14-	ATP8B4	-2.039604	-1.5689104	0.041389795963915225	0.1661242322647246
4546	CD14-	ENSG00000226824	-2.0430102	-1.1238916	0.041051417536827145	0.16533036651818056
4547	CD14-	TTC39C	-2.0532296	-1.2345626	0.04005031304478066	0.16281307426800454
4548	CD14-	MAML3	-2.059702	-0.6072919	0.03942705256926927	0.16099379799118285
4549	CD14-	KCNA3	-2.0816734	-2.5658383	0.037372315148349176	0.1531353401200649
4550	CD14-	SPTBN1	-2.0821843	-2.6524875	0.03732563603304964	0.1531353401200649
4551	CD14-	SPOCK2	-2.1165893	-3.4587052	0.034294715708014324	0.1420091044810734
4552	CD14-	TXK	-2.142819	-4.4273233	0.03212764306424547	0.13350568283940872
4553	CD14-	FLT3	-2.1605325	-2.5908227	0.030731480503584103	0.12907221811505323
4554	CD14-	ADAM28	-2.1727955	-2.7744186	0.029795709014075664	0.12559051541416838
4555	CD14-	DENND4A	-2.1768832	-0.628538	0.02948927832171399	0.1247460118932937
4556	CD14-	MIR646HG	-2.18574	-1.6662996	0.02883463262145533	0.12241706845787534
4557	CD14-	RELL1	-2.2024314	-1.1225142	0.027634840051730575	0.11817662509394602
4558	CD14-	CPED1	-2.2117991	-1.8795884	0.02698053965983743	0.11579968846703947
4559	CD14-	PLEKHG2	-2.2150354	-1.2885793	0.026757637928699035	0.11526367107747276
4560	CD14-	TRG-AS1	-2.2320676	-3.4545798	0.025610499571664922	0.11154795368991832
4561	CD14-	FMN1	-2.2426274	-3.1993806	0.024920845973401	0.10935415994298349
4562	CD14-	LCK	-2.2717526	-27.291773	0.02310146189065275	0.10175025911388627
4563	CD14-	FCHSD2	-2.290999	-0.58640945	0.021963477897714533	0.09710169175831689
4564	CD14-	OPTN	-2.2976415	-3.2789652	0.021582205006825693	0.0957761248604793
4565	CD14-	TLK1	-2.3078609	-0.6133355	0.021006882725286793	0.09357611395809572
4566	CD14-	MAP3K5	-2.308031	-0.6050222	0.020997408346046884	0.09357611395809572
4567	CD14-	TXNDC5	-2.3145032	-1.5609639	0.020640130368895088	0.09293786012926611
4568	CD14-	CD96	-2.3189316	-4.3257647	0.02039874165721016	0.09226507764953519
4569	CD14-	CD1C	-2.361853	-2.7918973	0.018183862253153826	0.08320708953194125
4570	CD14-	TUT4	-2.3870604	-1.2382104	0.016983700741036736	0.07832483165278119
4571	CD14-	CD7	-2.3913186	-27.47537	0.016787984722020116	0.07772704737439236
4572	CD14-	SLFN12L	-2.4034114	-3.9026823	0.01624290719525119	0.07550062791152333
4573	CD14-	VEGFB	-2.4069881	-4.271369	0.016084696027640708	0.07506191479565665
4574	CD14-	GNLY	-2.410565	-4.016646	0.015927841086087007	0.07462606022804112
4575	CD14-	CXCL8	-2.4221468	-2.288376	0.015429120706274625	0.07257858380231584
4576	CD14-	FAM13A	-2.4667711	-1.167006	0.01363375128200152	0.0649121113669384
4577	CD14-	CD2	-2.4732432	-4.009404	0.013389297601220032	0.06400737389851527
4578	CD14-	SYNE2	-2.4889128	-3.3710737	0.012813437025548833	0.06201070758043385
4579	CD14-	RUNX2	-2.5452893	-2.7774296	0.010918721185573714	0.05305957071997804
4580	CD14-	CCL3L3	-2.5498881	-5.175152	0.01077575102371875	0.052736414947189864
4581	CD14-	IKZF3	-2.5602777	-4.241174	0.010458855273592913	0.051462819254164294
4582	CD14-	HIP1	-2.5643654	-1.0708182	0.010336465574183834	0.05107430048420247
4583	CD14-	TRBC2	-2.573733	-4.3784137	0.01006078441592339	0.04992186697521479
4584	CD14-	SNCA	-2.5934904	-2.4614105	0.00950071767966349	0.04734255928510281
4585	CD14-	CSGALNACT1	-2.6500373	-2.6939957	0.008048288481126034	0.04062140452276487
4586	CD14-	ADM	-2.6623006	-2.0823417	0.0077608566051923485	0.03933951451597501
4587	CD14-	LIME1	-2.6777997	-3.0967546	0.0074107507891288	0.03772745856283753
4588	CD14-	ENSG00000259135	-2.6967056	-1.9334608	0.007002917729141407	0.035962581875416136
4589	CD14-	BCL2	-2.727704	-4.102205	0.0063776798467594506	0.03304031497704456
4590	CD14-	CD69	-2.7358794	-5.647107	0.006221380314334917	0.032373200219725055
4591	CD14-	ADAM19	-2.8268313	-2.4376707	0.004701107871878547	0.024791492633763103
4592	CD14-	PPM1K	-2.8804827	-1.7349925	0.003970667034057214	0.02103380374797876
4593	CD14-	ENSG00000307645	-2.8845704	-2.9934168	0.0039194804467301845	0.02085660183418415
4594	CD14-	CCDC50	-2.9501443	-1.2537681	0.0031762548458110253	0.017134292195751216
4595	CD14-	ACSL1	-2.9622371	-0.7857002	0.0030541239420303094	0.01655138136326103
4596	CD14-	LUCAT1	-2.9664953	-2.240895	0.0030121501037860977	0.016399483898390976
4597	CD14-	PRKCH	-2.9814835	-2.012315	0.0028685543456905037	0.015690325165265265
4598	CD14-	FCER1A	-2.9903402	-5.6354904	0.0027866679457522916	0.01538554696809716
4599	CD14-	ARHGAP24	-3.0124822	-1.1412697	0.0025912067746114583	0.014441986573189928
4600	CD14-	HLA-DQB1	-3.018273	-0.6495708	0.0025421970306119665	0.014236303371427011
4601	CD14-	ATP2B4	-3.02202	-1.0743308	0.002510938173405661	0.014128532497249076
4602	CD14-	TRERF1	-3.052678	-1.442289	0.0022680909680860436	0.012823437396486477
4603	CD14-	SLC38A1	-3.0952585	-3.3153856	0.00196641398917689	0.01117151135880204
4604	CD14-	PID1	-3.100709	-1.0321409	0.001930580123233057	0.011021175849136287
4605	CD14-	CLEC2D	-3.1344326	-1.8526677	0.0017218681953163509	0.009877643891180628
4606	CD14-	PTMS	-3.1623654	-2.798171	0.0015649308714350382	0.00906580642762367
4607	CD14-	HLA-DRA	-3.206649	-0.09035888	0.0013429072614519132	0.007935974570188192
4608	CD14-	SLC22A15	-3.253317	-1.1081278	0.0011406608581043035	0.006866591254568848
4609	CD14-	DDIT4	-3.2587676	-2.9596279	0.0011189732669982554	0.0068181998030567275
4610	CD14-	DUSP2	-3.264899	-3.8147664	0.001095030789326184	0.006707063584622877
4611	CD14-	CXCR2	-3.320424	-5.4699125	0.0008988082444784248	0.005534023536683913
4612	CD14-	ARL4C	-3.3432472	-1.5079422	0.0008280412103190193	0.005125139280711404
4613	CD14-	PLXDC2	-3.3480163	-0.5430139	0.000813922695718802	0.0050644078844725455
4614	CD14-	PDE7A	-3.3647077	-1.4807154	0.0007662479231951353	0.004793125306795101
4615	CD14-	IGFBP7	-3.4030302	-1.3324037	0.0006664293946017038	0.004191021219527292
4616	CD14-	DENND2D	-3.441693	-3.5825903	0.0005780856000362999	0.0036747495440145337
4617	CD14-	CD74	-3.4440777	-0.061605897	0.0005730110982711691	0.003662288323733124
4618	CD14-	HLA-DRB1	-3.449528	-0.17937025	0.000561567585771398	0.003608762190530951
4619	CD14-	BTG2	-3.535881	-0.5957611	0.00040641753910136664	0.002626082560347292
4620	CD14-	RGCC	-3.5389469	-2.808235	0.00040172663330277614	0.002610113374387098
4621	CD14-	H4C3	-3.5827196	-1.1378124	0.00034003552112795576	0.0022339763846171844
4622	CD14-	SYTL3	-3.6222343	-1.4019136	0.0002920694101784957	0.001929627114437702
4623	CD14-	ELMO1	-3.6832094	-0.88324976	0.00023031572249556192	0.0015302332748857673
4624	CD14-	VAV3	-3.6917255	-1.3035604	0.00022273770959521977	0.0014882928777498776
4625	CD14-	HBEGF	-3.739586	-2.7168336	0.0001843235618258117	0.0012386543354694546
4626	CD14-	RBM47	-3.7576401	-0.79539526	0.00017152331153009193	0.001159261002065449
4627	CD14-	IPCEF1	-3.7683704	-1.3140258	0.00016431675024309165	0.001116973978531074
4628	CD14-	CAMK2D	-3.7789304	-1.790147	0.00015750345651309642	0.0010768840980197756
4629	CD14-	DGKA	-3.8690307	-2.050912	0.00010926892376671105	0.0007648824663669774
4630	CD14-	NUCB2	-3.8818047	-1.6725323	0.00010368411206278111	0.0007301348250648539
4631	CD14-	CCND2	-3.8991776	-4.126776	9.651997066881514e-05	0.0006842611351200118
4632	CD14-	STEAP4	-3.9058201	-27.476595	9.390634721335589e-05	0.0006733772214811374
4633	CD14-	GPR183	-3.9426095	-4.3408318	8.059978341235133e-05	0.0005850947240304022
4634	CD14-	PIM1	-3.9625373	-1.8311903	7.415741813262366e-05	0.000541671575925251
4635	CD14-	RCAN3	-3.9627075	-2.6996648	7.410451485354529e-05	0.000541671575925251
4636	CD14-	RUNX1	-3.975141	-1.1446285	7.033753887330924e-05	0.0005202323629874947
4637	CD14-	RGS2	-3.9891076	-0.59353757	6.632236201384585e-05	0.0004936398590397641
4638	CD14-	CMIP	-4.0574064	-0.53054684	4.9620661165581406e-05	0.0003716808759918709
4639	CD14-	TNFAIP3	-4.1965594	-1.603704	2.7100030802236993e-05	0.00020694568976253704
4640	CD14-	ITGB7	-4.266562	-4.478973	1.9850856286654895e-05	0.00015257913067389644
4641	CD14-	TRPS1	-4.322257	-1.4145025	1.5444114496450976e-05	0.00012108185765217565
4642	CD14-	PHACTR2	-4.405885	-1.2041044	1.0535284395962146e-05	8.428227516769717e-05
4643	CD14-	TLE5	-4.44029	-0.7109719	8.983772508338572e-06	7.23624415740148e-05
4644	CD14-	FRMD4B	-4.6657963	-2.3883178	3.074244141045645e-06	2.5106327151872768e-05
4645	CD14-	IRS2	-4.6736307	-1.1115698	2.9592091783105045e-06	2.4335874081770305e-05
4646	CD14-	KIF13A	-4.7475505	-1.2613804	2.0589489581346056e-06	1.7172510459335436e-05
4647	CD14-	MLLT6	-4.753682	-1.6702914	1.9974494997352295e-06	1.677857579777593e-05
4648	CD14-	PLCB1	-4.8213	-1.5076282	1.4262571138956975e-06	1.2154191057545943e-05
4649	CD14-	TAGLN2	-4.8390136	-0.7438173	1.3048523995153522e-06	1.1200776801679228e-05
4650	CD14-	ENSG00000302489	-4.874781	-1.0651864	1.0892923063194321e-06	9.488946312827052e-06
4651	CD14-	NRGN	-4.9665847	-1.0352546	6.814238192755945e-07	6.164264703600763e-06
4652	CD14-	ARHGAP26	-5.0587287	-0.9653053	4.220611275960321e-07	3.9392371908963e-06
4653	CD14-	SLC40A1	-5.125665	-3.61842	2.9648930086246184e-07	2.8815819654070673e-06
4654	CD14-	CCL3	-5.130945	-3.829179	2.882911060554638e-07	2.825252839343545e-06
4655	CD14-	SERINC5	-5.1401424	-2.5388224	2.7453032594459433e-07	2.7130055740406968e-06
4656	CD14-	BCL9L	-5.148999	-2.4083343	2.6188008313030633e-07	2.6099235403494935e-06
4657	CD14-	ACAP1	-5.301948	-3.6015513	1.1457339254517013e-07	1.1516094840437613e-06
4658	CD14-	DPYD	-5.305525	-0.81218845	1.1234923093604376e-07	1.1389887550067885e-06
4659	CD14-	SOCS3	-5.5570903	-2.7274332	2.743089694942335e-08	2.8547552931435274e-07
4660	CD14-	MIR23AHG	-5.560156	-1.676619	2.6953357461591145e-08	2.8301025334670706e-07
4661	CD14-	PADI4	-5.6466794	-2.4979208	1.6357635009101067e-08	1.7978111000656873e-07
4662	CD14-	AOAH	-5.7160006	-0.77532244	1.09060416594305e-08	1.221476665856216e-07
4663	CD14-	NFKBIA	-5.7638607	-0.97575426	8.221116383736366e-09	9.478463595366633e-08
4664	CD14-	NIBAN1	-6.127157	-2.0916	8.946296655494787e-10	1.0627116027133202e-08
4665	CD14-	IL1RN	-6.169908	-2.1315224	6.832966632452926e-10	8.199559958943512e-09
4666	CD14-	HSPA5	-6.2034616	-0.9296938	5.523453368103898e-10	6.696475423598128e-09
4667	CD14-	ENSG00000290039	-6.203802	-1.3158059	5.511504732526053e-10	6.696475423598128e-09
4668	CD14-	GPR141	-6.291007	-2.9750338	3.154131370071303e-10	3.988449990541776e-09
4669	CD14-	CPVL	-6.4890914	-0.9067449	8.635564293917981e-11	1.1159806164447851e-09
4670	CD14-	TEX14	-6.61019	-1.5072657	3.8382684256754483e-11	5.015337409549253e-10
4671	CD14-	CXCR4	-6.6801925	-2.6133246	2.3862881615506795e-11	3.2256033080271255e-10
4672	CD14-	CXXC5	-6.7486615	-4.1738358	1.4921500876111126e-11	2.064433532977257e-10
4673	CD14-	ZFP36L1	-6.807082	-0.98176265	9.959808518001768e-12	1.3943731925202476e-10
4674	CD14-	CYP1B1	-6.969058	-2.7538934	3.1906974484030728e-12	4.575927072343919e-11
4675	CD14-	ALOX5AP	-7.023391	-4.8468637	2.165473455611002e-12	3.143946646664862e-11
4676	CD14-	APP	-7.3858356	-1.6957413	1.5149879263232182e-13	2.3137997420209148e-12
4677	CD14-	FCN1	-7.5312905	-0.5554284	5.024126045757453e-14	7.984286797041574e-13
4678	CD14-	HMGB2	-7.765653	-1.3956553	8.122541631962251e-15	1.3645869941696584e-13
4679	CD14-	ACTN1	-7.877214	-2.428423	3.3476086965391136e-15	5.875802727059698e-14
4680	CD14-	TPM4	-8.00206	-0.9968183	1.2235467914598277e-15	2.2136785027027036e-14
4681	CD14-	F13A1	-8.0197735	-3.275573	1.0594030917890603e-15	1.9466531811623983e-14
4682	CD14-	MEGF9	-8.283432	-1.3793964	1.1967560905473922e-16	2.26997606852215e-15
4683	CD14-	EGR1	-8.302678	-3.1947434	1.0179041220360446e-16	1.9623856516629317e-15
4684	CD14-	PARP8	-8.902552	-2.4334753	5.457731376667403e-19	1.1461235891001546e-17
4685	CD14-	PLBD1	-9.450988	-2.188208	3.3564791403382918e-21	7.894438938075662e-20
4686	CD14-	FOSB	-9.539896	-2.0488615	1.4297585924174447e-21	3.5029085514227397e-20
4687	CD14-	CEBPD	-9.850223	-1.6016685	6.839260779390703e-23	1.748471886209449e-21
4688	CD14-	SLC2A3	-10.00266	-3.094387	1.4835715619783456e-23	3.965182174742124e-22
4689	CD14-	MNDA	-10.197509	-1.6062804	2.0342418536143967e-24	5.563414929884954e-23
4690	CD14-	S100A9	-10.649713	-3.029551	1.749037362695987e-26	5.559102536568867e-25
4691	CD14-	LYZ	-10.968555	-2.3350594	5.413035350736076e-28	1.92900896135322e-26
4692	CD14-	S100A12	-11.0750065	-4.929349	1.6586820743205072e-28	6.095656623127864e-27
4693	CD14-	MCL1	-11.42604	-1.366382	3.0992379094953256e-30	1.2149012605221676e-28
4694	CD14-	IER2	-11.596021	-1.9097061	4.316870198818889e-31	1.750565294417591e-29
4695	CD14-	CD36	-11.632299	-2.7961555	2.8238658178865943e-31	1.1860236435123696e-29
4696	CD14-	VCAN	-11.653249	-3.1439881	2.2087390196357623e-31	9.620285507746876e-30
4697	CD14-	FOS	-11.714565	-2.0851452	1.0734087230254085e-31	4.855110224145694e-30
4698	CD14-	S100A8	-11.753739	-3.756765	6.756188178240445e-32	3.178110919044306e-30
4699	CD14-	CSF3R	-11.984695	-2.685899	4.274128598541069e-33	2.094323013285124e-31
4700	CD14-	JUN	-12.142413	-2.1105943	6.294178988027271e-34	3.2182410825739435e-32
4701	CD14-	CD14	-12.19862	-3.7258368	3.161380623223708e-34	1.6899016422323092e-32
4702	CD14-	MS4A6A	-12.367238	-3.4831827	3.9310702242394226e-35	2.2013993255740767e-33
4703	CD14-	SELL	-13.684507	-3.2171621	1.2565622734514746e-42	8.209540186549634e-41
